{"type": "FeatureCollection", "features": [{"type": "Feature", "id": 1, "geometry": {"type": "Polygon", "coordinates": [[[70.82589533714611, 31.243628946342888], [70.82588839497879, 31.243268214890385], [70.8254685417339, 31.243274178756224], [70.82545466096192, 31.242552715617823], [70.82503481078047, 31.242558677945215], [70.82502787217572, 31.242197946259317], [70.82460802346357, 31.242203907132527], [70.82460108657763, 31.241843175340804], [70.82418123933479, 31.241849134759853], [70.8241743041676, 31.241488402862327], [70.82375445839409, 31.241494360827264], [70.82374752494556, 31.241133628823935], [70.82290783621258, 31.241145540475735], [70.82289397606532, 31.240424076067665], [70.82247413469979, 31.24043002967049], [70.82246720640697, 31.24006929734991], [70.8220473665108, 31.240075249498766], [70.82203351348659, 31.23935378462454], [70.82161367665363, 31.239359735235436], [70.82157213013237, 31.23719533958904], [70.82115230273743, 31.237201288325945], [70.82113153593843, 31.23611908995851], [70.82029189033695, 31.236130982819194], [70.82028497150668, 31.23577024981879], [70.81986515011292, 31.235776194110663], [70.8198582330006, 31.235415461004642], [70.819438413076, 31.235421403842917], [70.81943149768158, 31.23506067063134], [70.81901167922616, 31.235066612016062], [70.81900476554958, 31.23470587869891], [70.81858494856334, 31.23471181863012], [70.81856421305979, 31.233629618297122], [70.8181444007296, 31.233635556607094], [70.81813749073702, 31.233274823035618], [70.81771767987595, 31.23328075989218], [70.81771077160099, 31.232920026215204], [70.81729096220907, 31.2329259616184], [70.8172771492184, 31.232204494031865], [70.81685734288894, 31.232210427897897], [70.81682282055154, 31.230406758133885], [70.81640302206401, 31.230412690211462], [70.81639611956211, 31.230051956109975], [70.81597632254362, 31.230057886734397], [70.81596942175892, 31.22969715252749], [70.81554962620946, 31.229703081698805], [70.8155220306837, 31.228260144319844], [70.81510224138233, 31.228266071786866], [70.81508155081934, 31.227183868274327], [70.81592111974041, 31.227172012473478], [70.81594181986102, 31.228254215483556], [70.81636160891428, 31.228248285278006], [70.81636851079561, 31.228609019487667], [70.81678830131776, 31.22860308782906], [70.81675378518736, 31.22679941698344], [70.8171735676207, 31.226793484374618], [70.81718047219138, 31.227154218503195], [70.81802003987131, 31.22714234901035], [70.81801313211487, 31.226781615049468], [70.82053182261544, 31.226745974213806], [70.82053873992908, 31.227106707671194], [70.82095852283685, 31.227100762655844], [70.82097236102307, 31.22782222933775], [70.82181193283694, 31.227810334863424], [70.82179116618696, 31.226728135312207], [70.82221094712854, 31.226722186273346], [70.82220402356799, 31.22636145313038], [70.82178424421923, 31.22636740208519], [70.82177040065717, 31.225645935566238], [70.82135062436949, 31.22565188298387], [70.82133678449074, 31.22493041621033], [70.82091701126407, 31.22493636209085], [70.82093084795736, 31.225657829032386], [70.82051107142085, 31.2256637737118], [70.82051798836133, 31.226024507234104], [70.81967843172963, 31.22603639265352], [70.81968534560889, 31.22639712632209], [70.8188457852943, 31.226409006432828], [70.81883887460066, 31.22604827259641], [70.81841909584976, 31.226054210514157], [70.81840527802079, 31.225332742608682], [70.8179855023312, 31.22533867898955], [70.81797859519578, 31.224977944920496], [70.81755882097472, 31.224983879848427], [70.81755191555621, 31.224623145673892], [70.81713214280367, 31.22462907914891], [70.81711833552448, 31.2239076105673], [70.81669856583311, 31.223913542505652], [70.8166847622357, 31.223192073669907], [70.81626499560542, 31.223198004071655], [70.81625809558544, 31.222837269537564], [70.81541856513783, 31.222849126066595], [70.81541166842699, 31.222488391343358], [70.81373261241397, 31.22251208763897], [70.81372572219719, 31.22215135255931], [70.81330595947665, 31.222157273127177], [70.81329907097626, 31.221796537942257], [70.81287930972432, 31.22180245705755], [70.81286553628006, 31.22108098645558], [70.81244577808918, 31.221086904034742], [70.81243889314521, 31.220726168617706], [70.81201913642293, 31.220732084744387], [70.81201225319516, 31.220371349222166], [70.81159249794149, 31.220377263896417], [70.81158561642985, 31.220016528268992], [70.81116586264478, 31.22002244149085], [70.81115898284922, 31.21966170575826], [70.81073923053276, 31.219667617527747], [70.81073235245321, 31.219306881690013], [70.8098928506339, 31.219318700955576], [70.80987910121488, 31.218597228881254], [70.80945935330429, 31.2186031362939], [70.80945248037244, 31.218242400140852], [70.80861298736497, 31.21825421069299], [70.8086061177411, 31.217893474351442], [70.80818637264424, 31.217899377490994], [70.80817263695141, 31.217177904576246], [70.80775289491537, 31.217183806180287], [70.80773916290073, 31.216462333012302], [70.80731942392543, 31.216468233080928], [70.80729883160559, 31.215386022916746], [70.80771856580479, 31.21538012309822], [70.80771170035308, 31.215019386416973], [70.80687223501516, 31.215031184518722], [70.80686537287079, 31.21467044764915], [70.80644564160868, 31.21467634456384], [70.80642506069165, 31.213594133575484], [70.80600533408183, 31.2136000288717], [70.80599161727096, 31.212878554604806], [70.80515217004864, 31.212890340758644], [70.80514531501177, 31.212529603426226], [70.80472559280746, 31.2125354943672], [70.80470503321169, 31.211453281990593], [70.80428531565933, 31.211459171313447], [70.80427161306164, 31.210737696121235], [70.8046913274307, 31.210731806964827], [70.80467762214266, 31.210010331852633], [70.80425791095682, 31.210016220842594], [70.8042442093448, 31.209294745477546], [70.80466391734755, 31.209288856654023], [70.8046707696835, 31.20964959426413], [70.80509047915454, 31.20964370398908], [70.80510418737926, 31.210365178978016], [70.80594361231783, 31.210353393989983], [70.80593675496068, 31.209992656672863], [70.8067761762228, 31.20998086637815], [70.80678303676312, 31.210341603528665], [70.8072027488007, 31.210335706245512], [70.807209611056, 31.210696443291063], [70.80762932456177, 31.210690544556243], [70.8076361885321, 31.211051281496825], [70.80973476216703, 31.211021766880545], [70.80972789023858, 31.21066103035703], [70.81056731564445, 31.210649215099014], [70.81058106599146, 31.21137068779048], [70.81100078169221, 31.211364777941956], [70.81100765864285, 31.211725514171757], [70.81184709285665, 31.21171369020251], [70.81184021272267, 31.21135295413979], [70.81225992805231, 31.21134704018617], [70.81226680977797, 31.21170777616532], [70.81268652657553, 31.211701860759742], [70.81269341001662, 31.21206259663368], [70.8131131282821, 31.2120566797761], [70.81312001343869, 31.212417415544813], [70.81353973317208, 31.21241149723522], [70.81355350704025, 31.213132968540506], [70.8139732298333, 31.21312704869518], [70.8139870073805, 31.213848519746676], [70.8144067332333, 31.213842598365577], [70.81442051445978, 31.21456406916324], [70.81484024337239, 31.214558146246254], [70.8148540282784, 31.21527961679005], [70.81527376025093, 31.21527369233711], [70.8152875488367, 31.21599516262697], [70.81570728386919, 31.215989236638006], [70.81571417994007, 31.216349971666766], [70.81655365281706, 31.216338115415482], [70.81656055219604, 31.216698850255103], [70.81698029004049, 31.216692919992735], [70.81698719113561, 31.217053654726932], [70.81740693044804, 31.21704772301212], [70.81741383325937, 31.217408457640882], [70.81783357403977, 31.21740252447358], [70.81784047856736, 31.217763258996865], [70.8182602208157, 31.217757324377054], [70.81826712705961, 31.218118058794854], [70.81868687077595, 31.218112122722474], [70.81869377873622, 31.218472857034783], [70.81911352392048, 31.21846691950979], [70.81913425332337, 31.219549122065246], [70.8195540031601, 31.219543182919793], [70.81956091480187, 31.21990391697777], [70.8199806661066, 31.219897976379592], [70.81998757946498, 31.220258710332004], [70.82166658980968, 31.220234933915393], [70.82165967008207, 31.219874200298914], [70.82207942076492, 31.219868252856752], [70.82208634208486, 31.2202289863892], [70.82166658980968, 31.220234933915393], [70.82168734973916, 31.22131713463501], [70.82294662052252, 31.221299287193542], [70.82295354552515, 31.221660020471308], [70.82253378712943, 31.221665971071406], [70.82254071066414, 31.222026704411626], [70.82170119031434, 31.222038601673248], [70.82172887295805, 31.223481535490098], [70.82214863956527, 31.22347558720759], [70.82216940763264, 31.224557787090916], [70.82258917889325, 31.224551837187253], [70.82260302807931, 31.22527330349984], [70.82302280240079, 31.225267352058978], [70.82303665527041, 31.225988818116836], [70.82345643265282, 31.225982865138704], [70.82344950456297, 31.225622132204688], [70.82428905576853, 31.225610222309314], [70.8242959870439, 31.225970955075073], [70.82387620991067, 31.225976910791445], [70.82389006964969, 31.22669837642632], [70.82347028920626, 31.22670433094181], [70.82349107497079, 31.227786529484167], [70.82433064529027, 31.227774618579243], [70.8243375773135, 31.228135351215137], [70.82391779062313, 31.228141307436353], [70.82392472117802, 31.228502040134753], [70.82308514423754, 31.228513948637712], [70.8230989993492, 31.229235414306043], [70.82267920750607, 31.229241366671804], [70.82268613365571, 31.229602099557596], [70.82352572040347, 31.229590193288583], [70.8235326498638, 31.229950925984543], [70.8243722392993, 31.229939014070016], [70.82438610496621, 31.230660479060464], [70.82354650915825, 31.230672391311533], [70.82358115957499, 31.232476054250267], [70.8244207713151, 31.232464141157813], [70.82441383779599, 31.232103408781636], [70.82525344585088, 31.232091490379684], [70.82523957281376, 31.231370025899093], [70.8269187746808, 31.23134617333579], [70.82691183197663, 31.230985441399966], [70.826072234479, 31.230997370251917], [70.82605141667416, 31.229915173809037], [70.82563162251753, 31.229921135928272], [70.82562468509187, 31.22956040365313], [70.82520489240356, 31.229566364318842], [70.82519795669566, 31.229205631937848], [70.82561774779094, 31.229199671356348], [70.8256038735633, 31.22847820669784], [70.82476429762002, 31.228490126154792], [70.82475736387921, 31.228129393624695], [70.82517715032024, 31.228123434665022], [70.82517021511119, 31.22776270219746], [70.8260097844333, 31.227750780338845], [70.82599590801777, 31.22702931567562], [70.82683547046935, 31.22701738867717], [70.82682852926305, 31.22665665648158], [70.8276680880297, 31.22664472417505], [70.82767503242165, 31.227005456202054], [70.82725525150792, 31.227011423124193], [70.82727608065431, 31.22809361932826], [70.82853543735679, 31.228075713695535], [70.82854933363636, 31.228797177217444], [70.82812954500785, 31.22880314729957], [70.82812259839858, 31.228442415465114], [70.82728302395282, 31.228454351352987], [70.82728996737616, 31.228815083356054], [70.82645038924504, 31.228827013935515], [70.82645732960724, 31.229187746085486], [70.82603753876147, 31.229193709405553], [70.82605141667416, 31.229915173809037], [70.82647121070602, 31.229909210320482], [70.82647815144261, 31.230269942405506], [70.82731774231807, 31.230258011151896], [70.82732468636571, 31.230618743046744], [70.82774448320927, 31.230612775281635], [70.8277514289749, 31.23097350707052], [70.82901082353555, 31.230955595306035], [70.82902472500058, 31.231677058312837], [70.82818512237903, 31.231689001195928], [70.82817817477041, 31.231328269534657], [70.82775837486543, 31.231334238837754], [70.82776532088084, 31.231694970583355], [70.82734551925778, 31.23170093860138], [70.82735246380487, 31.232061670409617], [70.8269326604637, 31.232067637142507], [70.82693960354239, 31.23242836901339], [70.82568018799016, 31.232446261248167], [70.82570100363546, 31.23352845748915], [70.82528119342186, 31.233534419081106], [70.82529506795576, 31.23425588330195], [70.8244554407808, 31.23426780271405], [70.8244485066383, 31.233907070446094], [70.8240286944572, 31.23391302801365], [70.82404255968001, 31.234634492696234], [70.8236227441874, 31.234640449062514], [70.82369899429632, 31.23860850419453], [70.82411882731873, 31.23860254690273], [70.82413963020193, 31.239684743049946], [70.82455946788109, 31.239678784135876], [70.82458027666813, 31.240760979835752], [70.82500011900429, 31.240755019299286], [70.8250139953405, 31.24147648282261], [70.82543384073985, 31.241470520747836], [70.82544772076312, 31.24219198401613], [70.82586756922574, 31.24218602040297], [70.82587451101861, 31.24254675192043], [70.82629436095047, 31.24254078685304], [70.82631519186035, 31.24362298102276], [70.82589533714611, 31.243628946342888]], [[70.82152366485549, 31.234670210350178], [70.82194348097096, 31.23466426083183], [70.82191578289205, 31.233221329698218], [70.82233559250935, 31.2332153791465], [70.82232866670756, 31.23285464639303], [70.822748474607, 31.232848694555866], [70.82272769316894, 31.231766496417897], [70.8218880868052, 31.231778398218363], [70.82189501064018, 31.23213913112078], [70.8214752056783, 31.23214508005089], [70.82148212804447, 31.232505813015706], [70.82106232136483, 31.23251176066039], [70.82109000570084, 31.23395469263932], [70.82150981875391, 31.233948744658576], [70.82152366485549, 31.234670210350178]], [[70.82402176203277, 31.233552295639903], [70.82444157262049, 31.23354633815649], [70.82443463872735, 31.23318560584525], [70.82401482973299, 31.23319156324451], [70.82402176203277, 31.233552295639903]], [[70.8197890687177, 31.231808128754416], [70.82020887258402, 31.231802185386083], [70.82019503803329, 31.231080718844282], [70.81977523735341, 31.231086662044714], [70.8197890687177, 31.231808128754416]], [[70.82229403956647, 31.23105098230116], [70.82271383949967, 31.231045030884356], [70.82270691285186, 31.230684298085126], [70.82228711451184, 31.230690249417872], [70.82229403956647, 31.23105098230116]], [[70.8226999863286, 31.230323565264253], [70.82311978295094, 31.230317612646232], [70.82311285495912, 31.229956879887816], [70.82269305992988, 31.229962832421748], [70.8226999863286, 31.230323565264253]], [[70.8193346952148, 31.230010403397117], [70.8197544912396, 31.23000446181788], [70.81973374624488, 31.228922261396328], [70.81931395499927, 31.22892820272377], [70.81932086828014, 31.229288936303174], [70.8189010753172, 31.22929487634524], [70.81890798712932, 31.22965560998693], [70.81932778168533, 31.22964966986097], [70.8193346952148, 31.230010403397117]], [[70.82263072794565, 31.226716235865332], [70.82305050863823, 31.226710284088146], [70.82304358189204, 31.226349551113323], [70.82262380279228, 31.226355502806413], [70.82263072794565, 31.226716235865332]], [[70.81622359734658, 31.22103359654264], [70.8166433544219, 31.221027666643582], [70.81663645355394, 31.22066693206348], [70.81621669807102, 31.220672861878757], [70.81622359734658, 31.22103359654264]], [[70.81276225123622, 31.215669954183976], [70.81318198542017, 31.21566403649027], [70.81316821300193, 31.214942565320396], [70.81358794387812, 31.214936646425354], [70.81358105626282, 31.21457591089163], [70.81232186803854, 31.214593663220214], [70.81232875087807, 31.214954399004796], [70.81274848200191, 31.21494848284686], [70.81276225123622, 31.215669954183976]], [[70.80771170035308, 31.215019386416973], [70.80897089743394, 31.215001679000064], [70.80896402732984, 31.214640942547405], [70.80770483502481, 31.214658649714114], [70.80771170035308, 31.215019386416973]]]}, "properties": {"direction": "decrease", "areaHa": 211.68, "before": -10.909991264343262, "after": -19.279233932495117, "change": -8.369242668151855, "clearObservationsBefore": 3.0, "clearObservationsAfter": 2.0, "centroid": [70.81704514563367, 31.22378275255402]}}, {"type": "Feature", "id": 2, "geometry": {"type": "Polygon", "coordinates": [[[70.78965996100507, 30.991550763065646], [70.78965322380307, 30.991190010265885], [70.78881571664812, 30.99120161554116], [70.78880898271613, 30.990840862555235], [70.7900652385436, 30.9908234528544], [70.79005176159771, 30.990101947312155], [70.79047051014895, 30.990096141530074], [70.7904502909176, 30.98901388330267], [70.79086903462483, 30.989008076411213], [70.79086229354965, 30.988647323708154], [70.79128103556131, 30.988641515542604], [70.79126755062693, 30.987920010236863], [70.79168628936895, 30.987914200879676], [70.79167280177214, 30.987192695652844], [70.79209153724462, 30.987186885104126], [70.79207804698564, 30.986465379956222], [70.79249677918864, 30.986459568216024], [70.79248328626768, 30.985738063147107], [70.79290201520132, 30.985732250215523], [70.7928885196186, 30.985010745225615], [70.79330724528296, 30.98500493110269], [70.79330049610006, 30.98464417865802], [70.79371922006904, 30.984638363261336], [70.7937057189203, 30.983916858472522], [70.79412443962013, 30.983911041884667], [70.79411093581022, 30.983189537174983], [70.79494837055013, 30.98317790026083], [70.79494161568022, 30.982817148038897], [70.79536033129403, 30.982811327630124], [70.79534681877188, 30.98208982328697], [70.79576553111673, 30.982084001687255], [70.79575877346457, 30.98172324956606], [70.79659619464194, 30.981711602463516], [70.79658943396436, 30.981350850486123], [70.79700814279686, 30.98134502498336], [70.79700138066751, 30.980984273067133], [70.79742008780468, 30.980978446290962], [70.79740656076437, 30.98025694255943], [70.79782526463276, 30.980251114592612], [70.79779820572023, 30.97880810720243], [70.79821690317318, 30.978802278210495], [70.79818983991682, 30.97735927080725], [70.79777114875701, 30.977365099468255], [70.79771027771623, 30.97411833080877], [70.79687292334705, 30.97412998257458], [70.79688644310029, 30.9748514872024], [70.79646776258704, 30.97485731121706], [70.79648127968116, 30.975578815924216], [70.79564391199725, 30.975590460216846], [70.79563040119541, 30.974868955179133], [70.79521172031707, 30.974874775126537], [70.79520496667168, 30.97451402249282], [70.79478628724473, 30.974519841001882], [70.79477953529397, 30.974159088264084], [70.79394217922129, 30.974170721049862], [70.7939354305381, 30.97380996812546], [70.79435410706226, 30.973804152492985], [70.79434735692767, 30.973443399629645], [70.79476603175729, 30.97343758272403], [70.79475928017136, 30.973076829921766], [70.79517795330646, 30.973071011743052], [70.79517120026927, 30.972710259001886], [70.79558987170985, 30.972704439550125], [70.7955763628546, 30.971982934168516], [70.79599503102787, 30.971977113526375], [70.79598827520992, 30.971616360885953], [70.79640694168869, 30.971610538970843], [70.79640018441967, 30.971249786391574], [70.79681884920396, 30.97124396320355], [70.7968120904839, 30.970883210685443], [70.79723075357371, 30.97087738622454], [70.79723751386652, 30.971238138659956], [70.79933083535231, 30.97120899560871], [70.79932406719585, 30.970848243586968], [70.79974272955468, 30.97084241099285], [70.79973595994744, 30.97048165903242], [70.80015462061164, 30.97047582516559], [70.80014784955364, 30.970115073266467], [70.80056650852322, 30.97010923812696], [70.80055296362787, 30.96938773442988], [70.80097161933021, 30.969381898100593], [70.80095807177763, 30.96866039448322], [70.80137672421286, 30.968654556964218], [70.80136994904706, 30.96829380520615], [70.80178859978773, 30.96828796641463], [70.80178182317147, 30.967927214717946], [70.80220047221758, 30.96792137465394], [70.80219369415093, 30.967560623018656], [70.80512422304666, 30.967519705201255], [70.8051174340951, 30.96715895412536], [70.80553607901889, 30.96715310338456], [70.80552928861722, 30.96679235237022], [70.80594793184632, 30.966786500357188], [70.80594113999462, 30.966425749404404], [70.80635978152901, 30.966419896119177], [70.80634619504796, 30.96569839431529], [70.80676483331538, 30.965692539841], [70.80675803868613, 30.965331788989914], [70.80717667525889, 30.965325933243527], [70.80718347146042, 30.965686684011473], [70.80760210948303, 30.96568082682672], [70.80760890737926, 30.966041577490014], [70.80802754685175, 30.96603571886685], [70.80801394803714, 30.965314217685098], [70.80759531170924, 30.96532007614192], [70.80758851405788, 30.96495932543562], [70.80842578344678, 30.96494760733312], [70.80841898277345, 30.964586856771657], [70.80883761571197, 30.96458099577082], [70.80883081358895, 30.964220245271065], [70.81008670695276, 30.96420265438729], [70.81007990023583, 30.96384190411575], [70.8113357877798, 30.96382430128553], [70.81132897646914, 30.963463551242405], [70.81174760383303, 30.96345768100542], [70.81176122972123, 30.964179180903486], [70.81217986010662, 30.96417330914468], [70.81218667480697, 30.964534058978085], [70.81260530664177, 30.964528185780754], [70.81259849036928, 30.964167436030724], [70.81343575052622, 30.964155685737403], [70.81342893123225, 30.96379493613269], [70.81510344378349, 30.963771419618265], [70.81509661832398, 30.963410670325885], [70.81467799194259, 30.963416551403665], [70.81467116817808, 30.963055802006277], [70.81425254324586, 30.9630616816455], [70.81423207740578, 30.961979433073825], [70.81548793768565, 30.96196179084239], [70.8155015908881, 30.96268328941073], [70.8159202138795, 30.96267740578983], [70.81593387071788, 30.963398904105038], [70.81635249673036, 30.963393018961966], [70.81635932690614, 30.963753768003745], [70.81677795436767, 30.963747881422027], [70.81678478623857, 30.964108630358698], [70.81720341514917, 30.964102742338284], [70.81719658170616, 30.963741993485193], [70.81761520892155, 30.963736104193256], [70.81760837402953, 30.963375355402256], [70.81677112261981, 30.963387132463815], [70.81676429099501, 30.9630263834841], [70.81802016320879, 30.963008716109947], [70.81800649089628, 30.962287218587594], [70.81716924916488, 30.962298997857626], [70.81717608211558, 30.962659746796803], [70.81675745949326, 30.962665634482853], [70.81675062811455, 30.96230488546011], [70.81633200694118, 30.96231077170754], [70.81631151825916, 30.96122852425944], [70.81798598335102, 30.961204972142657], [70.81797914774884, 30.960844223284646], [70.8196536045832, 30.960820649823063], [70.81966044647284, 30.961181398346397], [70.82049767729445, 30.961169603318474], [70.82050452245113, 30.961530351652822], [70.82008590553008, 30.961536249927992], [70.82009959306947, 30.9622577466996], [70.81968097288127, 30.96226364378725], [70.81969465776979, 30.962985140640182], [70.81927603431433, 30.962991036540213], [70.81928971655172, 30.963712533474485], [70.81887108982893, 30.963718428186827], [70.818884769415, 30.964439925202367], [70.81804750931143, 30.964451710896395], [70.81805434614495, 30.964812459539207], [70.81847297783048, 30.96480656728612], [70.81848665501134, 30.965528064339857], [70.8189052897181, 30.96552217056426], [70.81891213006554, 30.96588291897518], [70.81849349378655, 30.96588881283444], [70.81851401085123, 30.966971058189063], [70.81809536973215, 30.966976950944066], [70.81811588318834, 30.968059196355956], [70.81769723722894, 30.968065088006586], [70.81770407372154, 30.968425836517795], [70.81728542606658, 30.968431726896714], [70.81729909627622, 30.96915322402182], [70.81688044535315, 30.969159113212584], [70.81688727907012, 30.96951986182645], [70.81646862645141, 30.969525749745397], [70.8164754587189, 30.969886498421324], [70.8160568044046, 30.969892385068412], [70.81606363522255, 30.97025313380639], [70.8156449792126, 30.970259019181583], [70.81565180858097, 30.97061976798158], [70.81481449304685, 30.970631534832645], [70.81482814586192, 30.971353032702115], [70.81440948476508, 30.971358914261405], [70.81441630978432, 30.97171966324737], [70.81399764699184, 30.971725543534596], [70.81400447056127, 30.972086292582492], [70.81316714146216, 30.972098049257244], [70.81317396200895, 30.9724587984505], [70.81275529570233, 30.97246467483794], [70.81276211479914, 30.972825424093106], [70.81108744205352, 30.97284891642049], [70.81107381656508, 30.972127417221724], [70.81023648574714, 30.97213915491855], [70.8102296763325, 30.971778405120286], [70.81064834023005, 30.971772537032958], [70.81063471862323, 30.971051037538473], [70.81021605787113, 30.97105690545921], [70.81020243990032, 30.970335405712085], [70.80978378217091, 30.970341272110755], [70.80979058952235, 30.970702022078353], [70.80937193009765, 30.9707078872048], [70.809378735999, 30.971068637234136], [70.80896007487907, 30.971074501088317], [70.8089736839041, 30.971796001248936], [70.80855501951613, 30.97180186391405], [70.80856862588583, 30.97252336415506], [70.80814995822978, 30.97252922563101], [70.80817036398477, 30.973611476080812], [70.80775169148764, 30.97361733645071], [70.80775849207807, 30.97397808664081], [70.80733981788553, 30.97398394573822], [70.80733301886802, 30.97362319546496], [70.80691434612594, 30.973629053123545], [70.80690754880376, 30.97326830274564], [70.80565153456178, 30.973285867338113], [70.8056447420806, 30.972925116689368], [70.80522607199477, 30.972930968759172], [70.80521928120879, 30.972570218005853], [70.80396327493604, 30.972587765832397], [70.8040107799749, 30.975113022397633], [70.8035920999623, 30.97511886954288], [70.80359888531231, 30.975479620477746], [70.80443624836138, 30.975467924665498], [70.80442945986528, 30.975107173896646], [70.80484813963338, 30.975101324039912], [70.80488209120207, 30.97690507725394], [70.80446340356848, 30.976910927525847], [70.80447698190565, 30.977632428826983], [70.80363959997885, 30.97764412563531], [70.80364638618437, 30.97800487641963], [70.80322769346438, 30.978010722872938], [70.80323447821885, 30.97837147371873], [70.80281578380338, 30.978377318899106], [70.80282256710674, 30.978738069806365], [70.8019851747627, 30.978749756265202], [70.80199195504157, 30.979110507316815], [70.80157325711303, 30.979116348595223], [70.80158003594063, 30.979477099708237], [70.80116133631664, 30.97948293971357], [70.80116811369295, 30.979843690887947], [70.80074941237348, 30.97984952962016], [70.80075618829841, 30.98021028085593], [70.79991878214655, 30.980221954417996], [70.79992555504661, 30.980582705797932], [70.7990881452599, 30.980594374101482], [70.79909491513496, 30.98095512562552], [70.7986762084852, 30.98096095782599], [70.79868297690867, 30.981321709411304], [70.7982642685635, 30.981327540338466], [70.7982710355353, 30.981688291985023], [70.7978523254947, 30.981694121638814], [70.7978590910148, 30.982054873346613], [70.79744037927877, 30.98206070172702], [70.7974471433471, 30.982421453496038], [70.79702842991563, 30.982427280603], [70.79703519253214, 30.98278803243323], [70.79619776215655, 30.98279968274403], [70.79621128146022, 30.98352118667065], [70.79579256294241, 30.983527009957065], [70.79579932120312, 30.983887761970784], [70.79538060098987, 30.983893583983612], [70.79538735779853, 30.98425433605846], [70.79454991385947, 30.984265976180588], [70.79455666764223, 30.984626728399128], [70.79413794391644, 30.984632546508372], [70.79415144869917, 30.985354051046077], [70.79373272170409, 30.985359867964142], [70.79374622382547, 30.986081372580976], [70.793327493561, 30.986087188307785], [70.79333424323012, 30.986447940666487], [70.79291551127014, 30.986453755119445], [70.79292225948686, 30.98681450753917], [70.79250352583136, 30.986820320718248], [70.79251701948135, 30.987541825658212], [70.79209828255632, 30.98754763764583], [70.79212526501799, 30.988990647597713], [70.79170652167505, 30.988996458558727], [70.79173349978363, 30.990439468496557], [70.79131475002235, 30.99044527843082], [70.79133498015622, 30.991527535905824], [70.78965996100507, 30.991550763065646]], [[70.80307845977808, 30.970074198824705], [70.80391577588611, 30.970062508213427], [70.8039022058289, 30.969341005843045], [70.8030648960113, 30.969352696122414], [70.80307845977808, 30.970074198824705]], [[70.80972252152516, 30.96709452143435], [70.81055980855623, 30.967082788780623], [70.81055299928606, 30.96672203876447], [70.81180892419565, 30.966704429869086], [70.81180211033114, 30.966343680081398], [70.80970890939687, 30.96637302104742], [70.80972252152516, 30.96709452143435]], [[70.80636657495309, 30.966780646988852], [70.80678521793747, 30.966774792265216], [70.80677842294105, 30.966414041478657], [70.80635978152901, 30.966419896119177], [70.80636657495309, 30.966780646988852]], [[70.80969529775894, 30.965651520574436], [70.81053257221141, 30.965639788586927], [70.81051895477486, 30.964918288361023], [70.80968168661133, 30.964930020015426], [70.80969529775894, 30.965651520574436]]]}, "properties": {"direction": "decrease", "areaHa": 209.28, "before": -10.468184471130371, "after": -18.770837783813477, "change": -8.302653312683105, "clearObservationsBefore": 3.0, "clearObservationsAfter": 2.0, "centroid": [70.80619947206561, 30.971498160041616]}}, {"type": "Feature", "id": 3, "geometry": {"type": "Polygon", "coordinates": [[[70.77819495202856, 31.118365414252562], [70.7781814969054, 31.117643918310083], [70.77860080707022, 31.11763812976411], [70.77856716345941, 31.115834389940865], [70.77898646558177, 31.11582860044128], [70.77897300581664, 31.11510710452519], [70.77939230464953, 31.115101313826237], [70.77937884220056, 31.114379817988002], [70.77895954653589, 31.114385608523005], [70.77895281707715, 31.11402486048961], [70.77937211115776, 31.114019070036584], [70.77935864943552, 31.113297574069176], [70.77893935852299, 31.11330336435825], [70.77893262942753, 31.11294261626027], [70.77935191875608, 31.112936826053165], [70.77934518819775, 31.112576078015646], [70.77976447582121, 31.11257028652736], [70.77975101190009, 31.111848790551708], [70.78058958044791, 31.11183720381376], [70.78057611067591, 31.11111570808008], [70.78099539160034, 31.11110991283053], [70.7809617113724, 31.1093061735298], [70.78054243836674, 31.109311968369116], [70.78052897029137, 31.108590472334026], [70.78094824012972, 31.1085846776588], [70.78092803417475, 31.10750243369085], [70.78134729914115, 31.107496637898876], [70.78134056248172, 31.107135889948562], [70.78175982574336, 31.10713009287579], [70.78175308762165, 31.106769344986024], [70.7813338259435, 31.10677514197672], [70.78132708952651, 31.106414393983346], [70.78174634962122, 31.106408597074736], [70.78172613634737, 31.105326353211694], [70.78298390165318, 31.10530895504799], [70.7829771593877, 31.10494820729693], [70.7825579059904, 31.10495400796546], [70.78255116542955, 31.104593260110736], [70.78213191349428, 31.104599059334397], [70.78211169728932, 31.103516815394716], [70.78253094447483, 31.10351101641739], [70.78250398489998, 31.102068024524858], [70.78292322563154, 31.102062224513393], [70.78291648445796, 31.101701476568564], [70.78333572348512, 31.101695675276673], [70.7833222383358, 31.100974179486723], [70.78374147407554, 31.1009683769966], [70.7837212425127, 31.099886133396726], [70.78414047338215, 31.099880329790622], [70.78410674862367, 31.098076590437834], [70.78452597145747, 31.09807078588029], [70.78451922528716, 31.097710038027326], [70.78493844641677, 31.09770423218963], [70.78491820388614, 31.096621988748275], [70.78533742014619, 31.09661618179493], [70.78532392256764, 31.095894686224185], [70.78574313554098, 31.095888878073076], [70.78574988585216, 31.09624962578696], [70.78616910028661, 31.096243816191325], [70.78616234839284, 31.09588306855972], [70.78658156112319, 31.0958772576841], [70.786568054535, 31.095155762520868], [70.78698726397866, 31.095149950447638], [70.78698050928433, 31.094789202916054], [70.7865613014232, 31.09479501490697], [70.78655454843295, 31.094434267271534], [70.78697375471158, 31.094428455362916], [70.78694673763614, 31.09298546493509], [70.7873659374635, 31.09297965199362], [70.78735918191617, 31.092618904415165], [70.7877783800396, 31.09261309019396], [70.78778513716928, 31.092973837690078], [70.78820433675345, 31.092968022024444], [70.78819081945102, 31.092246527175405], [70.78861001574887, 31.092240710312446], [70.78860325569781, 31.091879962938016], [70.78902245029171, 31.091874144795433], [70.78901568878005, 31.091513397481872], [70.78943488167, 31.09150757805968], [70.7894213558473, 31.090786083532787], [70.7898405454511, 31.090780262913466], [70.7897999614114, 31.08861577931064], [70.79021914140085, 31.088609957824094], [70.79022590668518, 31.08897070506261], [70.79106426946282, 31.08895905783901], [70.79104396448317, 31.08787681655377], [70.79062478790122, 31.087882640599027], [70.79061802140023, 31.087521893378376], [70.79229472066928, 31.08749858935662], [70.79226763057322, 31.086055601579005], [70.7914292938373, 31.086067255653145], [70.79141575584774, 31.085345761304975], [70.79183492111306, 31.08533993511381], [70.79182815071927, 31.084979187989955], [70.792247314281, 31.084973360519665], [70.79225408625653, 31.085334107560975], [70.7930924161778, 31.08532244837032], [70.79307886602176, 31.08460095459645], [70.79349802763608, 31.084595123123833], [70.79347092246068, 31.083152135648064], [70.79389007762651, 31.083146303144307], [70.793883300056, 31.082785556304128], [70.79346414647172, 31.082791388725287], [70.79345059485968, 31.08206989481511], [70.79386974528093, 31.082064062559194], [70.79386296807635, 31.081703315654426], [70.79428211679415, 31.081697482119672], [70.79428889558018, 31.082058228941797], [70.79512719581265, 31.08204655762256], [70.79511363203677, 31.081325064287398], [70.79553277880702, 31.081319226750942], [70.7955124293145, 31.080236986834752], [70.79593157121853, 31.080231148184986], [70.79592478671721, 31.079870401585886], [70.79634392691781, 31.079864561657462], [70.7963371409573, 31.07950381511956], [70.79549886359658, 31.079515493449595], [70.79550564639449, 31.07987624015294], [70.79508650594971, 31.07988207735864], [70.7950729436385, 31.079160583765038], [70.79549208092074, 31.07915474672472], [70.79548529836698, 31.07879399997829], [70.7963235694027, 31.078782321979126], [70.7963167838086, 31.078421575376606], [70.79715505119339, 31.07840989209772], [70.79714826255908, 31.078049145639174], [70.79672913050894, 31.078054987876495], [70.79672234357794, 31.07769424131363], [70.7963032129868, 31.077700082106936], [70.79629642775907, 31.077339335439806], [70.79671555676912, 31.07733349472924], [70.79670877008243, 31.076972748123318], [70.79796615163626, 31.0769552180726], [70.79795256914309, 31.076233725292823], [70.79753344524278, 31.076239569838663], [70.79751307716268, 31.075157330259046], [70.79793219632009, 31.075151485961598], [70.79792540562356, 31.074790739474768], [70.79834452307783, 31.074784893899047], [70.79833093888968, 31.074063401026404], [70.79916916710798, 31.074051706123075], [70.79917596230263, 31.074412452404474], [70.79959507780917, 31.074406602828358], [70.79958148438052, 31.07368511040978], [70.80000059660307, 31.073679259638393], [70.79999379849144, 31.07331851347968], [70.80041290901084, 31.073312661430187], [70.80036531459074, 31.070787438296396], [70.80078441392304, 31.07078158546639], [70.80077761362912, 31.070420839301175], [70.80119671125847, 31.070414985193246], [70.80124432695092, 31.072940207316712], [70.80082521825709, 31.072946062005265], [70.80083882068107, 31.073667554012555], [70.80041970870326, 31.07367340750599], [70.80044010851483, 31.074755645604135], [70.80002099167211, 31.074761497985282], [70.80003458899665, 31.07548299010882], [70.79961546886972, 31.07548884129468], [70.79963586103133, 31.07657107956712], [70.7992167360391, 31.076576929640492], [70.79923032826312, 31.07729842188016], [70.79881119998643, 31.077304270758052], [70.7988519701073, 31.079468747457227], [70.79843283222122, 31.079474595470955], [70.79845321418884, 31.080556833778253], [70.79803407143658, 31.08056268067913], [70.79804086408899, 31.080923426821304], [70.7976217196331, 31.080929272443583], [70.79762851082636, 31.081290018647024], [70.79720936466684, 31.08129586299069], [70.7972229442572, 31.08201735549852], [70.79680379481259, 31.08202319864629], [70.79681737172878, 31.082744691233504], [70.79639821899897, 31.08275053318529], [70.7964050060588, 31.083111279529344], [70.7959858516253, 31.08311712020235], [70.79599942294823, 31.083838612991297], [70.79558026522943, 31.0838444524682], [70.79559383387759, 31.08456594533642], [70.79517467287337, 31.084571783617147], [70.79518823884655, 31.08529327656459], [70.79476907455684, 31.085299113649054], [70.79478263785481, 31.086020606675717], [70.79436347027952, 31.086026442563853], [70.79439737275112, 31.087830175166882], [70.79397819714445, 31.087836010106543], [70.79399853534592, 31.088918249657826], [70.7935793548713, 31.088924083483562], [70.793620025076, 31.091088562500353], [70.7932008349867, 31.091094395459915], [70.79320761219893, 31.091455141969927], [70.79278842040544, 31.09146097365011], [70.7927951961574, 31.091821720221187], [70.79321438953313, 31.09181588845841], [70.79322794456742, 31.09253738137077], [70.79280874802713, 31.092543213298725], [70.79283585323, 31.09398619919533], [70.79241665023825, 31.093992030091556], [70.79245052657339, 31.09579576239058], [70.79203131554718, 31.09580159233747], [70.79204486376959, 31.096523085271432], [70.79162564945626, 31.0965289140212], [70.79163242216767, 31.096889660538412], [70.79121320614982, 31.096895488008432], [70.79121997740044, 31.097256234586627], [70.79080075967805, 31.097262060776877], [70.79080752946783, 31.09762280741604], [70.7903883100409, 31.09762863232647], [70.79040184682044, 31.098350125705174], [70.78998262410619, 31.098355949418206], [70.78998939109587, 31.098716696157727], [70.78957016667704, 31.098722518590844], [70.78958369785607, 31.09944401217017], [70.7891644701498, 31.09944983340577], [70.78917799865006, 31.10017132706382], [70.78875876765625, 31.100177147101817], [70.78876553050604, 31.100537893980945], [70.78834629780758, 31.100543712738872], [70.78835305919608, 31.10090445967888], [70.78793382479296, 31.100910277156693], [70.78794734476898, 31.101631771136834], [70.78752810707816, 31.101637587416864], [70.78755514215767, 31.10308057544815], [70.78671665374628, 31.103092204579212], [70.78672340965387, 31.10345295169788], [70.78546567137545, 31.103470385421605], [70.78545892021742, 31.10310963805609], [70.78462043059066, 31.10312125356084], [70.78463392669539, 31.1038427485993], [70.78421467853343, 31.10384855447212], [70.7842281719574, 31.104570049588865], [70.78464742328588, 31.10456424355161], [70.78466092036214, 31.105285738417784], [70.784241665867, 31.10529154461947], [70.78426865514325, 31.106734534422305], [70.78384939419306, 31.106740339590008], [70.78386963267468, 31.107822581962637], [70.78345036685255, 31.10782838601404], [70.78345711167233, 31.10818913351069], [70.78387637907802, 31.108183329377106], [70.7838966190165, 31.109265571491346], [70.78347734685993, 31.109271375871455], [70.7834908375919, 31.10999287067098], [70.78265228657982, 31.110004475670923], [70.7826590289604, 31.110365223202688], [70.7822397516886, 31.110371023740274], [70.78225323364619, 31.111092518903455], [70.7818339530855, 31.111098318242213], [70.78184069266241, 31.11145906587361], [70.78142141039662, 31.111464863931403], [70.78142814851095, 31.111825611623356], [70.78100886454004, 31.111831408400114], [70.78102233796466, 31.112552903883586], [70.7806030507047, 31.112558699461324], [70.78060978601489, 31.112919447252807], [70.78019049704979, 31.112925241549426], [70.78021743316648, 31.11436823282823], [70.7806367284677, 31.11436243820347], [70.78067714578324, 31.11652692398352], [70.78025784097703, 31.116532719100494], [70.78027131121672, 31.11725421435235], [70.77985200312074, 31.117260008269998], [70.77985873683805, 31.117620755945644], [70.77943942703656, 31.11762654858189], [70.7794461592907, 31.11798729631801], [70.77860753615563, 31.117998877664167], [70.77861426536212, 31.11835962554271], [70.77819495202856, 31.118365414252562]], [[70.78301087192848, 31.106751945836926], [70.78343013312146, 31.10674614339489], [70.78342338878717, 31.1063853958121], [70.78300412917767, 31.106391198171988], [70.78301087192848, 31.106751945836926]], [[70.79794577807986, 31.07587297887062], [70.7987840223518, 31.075861285861105], [70.79877722824887, 31.07550053958302], [70.79919634862044, 31.075494691119406], [70.79918275761959, 31.074773198664328], [70.79834452307783, 31.074784893899047], [70.79835131535528, 31.07514564030305], [70.79793219632009, 31.075151485961598], [70.79794577807986, 31.07587297887062]]]}, "properties": {"direction": "decrease", "areaHa": 147.84, "before": -11.559967994689941, "after": -18.631155014038086, "change": -7.071186542510986, "clearObservationsBefore": 3.0, "clearObservationsAfter": 2.0, "centroid": [70.78916895206417, 31.094911849000564]}}, {"type": "Feature", "id": 4, "geometry": {"type": "Polygon", "coordinates": [[[70.79162379137159, 31.185656031945854], [70.79161699497698, 31.18529529040158], [70.78993857378352, 31.18531865115634], [70.78993178386976, 31.1849579092602], [70.78909257571945, 31.184969581270405], [70.78908578910705, 31.184608839187682], [70.7886661864384, 31.18461467305979], [70.78864583210232, 31.183532446434707], [70.78822623408035, 31.18353827869245], [70.78821945113523, 31.183177536358485], [70.78779985458078, 31.183183367166844], [70.78779307334716, 31.18282262472887], [70.78905185787603, 31.18280512845042], [70.789045071996, 31.18244438623826], [70.78946466500543, 31.182438551494148], [70.78945787765804, 31.18207780934293], [70.78903828623804, 31.182083644004532], [70.78902471508825, 31.181362159472336], [70.78986389144865, 31.18135048911229], [70.78985031442977, 31.18062900482384], [70.79026989924817, 31.180623167758657], [70.79026310933261, 31.180262425664612], [70.79068269243962, 31.180256587315217], [70.79067590105694, 31.17989584528215], [70.79109548245253, 31.179890005648566], [70.79108868960279, 31.179529263676496], [70.791508269287, 31.179523422758773], [70.79150147497023, 31.179162680847718], [70.79192105294304, 31.179156838645888], [70.79191425715935, 31.178796096795875], [70.78981637401934, 31.178825293725208], [70.78982316185723, 31.17918603598807], [70.78940358327367, 31.179191871356434], [70.78941036964446, 31.17955261368025], [70.78857120893277, 31.179564280481813], [70.78857799224718, 31.17992502294902], [70.78815841011907, 31.179930854382178], [70.78817197393539, 31.180652339416795], [70.78859155924204, 31.180646507818725], [70.7885983429225, 31.18100725022121], [70.78650040722306, 31.181036394955854], [70.7864868558772, 31.18031490930512], [70.78690644008233, 31.18030908325656], [70.78689966300296, 31.17994834048122], [70.7864800803871, 31.179954166447406], [70.78647330501884, 31.179593423568125], [70.78605372387034, 31.17959924808521], [70.78603340326434, 31.178517019070906], [70.78561382676156, 31.178522841974257], [70.78560705505902, 31.178162098844016], [70.78518748002355, 31.17816792029838], [70.78518071003192, 31.177807177064246], [70.78643943000561, 31.177789708848223], [70.78642588085334, 31.177068222809304], [70.78558674068225, 31.177079869323915], [70.78557319837338, 31.17635838286936], [70.78599276534185, 31.176352560460014], [70.78598599278116, 31.175991817282725], [70.78640555803885, 31.17598599358918], [70.78639201010512, 31.175264507334617], [70.78597244802523, 31.17527033086346], [70.78596567583001, 31.17490958762147], [70.78512655448257, 31.17492123041503], [70.78514009263932, 31.175642717206717], [70.78430096444932, 31.17565435486348], [70.78428743264813, 31.174932867742655], [70.78386787154832, 31.174938684356754], [70.78386110741913, 31.17457794068175], [70.78428066693009, 31.17457212414991], [70.78426713585907, 31.17385063689974], [70.78510624816064, 31.17383900006579], [70.78511301681286, 31.1741997435371], [70.78553257436981, 31.174193922988174], [70.7855393447326, 31.17455466635561], [70.78637846265875, 31.17454302099378], [70.78635136922811, 31.173100048053353], [70.78593181668101, 31.173105871088104], [70.78592504521666, 31.172745127716755], [70.78634459617504, 31.17273930476434], [70.78633782324381, 31.172378561453765], [70.78675737249172, 31.17237273721736], [70.78676414701161, 31.172733480445565], [70.78718369772632, 31.17272765476044], [70.78720402678336, 31.173809884068557], [70.78762358214233, 31.173804056769853], [70.78763036032724, 31.174164799747018], [70.78804991715306, 31.17415897099947], [70.7880566970487, 31.174519713872648], [70.78973492948737, 31.17449638488829], [70.78974171586026, 31.174857127410007], [70.79016127525365, 31.174851291665277], [70.7901476994523, 31.17412980676534], [70.79056725554597, 31.174123969819224], [70.79051973296649, 31.17159877256778], [70.79093927781732, 31.171592934833154], [70.79091890806366, 31.170510707363803], [70.79175798786767, 31.170499028291196], [70.79172402483677, 31.16869531623671], [70.79130449293791, 31.16870115604317], [70.79129770228663, 31.168340413484973], [70.79171723259715, 31.168334573761108], [70.7917104404797, 31.167973831263932], [70.79129091175747, 31.1679796709052], [70.79126375086238, 31.16653670037046], [70.79084422837091, 31.166542538315372], [70.79083065183252, 31.165821052753465], [70.7912501711477, 31.16581521497369], [70.79124338147355, 31.165454472242942], [70.79166289907847, 31.165448633179775], [70.79165610793841, 31.165087890510048], [70.7920756238331, 31.165082050163527], [70.79208241656124, 31.165442792750646], [70.79292145116017, 31.16543110779453], [70.79291465525588, 31.165070365372674], [70.79333417078392, 31.16506452092835], [70.79332737341386, 31.164703778567578], [70.79374688723158, 31.16469793284001], [70.79374008839578, 31.164337190540348], [70.7945791124883, 31.16432549515288], [70.79460632126964, 31.16576846356041], [70.79502583948452, 31.165762613486894], [70.79504625211982, 31.1668448393178], [70.7946267291405, 31.166850689639546], [70.7946471381127, 31.16793291552451], [70.79506666585671, 31.167927064954544], [70.79508708069527, 31.16900929039714], [70.79550661308178, 31.1690034382128], [70.79552703378724, 31.17008566321291], [70.79594657081651, 31.170079809414084], [70.79596018840932, 31.17080129247404], [70.79637972849304, 31.170795437143408], [70.79638653906166, 31.17115617855822], [70.79596699738943, 31.17116203397166], [70.79597380649203, 31.17152277544769], [70.7955542631088, 31.171528629577665], [70.7955610707453, 31.171889371114915], [70.79598061571713, 31.171883516902156], [70.7959874250647, 31.172244258335038], [70.79556787850429, 31.17225011263059], [70.7955814943896, 31.172971595597208], [70.79516194452945, 31.17297744869199], [70.79517555772723, 31.173698931737846], [70.79475600456726, 31.173704783631777], [70.79476280976107, 31.174065525205084], [70.79518236450978, 31.174059673228392], [70.79518917141476, 31.174420414697384], [70.79560872762981, 31.174414561271504], [70.79560191913606, 31.17405381988529], [70.79644102802119, 31.174042109099886], [70.79644783969248, 31.17440285032049], [70.79560872762981, 31.174414561271504], [70.79561553624605, 31.174775302636142], [70.7951959784422, 31.174781156144785], [70.79520278559207, 31.175141897570626], [70.79562234498475, 31.175136043979208], [70.79563596282955, 31.175857526600577], [70.7964750876029, 31.17584581498712], [70.79648871229331, 31.17656729719096], [70.79690827767405, 31.176561439168825], [70.79694916422048, 31.178725884765402], [70.79652958930555, 31.17873174328457], [70.79653640256984, 31.179092484224633], [70.79611682594323, 31.179098341459966], [70.79615088615688, 31.1809020462507], [70.7965704707296, 31.180896188601263], [70.79658409885143, 31.181617670200836], [70.79700368648021, 31.181611811018943], [70.79701731827106, 31.182333292366504], [70.79659772746352, 31.182339151714093], [70.7966045419534, 31.182699892438336], [70.79618494943388, 31.182705750501903], [70.7961781365334, 31.18234500969483], [70.79575854548074, 31.182350866308713], [70.79578579146005, 31.18379382973877], [70.79536619392701, 31.183799685316963], [70.79538662492925, 31.18488190791127], [70.79412781728915, 31.184899467189027], [70.79413462309934, 31.18526020825889], [70.79329541421457, 31.185271907774506], [70.79330221696783, 31.185632648988193], [70.79162379137159, 31.185656031945854]], [[70.78987746895595, 31.18207197331446], [70.79029706013176, 31.18206613591915], [70.79029026972766, 31.18170539391138], [70.78987068014125, 31.181711231224167], [70.78987746895595, 31.18207197331446]], [[70.79029026972766, 31.18170539391138], [70.79070985919194, 31.18169955523178], [70.79070306732062, 31.181338813285], [70.7902834794457, 31.18134465188205], [70.79029026972766, 31.18170539391138]], [[70.7923406307936, 31.179150995077382], [70.79359936361158, 31.179133456171723], [70.79359256147127, 31.17877271465232], [70.79317298557675, 31.17877856223821], [70.79316618514791, 31.178417820614545], [70.79274661072019, 31.1784236667511], [70.7927534095599, 31.17878440845743], [70.79233383342076, 31.178790253309984], [70.7923406307936, 31.179150995077382]], [[70.79314578459534, 31.1773355956141], [70.79356535413355, 31.17732974835895], [70.79355855260499, 31.176969006731664], [70.79313898465577, 31.176974853904145], [70.79314578459534, 31.1773355956141]], [[70.78641910646, 31.176707479757496], [70.78683867477376, 31.176701654532682], [70.78683189891329, 31.176340911541672], [70.7864123321885, 31.17634673668412], [70.78641910646, 31.176707479757496]], [[70.79229305175116, 31.176625802252534], [70.79271261835598, 31.176619957895845], [70.79270582024999, 31.17625921606007], [70.79312538514358, 31.176253370419477], [70.79311858557095, 31.175892628644792], [70.79353814875333, 31.17588678172036], [70.79352454679722, 31.175165298271622], [70.7926854266657, 31.1751769904233], [70.79269222440486, 31.17553773232379], [70.7922726625668, 31.17554357643257], [70.79229305175116, 31.176625802252534]], [[70.79313218483853, 31.1766141121726], [70.79355175119876, 31.176608265082812], [70.79354494991487, 31.176247523412364], [70.79312538514358, 31.176253370419477], [70.79313218483853, 31.1766141121726]], [[70.79395771181335, 31.17588093342942], [70.79437727475103, 31.17587508377197], [70.79437047053402, 31.175514342223806], [70.79479003176041, 31.175508491282585], [70.79478322607694, 31.175147749795574], [70.7939441066795, 31.175159450146072], [70.79395771181335, 31.17588093342942]], [[70.7947968375663, 31.175869232748006], [70.79521640025915, 31.175863380357544], [70.79520959286438, 31.17550263897487], [70.79479003176041, 31.175508491282585], [70.7947968375663, 31.175869232748006]], [[70.79225907038847, 31.174822092444714], [70.79267862904882, 31.17481624850122], [70.79267183155422, 31.17445550655758], [70.79309138850347, 31.174449661330296], [70.79307779070355, 31.17372817754361], [70.79265823693181, 31.173734022605572], [70.79265143980399, 31.17337328059721], [70.79223188749872, 31.173379124210143], [70.79225907038847, 31.174822092444714]], [[70.79435005861738, 31.174432117449832], [70.79476961507729, 31.174426266756818], [70.79476280976107, 31.174065525205084], [70.79434325488992, 31.174071375815362], [70.79435005861738, 31.174432117449832]], [[70.79307099198702, 31.173367435617898], [70.79349054404774, 31.1733615892722], [70.79348374386481, 31.173000847407593], [70.79306419339278, 31.173006693670608], [70.79307099198702, 31.173367435617898]], [[70.79293504333546, 31.16615259257353], [70.79335456362776, 31.16614674788122], [70.79334776589087, 31.16578600558518], [70.79292824718668, 31.16579185019482], [70.79293504333546, 31.16615259257353]]]}, "properties": {"direction": "decrease", "areaHa": 139.84, "before": -12.091222763061523, "after": -19.49307632446289, "change": -7.401854515075684, "clearObservationsBefore": 3.0, "clearObservationsAfter": 2.0, "centroid": [70.79193385476789, 31.1765245359888]}}, {"type": "Feature", "id": 5, "geometry": {"type": "Polygon", "coordinates": [[[70.83291137041866, 30.953416360472342], [70.83289070204525, 30.952334121546475], [70.83330927584353, 30.95232818337583], [70.8333023850628, 30.951967437108458], [70.83372095716584, 30.95196149766769], [70.83368649726877, 30.950157766429424], [70.83410506139246, 30.95015182605602], [70.83405681175445, 30.94762660200828], [70.83447536475789, 30.94762066087114], [70.83446847087835, 30.94725991457683], [70.83404991944566, 30.947265855629585], [70.83403613520056, 30.946544362807597], [70.83445468349183, 30.946538421923577], [70.83444089660202, 30.94581692918416], [70.83485944162778, 30.945810987114783], [70.83485254679854, 30.94545024079715], [70.8352710901295, 30.945444297458064], [70.83526419385387, 30.945083551203314], [70.83484565209349, 30.945089494458], [70.83483875751264, 30.944728748097283], [70.83400167676042, 30.944740630375694], [70.83396033072891, 30.942576150746667], [70.83354179958934, 30.94258208934873], [70.83352113296037, 30.941499848990457], [70.83310260640769, 30.941505785985612], [70.83309571934984, 30.941145039072122], [70.83351424433225, 30.941139102161294], [70.83349357919242, 30.940056861544594], [70.83307505892068, 30.940062798202465], [70.83306817235909, 30.939702051202847], [70.83264965353345, 30.93970798642261], [70.83262211480803, 30.9382649978716], [70.83220360213875, 30.938270931400453], [70.83216230719098, 30.936106447422304], [70.83174380381747, 30.936112379091913], [70.83168188389223, 30.932865650913087], [70.83251886225985, 30.932853787736985], [70.83251197974866, 30.93249304022244], [70.8329304671769, 30.932487106688548], [70.83291669938737, 30.931765611763424], [70.83166124614809, 30.931783407799283], [70.83164748827166, 30.931061912282445], [70.83122900674967, 30.931067841419214], [70.83119462207432, 30.92926410182923], [70.8307761482755, 30.929270029191645], [70.83076927328143, 30.928909281124874], [70.82993232845091, 30.92892113162164], [70.82992545671928, 30.928560383364992], [70.82950698568762, 30.928566306499402], [70.82950011564908, 30.92820555813708], [70.8290816460629, 30.928211479834175], [70.8290747777174, 30.927850731366185], [70.82823784131236, 30.92786257053263], [70.82823097622902, 30.927501821874948], [70.82781250941021, 30.92750773934436], [70.82780564601975, 30.927146990581075], [70.82696871514956, 30.927158821292384], [70.82696185502112, 30.926798072339512], [70.82654339096979, 30.92680398558145], [70.82652967422196, 30.926082487443114], [70.82611121318534, 30.926088399163984], [70.82610435656586, 30.92572764997855], [70.8256858969748, 30.925733560262373], [70.82563106101767, 30.922847565332578], [70.826049508057, 30.922841655720486], [70.82604265254922, 30.922480906341402], [70.82646109789617, 30.922474995460394], [70.82644738411358, 30.921753496805646], [70.82686582619941, 30.92174758473976], [70.82685896792468, 30.921386835464105], [70.82727740831818, 30.921380922129398], [70.82725682952926, 30.9202986744254], [70.82767526509309, 30.920292759989987], [70.82763410144064, 30.918128264505253], [70.82805252746948, 30.91812234922138], [70.82804566572489, 30.91776159998268], [70.82846409006164, 30.917755683430237], [70.82848468037176, 30.918837930829625], [70.82890310929031, 30.918832012672294], [70.82891683991916, 30.919553510662773], [70.82933527185114, 30.919547590984532], [70.829349006112, 30.92026908872071], [70.82976744105747, 30.920263167521494], [70.82977430994215, 30.92062391627317], [70.83019274633253, 30.92061799363705], [70.83019961690964, 30.920978742283058], [70.8306180547449, 30.920972818209986], [70.83063867192519, 30.922055063766344], [70.83105711434285, 30.922049138087917], [70.83107086288642, 30.92277063484949], [70.83148930831783, 30.922764707649783], [70.83149618434425, 30.923125455914075], [70.83191463122061, 30.923119527277255], [70.83192838678286, 30.92384102357279], [70.83234683667308, 30.92383509341456], [70.83236059586888, 30.92455658945549], [70.83277904877303, 30.924550657775768], [70.83279281160263, 30.925272153562045], [70.83321126752078, 30.925266220360776], [70.8332319174022, 30.92634846362584], [70.83365037790354, 30.926342528818605], [70.8336641482495, 30.92706402405238], [70.83408261176504, 30.927058087723406], [70.83409638574555, 30.92777958270239], [70.83451485227539, 30.927773644851598], [70.83454240800249, 30.929216634213756], [70.83496088068527, 30.929210694672324], [70.83498155349189, 30.93029293621473], [70.834563076101, 30.93029887600931], [70.83457685545395, 30.931020370432005], [70.83415837480005, 30.93102630904202], [70.83417215151051, 30.93174780354732], [70.8345906353034, 30.931741864768576], [70.8345837453166, 30.931381117611053], [70.83542070939095, 30.9313692361623], [70.83542760251675, 30.93172998315103], [70.83584608593716, 30.93172404031223], [70.83588056127691, 30.933527774510793], [70.83546207000856, 30.933533717771702], [70.83547585787464, 30.934255211469225], [70.83631284656586, 30.934243323256208], [70.83631974382466, 30.9346040699038], [70.83548275199398, 30.934615958285683], [70.83548964623752, 30.934976705080608], [70.83590814378474, 30.934970761481996], [70.83591503972225, 30.935331508170965], [70.83633353871502, 30.935325563134374], [70.83637492636844, 30.93749004230919], [70.83679343465623, 30.937484095412273], [70.8368210351907, 30.93892708076019], [70.83640252062283, 30.938933027994995], [70.83644391573286, 30.941097505877543], [70.8368624397217, 30.941091558135888], [70.83686934091199, 30.94145230428978], [70.83645081535286, 30.941458252115915], [70.83648531531739, 30.943261982984676], [70.83690384872826, 30.94325603473615], [70.83691765272508, 30.943977526763902], [70.83649911617333, 30.94398347518139], [70.83656122617846, 30.947230189000344], [70.83614267536697, 30.947236136823996], [70.8361633762275, 30.94831837462931], [70.8357448205794, 30.94832432135213], [70.8357586186329, 30.94904581328351], [70.8353400597188, 30.949051758820964], [70.83536075301839, 30.950133996809793], [70.8349421892673, 30.9501399412462], [70.83495598227964, 30.950861433299863], [70.83453741526233, 30.95086737655073], [70.83455120562951, 30.951588868687036], [70.83413263534591, 30.951594810752287], [70.83413952914471, 30.951955556872495], [70.83372095716584, 30.95196149766769], [70.83374163459388, 30.95304373615218], [70.83332305777739, 30.95304967584597], [70.8333299489305, 30.95341042204873], [70.83291137041866, 30.953416360472342]], [[70.83446847087835, 30.94725991457683], [70.83488702218686, 30.9472539721699], [70.83488012686078, 30.946893225938418], [70.834461577123, 30.946899168260977], [70.83446847087835, 30.94725991457683]]]}, "properties": {"direction": "decrease", "areaHa": 127.36, "before": -11.04131031036377, "after": -19.25898551940918, "change": -8.217674255371094, "clearObservationsBefore": 3.0, "clearObservationsAfter": 2.0, "centroid": [70.83230750207271, 30.932587274577973]}}, {"type": "Feature", "id": 6, "geometry": {"type": "Polygon", "coordinates": [[[70.82373926820587, 30.889315470559442], [70.82373243044154, 30.888954718844566], [70.82331413025688, 30.88896061516239], [70.82330729418196, 30.88859986334218], [70.8228889954403, 30.8886057582251], [70.8228206571268, 30.884998238002648], [70.82323894020801, 30.88499234395779], [70.8232184364178, 30.883910087723294], [70.82280015803416, 30.883915981516747], [70.82279332524955, 30.88355522931179], [70.8219567712445, 30.88356701267864], [70.82192945386333, 30.8821240029737], [70.82151118293913, 30.882129892295936], [70.8214975281183, 30.88140838714703], [70.82107926020237, 30.88141427495107], [70.82104513313126, 30.87961051128411], [70.82020861258599, 30.879622282003176], [70.82018814721205, 30.878540023042987], [70.81976989145133, 30.87854590612563], [70.8197630714713, 30.878185153012268], [70.82018132566664, 30.878179270013288], [70.82018814721205, 30.878540023042987], [70.82060640284983, 30.8785341386098], [70.82059957973902, 30.878173385663764], [70.82101783368844, 30.878167499963723], [70.8209837121523, 30.876363735329708], [70.81931072692309, 30.876387268353387], [70.81930390924573, 30.876026515027473], [70.81846741902423, 30.87603827326945], [70.8184197206346, 30.87351299821595], [70.81925618894446, 30.873501241144417], [70.81924937225, 30.873140487646605], [70.81966760465566, 30.873134607169035], [70.8196539685054, 30.872413100276237], [70.82007219765826, 30.87240721861567], [70.82005855886973, 30.871685711804222], [70.82047678476988, 30.87167982896077], [70.82046996399511, 30.87131907560648], [70.82088818820748, 30.871313191496522], [70.82088136599083, 30.870952438204434], [70.8212995885154, 30.870946552828016], [70.82131323620136, 30.871668059223314], [70.82173146173263, 30.871662172329298], [70.8217246362633, 30.871301419226118], [70.82297930742435, 30.871283750694246], [70.82298613758822, 30.87164450354615], [70.82256791242608, 30.871650394490715], [70.82258839896159, 30.872732653168825], [70.8217519388787, 30.872744431509922], [70.82175876484011, 30.87310518452715], [70.82134053304917, 30.87311107175606], [70.8213473575686, 30.873471824835534], [70.82051089048774, 30.873483595409944], [70.82051771200014, 30.873844348635316], [70.82135418221104, 30.87383257789351], [70.82136100697647, 30.874193330930005], [70.82219747982548, 30.874181554619515], [70.82218382415746, 30.87346004885997], [70.82260205726732, 30.87345415884678], [70.82262254564905, 30.874536417202542], [70.82304078333095, 30.874530525587712], [70.82305444599778, 30.875252030883196], [70.82347268668678, 30.87524613775042], [70.82347951977003, 30.875606890282125], [70.82306127751588, 30.875612783498703], [70.82306810915709, 30.87597353609271], [70.82223162114904, 30.87598531864225], [70.82225893642314, 30.87742832947363], [70.82267718674973, 30.877422438538986], [70.82268401744126, 30.877783191109316], [70.82310226921007, 30.877777298740394], [70.8231159340932, 30.878498803649023], [70.8235341888696, 30.878492909761977], [70.82354785737611, 30.879214414417003], [70.82396611516019, 30.879208519011748], [70.82397295116367, 30.879569271223193], [70.82439121039, 30.8795633743835], [70.82440488589756, 30.880284878574198], [70.82524141024251, 30.880273080507504], [70.8252345692961, 30.879912328590656], [70.82607109001688, 30.879900525289248], [70.82608477829511, 30.88062202876575], [70.8269213047846, 30.88061021972606], [70.8269349998185, 30.881331722780736], [70.8265167335043, 30.881337628143843], [70.82653042590057, 30.88205913128046], [70.82611215633172, 30.882065035460784], [70.826146381653, 30.88386879334584], [70.8265646590505, 30.88386288874575], [70.82658520042116, 30.884945142966917], [70.82825832756707, 30.884921510050294], [70.82825147405667, 30.884560759000752], [70.82866975396857, 30.884554847478455], [70.82866289901582, 30.884194096491463], [70.82908117723835, 30.884188183702385], [70.82907432084335, 30.883827432777966], [70.8299108737861, 30.883815603315494], [70.8299040143831, 30.88345485253777], [70.83032228910328, 30.883448935864443], [70.83031542825816, 30.883088185149333], [70.83073370128896, 30.883082267209357], [70.83072683900177, 30.8827215165569], [70.83156338156093, 30.88270967679299], [70.83155651626603, 30.882348926287364], [70.83197478579436, 30.882343004463486], [70.83196791905755, 30.881982254020553], [70.83238618689647, 30.881976330930172], [70.83237931871777, 30.881615580549948], [70.83321585089303, 30.881603730485555], [70.83320897970694, 30.88124298025232], [70.83362724404324, 30.88123705327838], [70.83362037141542, 30.880876303107915], [70.83445689658532, 30.880864445276632], [70.83445002095031, 30.88050369525326], [70.83486828178387, 30.880497764396], [70.83486140470727, 30.88013701443545], [70.83569792287159, 30.88012514883777], [70.83569104278799, 30.879764399024435], [70.8361093001187, 30.87975846428408], [70.83609553719265, 30.879036964761653], [70.83693204522032, 30.879025091566877], [70.83695269918802, 30.880107340311746], [70.83778921611197, 30.880095461208082], [70.83777544041433, 30.879373962404177], [70.83819369555924, 30.87936802099542], [70.83818680633122, 30.87900727164568], [70.83860505978657, 30.879001328970872], [70.83859816911736, 30.878640579684127], [70.83901642088317, 30.87863463574332], [70.83900952877278, 30.878273886519565], [70.83859127857231, 30.87827983037586], [70.83858438815145, 30.877919081046077], [70.8381661393921, 30.877925023467373], [70.83815925066071, 30.87756427403157], [70.83857749785476, 30.877558331694775], [70.83857060768226, 30.877197582321966], [70.83940709856732, 30.87718569376607], [70.83941399187033, 30.877546442969813], [70.83983223869178, 30.877540496581656], [70.8398391336843, 30.87790124567934], [70.84025738194676, 30.877895297856146], [70.8402711754352, 30.878616795817795], [70.83985292404212, 30.87862274381015], [70.83987361051086, 30.87970499084498], [70.83945535429734, 30.879710937740505], [70.83947603718813, 30.88079318483535], [70.83989429809809, 30.880787237686135], [70.83990119420903, 30.88114798659016], [70.83948293173357, 30.88115393382393], [70.8394967211972, 30.88187543173655], [70.83907845546632, 30.881881377788773], [70.8390922422957, 30.882602875784393], [70.83825570419877, 30.882614764174843], [70.83826259466848, 30.88297551330943], [70.8370077818948, 30.882993336018078], [70.83701466779155, 30.88335408538456], [70.83659639505304, 30.883360023670384], [70.83660327950815, 30.883720773099782], [70.8357667305275, 30.88373264578792], [70.83577361197511, 30.88409339536461], [70.83535533573298, 30.884099329766862], [70.83536221573883, 30.884460079406416], [70.8349439378069, 30.88446601254222], [70.83495081637089, 30.88482676224463], [70.83411425700353, 30.884838624632394], [70.8341073815712, 30.88447787476133], [70.83368910326747, 30.884483803844628], [70.83370285112434, 30.885205303733848], [70.83328456956504, 30.88521123163488], [70.83329144211338, 30.885571981631493], [70.83287315886433, 30.8855779082659], [70.83288002997061, 30.885938658325287], [70.8324617450318, 30.885944583693046], [70.83246861469594, 30.88630533381517], [70.83163204131503, 30.886317180666367], [70.83163890797101, 30.886677930935413], [70.82703772830834, 30.88674299294947], [70.82704457786176, 30.88710374412204], [70.82620799500341, 30.887115556184447], [70.82621484154812, 30.88747630750345], [70.82579654836779, 30.88748221159211], [70.82580339346978, 30.887842962973554], [70.8253850986, 30.887848865795114], [70.82539194225922, 30.888209617238978], [70.82497364569997, 30.888215518793398], [70.82498048791635, 30.88857627029968], [70.82456218966765, 30.888582170586922], [70.82456903044114, 30.888942922155586], [70.82415073050296, 30.88894882117562], [70.82415756983352, 30.889309572806653], [70.82373926820587, 30.889315470559442]], [[70.82485050688793, 30.881721988004127], [70.82526877526111, 30.88171608795989], [70.82526193382151, 30.88135533612904], [70.82484366701395, 30.881361236089386], [70.82485050688793, 30.881721988004127]], [[70.83530030014961, 30.88121333187596], [70.83571856386632, 30.881207398148707], [70.83571168341075, 30.8808466483999], [70.83529342125956, 30.880852582042788], [70.83530030014961, 30.88121333187596]]]}, "properties": {"direction": "decrease", "areaHa": 113.6, "before": -11.512882232666016, "after": -19.61568832397461, "change": -8.10280704498291, "clearObservationsBefore": 3.0, "clearObservationsAfter": 2.0, "centroid": [70.82776220953755, 30.88150505142336]}}, {"type": "Feature", "id": 7, "geometry": {"type": "Polygon", "coordinates": [[[70.82453341497138, 31.019208388004017], [70.8245265390276, 31.018847643703065], [70.82410767268095, 31.018853564807124], [70.8240870503215, 31.017771331523075], [70.82366818858016, 31.017777251017243], [70.82366131628419, 31.017416506462155], [70.82282359558292, 31.017428341208724], [70.82281672656323, 31.017067596464237], [70.82239786760334, 31.017073511716696], [70.82239100028359, 31.016712766866775], [70.8219721427763, 31.016718680677414], [70.82196527715642, 31.016357935722077], [70.82112756492346, 31.016369759101895], [70.8211138403593, 31.01564826879116], [70.82069498720983, 31.015654178276588], [70.82067440601863, 31.014571942397463], [70.82025555747397, 31.014577850273636], [70.82022812391911, 31.013134868464633], [70.81980928155505, 31.013140774647905], [70.81980242505102, 31.01278002905801], [70.81938358413946, 31.012785933799798], [70.81936987465357, 31.01206444238787], [70.81895103677041, 31.012070345604467], [70.81893047819479, 31.01098810807385], [70.81851164491576, 31.01099400968163], [70.8185047938798, 31.010633263711284], [70.81892362558304, 31.010627362187215], [70.8189030684881, 31.009545124398052], [70.81848424151204, 31.009551025670998], [70.81849109217794, 31.009911771705976], [70.81723460578263, 31.009929467630542], [70.81722091402835, 31.009207975037032], [70.81680208813472, 31.009213870796163], [70.81679524401814, 31.008853124383478], [70.81637641957693, 31.008859018701454], [70.8163627348647, 31.00813752564424], [70.8159439134515, 31.008143418437516], [70.81593707285576, 31.00778267179302], [70.81551825289496, 31.00778856314524], [70.81551141399794, 31.007427816395637], [70.81509259548953, 31.00743370630686], [70.81508575829119, 31.00707295945216], [70.81466694123519, 31.007078847922408], [70.81466010573544, 31.006718100962637], [70.81424129013185, 31.006723987991958], [70.81422762265251, 31.00600249384081], [70.813389997378, 31.006014263493277], [70.81338316697374, 31.005653516218437], [70.81296435572739, 31.005659398925165], [70.81295752702151, 31.005298651545353], [70.81253871722757, 31.00530453281129], [70.81252506333539, 31.004583037820197], [70.81210625656922, 31.00458891756197], [70.81209943138283, 31.004228169950725], [70.81126182063241, 31.00423992519564], [70.81124135526217, 31.003157681732407], [70.81166015597304, 31.003151805038716], [70.8116260416037, 31.001348065919622], [70.81078845581048, 31.001359817116207], [70.81079527528847, 31.001720565149803], [70.81037648063256, 31.00172643879574], [70.81038329865822, 31.00208718689113], [70.80912690922861, 31.002104799935875], [70.80912009592828, 31.001744051590606], [70.80870130078145, 31.001749919807928], [70.80868086634182, 31.00066767439324], [70.80826207579753, 31.000673541003703], [70.80825526613798, 31.000312792405868], [70.80783647704605, 31.000318657576027], [70.80782286124477, 30.999597160149346], [70.8074040751802, 30.999603023796045], [70.80739046301912, 30.99888152611691], [70.80697167998181, 30.99888738824021], [70.8069580714607, 30.99816589030866], [70.80653929145059, 30.99817175090865], [70.8065256865692, 30.997450252724725], [70.8061069095862, 30.997456111801494], [70.80608650790704, 30.99637386411481], [70.80859913962182, 30.996338690797405], [70.80859232985898, 30.995977942024517], [70.80901109980773, 30.995972075139143], [70.80899747750068, 30.995250577695305], [70.80815994377907, 30.99526230977628], [70.80816675172204, 30.99562305867542], [70.8077479831027, 30.995628922763892], [70.80775478959363, 30.99598967172471], [70.80649847827637, 30.996007256098604], [70.80649167650938, 30.9956465068883], [70.80607290739992, 30.995652365549432], [70.80602530948235, 30.993127119892808], [70.80644406757004, 30.993121261813542], [70.80636926564716, 30.989153017423043], [70.80595052487661, 30.989158874588014], [70.80591653677112, 30.987355125861598], [70.80675400244925, 30.9873434110064], [70.80676760362024, 30.988064910229017], [70.80718633942364, 30.98805905060053], [70.80722035236501, 30.989862797864788], [70.80763909591643, 30.98985693646402], [70.80765270509897, 30.990578435052758], [70.80807145167627, 30.990572572129064], [70.8080850644975, 30.99129407046535], [70.80850381410076, 30.991288206018666], [70.80851062226955, 30.99164895507132], [70.80892937332449, 30.991643089184798], [70.80894299317858, 30.99236458705907], [70.80936174725956, 30.992358719649438], [70.80938218268373, 30.993440966049665], [70.80980094136527, 30.993435097033547], [70.80982138261699, 30.994517342990246], [70.81024014589931, 30.994511472367527], [70.81025377716313, 30.995232969397794], [70.81067254347184, 30.995227097251682], [70.81067936086245, 30.9955878456512], [70.81109812862299, 30.99558197206495], [70.81111176692184, 30.996303468632753], [70.81153053770885, 30.99629759352296], [70.81153735861716, 30.996658341691216], [70.81195613085605, 30.996652465141196], [70.81196977619061, 30.997373961246375], [70.81238855145607, 30.99736808317268], [70.81240220043166, 30.998089579024942], [70.81282097872379, 30.998083699427507], [70.81282780497077, 30.998444447237926], [70.81324658471478, 30.998438566200086], [70.8132534126595, 30.998799313905554], [70.81367219385542, 30.99879343142729], [70.81368585326355, 30.999514926606693], [70.81410463748625, 30.999509042604487], [70.81411146894973, 30.999869790078424], [70.81453025462433, 30.999863904635696], [70.81452342158593, 30.999503157245268], [70.81494220556256, 30.99949727052902], [70.81494904017588, 30.99985801783593], [70.81453025462433, 30.999863904635696], [70.81454392107028, 31.000585399351962], [70.81496270977176, 31.000579512385162], [70.81498321508872, 31.001661754047515], [70.81540200839224, 31.001655865473023], [70.81540884531915, 31.002016612567193], [70.81582764007464, 31.002010722552], [70.81583447869978, 31.002371469541075], [70.81625327490725, 31.00236557808515], [70.81627379624712, 31.00344781867245], [70.81669259705693, 31.00344192560856], [70.81670628171655, 31.00416341905854], [70.81712508555363, 31.00415752447017], [70.81713192964355, 31.004518271079224], [70.81755073493267, 31.004512375049966], [70.81756442663288, 31.005233868036193], [70.81798323494938, 31.00522797048233], [70.81800377815046, 31.006310209549135], [70.81884140386583, 31.0062984098673], [70.81886880913088, 31.007741394318597], [70.81928762810547, 31.00773549210673], [70.81930818807643, 31.00881772996784], [70.81972701165438, 31.0088118261473], [70.81974072207004, 31.009533317779514], [70.82015954867585, 31.00952741243393], [70.82018011995231, 31.010609649469355], [70.82059895116183, 31.010603742514878], [70.82061266911509, 31.011325233596526], [70.82103150335269, 31.011319325116837], [70.82105894704483, 31.01276230668637], [70.82147778746238, 31.012756396513723], [70.82149151320162, 31.013477887001557], [70.8219103566475, 31.013471975303503], [70.8219172212785, 31.013832720431243], [70.82233606617677, 31.013826807291583], [70.82234979896164, 31.014548297314676], [70.82276864688838, 31.014542382649466], [70.82279612024625, 31.0159853621015], [70.82363382833765, 31.015973528026315], [70.82364757206345, 31.01669501728734], [70.82406642907598, 31.016689098045035], [70.82408017644923, 31.01741058705194], [70.82449903649051, 31.017404666283777], [70.82450591193908, 31.017765410670947], [70.82492477343285, 31.017759488460833], [70.82493165058156, 31.018120232742433], [70.82451278751145, 31.018126155036537], [70.8245265390276, 31.018847643703065], [70.82494540525043, 31.018841721240985], [70.82493852785409, 31.01848097700248], [70.8253573923767, 31.01847505326639], [70.82536427134946, 31.018835797420863], [70.82494540525043, 31.018841721240985], [70.82495228277062, 31.019202465457937], [70.82453341497138, 31.019208388004017]], [[70.8116260416037, 31.001348065919622], [70.81204483431603, 31.001342188285626], [70.81203118627825, 31.000620692654064], [70.81161239671597, 31.000626570121284], [70.8116260416037, 31.001348065919622]], [[70.81075436026256, 30.999556076625357], [70.81117314534559, 30.99955020212235], [70.81116632502948, 30.999189454042945], [70.81074754152135, 30.99919532846261], [70.81075436026256, 30.999556076625357]], [[70.80990997413679, 30.999207073230878], [70.81074754152135, 30.99919532846261], [70.81073390440731, 30.99847383207253], [70.80989634332225, 30.998485576507544], [70.80990997413679, 30.999207073230878]], [[70.80856509203392, 30.994534946717778], [70.80898385568426, 30.99452908016537], [70.80897023435845, 30.993807582549362], [70.80855147385712, 30.99381344893529], [70.80856509203392, 30.994534946717778]]]}, "properties": {"direction": "decrease", "areaHa": 108.16, "before": -11.6907320022583, "after": -19.412065505981445, "change": -7.721334934234619, "clearObservationsBefore": 3.0, "clearObservationsAfter": 2.0, "centroid": [70.81319870886392, 31.00212811944527]}}, {"type": "Feature", "id": 8, "geometry": {"type": "Polygon", "coordinates": [[[70.8086721511435, 31.06670193150242], [70.80866532217158, 31.066341186679374], [70.80824624413418, 31.066347064366134], [70.80822576269641, 31.06526482951784], [70.80780668927657, 31.065270705594195], [70.80779986395652, 31.064909960518396], [70.80821893579625, 31.0649040845253], [70.80821210901898, 31.064543339511232], [70.80779303875931, 31.064549215421053], [70.80778621368498, 31.064188470302167], [70.8082052823646, 31.064182594475596], [70.8081984558331, 31.063821849418414], [70.80861752280981, 31.063815972314647], [70.8086106948212, 31.063455227319192], [70.80902976009504, 31.063449348938242], [70.80901610132666, 31.062727859049286], [70.80943516331769, 31.062721979474514], [70.80942150188127, 31.062000489665994], [70.80984056058959, 31.061994608897486], [70.80982689648535, 31.06127311916942], [70.81066500721374, 31.06126135388475], [70.81065817218655, 31.06090060915511], [70.81107722578643, 31.060894724555666], [70.81107038930251, 31.06053397988788], [70.81148944119961, 31.06052809401153], [70.81145525272763, 31.058724370766324], [70.81103620872881, 31.058730256225637], [70.81098836109368, 31.056205042193316], [70.81182642685543, 31.0561932710823], [70.81181275089246, 31.05547178149848], [70.81223178043001, 31.055465894069755], [70.81222494105384, 31.055105149328956], [70.81264396888895, 31.055099260623688], [70.81263712805664, 31.054738515944788], [70.81305615418933, 31.054732625963], [70.8130493119009, 31.05437188134602], [70.81430638482207, 31.05435420349134], [70.81432007899768, 31.055075692202646], [70.81390105165532, 31.055081586347892], [70.81391474316531, 31.055803075140048], [70.8143337736663, 31.05579718082774], [70.81434062118552, 31.05615792510794], [70.8147596531426, 31.05615202935203], [70.81480760028485, 31.058677238125032], [70.81522664317492, 31.058671340424038], [70.8151307328206, 31.053620922991858], [70.8155497534762, 31.053615025101003], [70.81550864696288, 31.051450559695393], [70.81592765802067, 31.051444660946267], [70.81591395367825, 31.050723172472505], [70.81633296145475, 31.050717272530846], [70.81631925444789, 31.049995784138094], [70.8167382589432, 31.04998988300397], [70.81671084009469, 31.048546906294373], [70.81712983815132, 31.04854100413518], [70.81712298216891, 31.048180259987546], [70.81796097475439, 31.04816845175762], [70.81794725684506, 31.04744696373245], [70.81878524262183, 31.047435150398986], [70.81879210467213, 31.047795894254893], [70.8192110989539, 31.047789985465055], [70.81922482658254, 31.048511472944714], [70.81880582914332, 31.04851738190206], [70.81882641677663, 31.04959961321113], [70.81924541895225, 31.0495937040025], [70.81925914781657, 31.05031519126657], [70.81884014248321, 31.050321100642705], [70.81884700552182, 31.050681844326157], [70.81968501922277, 31.050670024046628], [70.81967128695354, 31.049948536993224], [70.82009029046083, 31.049942624981448], [70.82010402588786, 31.05066411186724], [70.8209420388471, 31.05065228342927], [70.82098326704346, 31.052816742563227], [70.82056425115167, 31.052822657965116], [70.82057112137156, 31.05318340116247], [70.82015210377699, 31.053189315288314], [70.82015897254144, 31.053550058547938], [70.82057799171514, 31.053544144338268], [70.82058486218239, 31.0539048874925], [70.82100388281157, 31.05389897183909], [70.82104511768794, 31.05606342980858], [70.82146414766895, 31.056057512292096], [70.8214778967762, 31.05677899794168], [70.82105886363647, 31.0567849156259], [70.82107948348717, 31.057867144190126], [70.82066044548539, 31.057873060765814], [70.82067418951213, 31.058594546535176], [70.81983610681944, 31.058606375941473], [70.81984297585925, 31.05896711896144], [70.81942393274785, 31.05897303170813], [70.81945140382508, 31.06041600390754], [70.81903235427153, 31.06042191562914], [70.81903922077021, 31.06078265870885], [70.81862016951335, 31.06078856915395], [70.81862703455587, 31.06114931229586], [70.817788928512, 31.06116112927266], [70.81779579051857, 31.061521872560455], [70.81695768082109, 31.061533684263416], [70.81696453979158, 31.061894427697027], [70.81570736958002, 31.061912135299917], [70.81569366124123, 31.061190647909267], [70.81527460741682, 31.061196547555646], [70.81526775501224, 31.060835803744368], [70.81484870264426, 31.060841701946867], [70.81486240441723, 31.061563189715017], [70.81444334876639, 31.06156908672433], [70.814457047873, 31.062290574573364], [70.8140379889392, 31.06229647038944], [70.8140448370976, 31.062657214365185], [70.8127876548171, 31.062674893901658], [70.81279449835904, 31.063035638106356], [70.81237543577257, 31.063041528647858], [70.81238227785776, 31.063402272914473], [70.81196321356819, 31.063408162179], [70.81197689494812, 31.064129650814486], [70.81155782737545, 31.06413553888544], [70.81156466667008, 31.064496283254282], [70.81114559739429, 31.06450217004817], [70.81115243523199, 31.06486291447888], [70.81073336425304, 31.064868799995658], [70.81074703713749, 31.0655902889592], [70.8103279628753, 31.065596173282216], [70.81034163309167, 31.066317662326302], [70.80950347787758, 31.066329427224048], [70.80951031000991, 31.066690171880474], [70.8086721511435, 31.06670193150242]], [[70.81442965015293, 31.060847598789046], [70.81484870264426, 31.060841701946867], [70.81480760028485, 31.058677238125032], [70.81438855727147, 31.05868313446584], [70.81439540577684, 31.059043878573604], [70.8139763610606, 31.05904977363777], [70.81398320810963, 31.059410517807517], [70.81356416169052, 31.059416411595006], [70.81357785299905, 31.060137900036885], [70.81399690257747, 31.06013200608234], [70.81400374999627, 31.06049275018742], [70.81442280103114, 31.06048685478908], [70.81442965015293, 31.060847598789046]], [[70.81188113563117, 31.059079228555543], [70.81271922617248, 31.059067450669062], [70.81271238398546, 31.058706706227248], [70.81187429660334, 31.05871848394683], [70.81188113563117, 31.059079228555543]], [[70.81688224029374, 31.057565505070574], [70.81772031523941, 31.057553695208743], [70.81771345459143, 31.057192951683763], [70.81813249029958, 31.057187044796386], [70.81812562819567, 31.056826301333558], [70.81686852543903, 31.05684401766432], [70.8168548110781, 31.05612253017183], [70.81643577973776, 31.056128432727952], [70.81644263527713, 31.05648917656864], [70.81602360223401, 31.056495077848354], [70.81603731052414, 31.057216565632313], [70.81687538280467, 31.057204761378237], [70.81688224029374, 31.057565505070574]], [[70.8168548110781, 31.05612253017183], [70.817273842295, 31.05611662625566], [70.81726698372034, 31.05575588256075], [70.81684795408277, 31.055761786393248], [70.8168548110781, 31.05612253017183]]]}, "properties": {"direction": "decrease", "areaHa": 105.92, "before": -10.124942779541016, "after": -18.207542419433594, "change": -8.082599639892578, "clearObservationsBefore": 3.0, "clearObservationsAfter": 2.0, "centroid": [70.81563341709904, 31.057231129818614]}}, {"type": "Feature", "id": 9, "geometry": {"type": "Polygon", "coordinates": [[[70.72163510529964, 30.771630624530417], [70.72162868025698, 30.771269846287897], [70.71953961228516, 30.771297569073763], [70.71952036121249, 30.77021523303324], [70.71993817036646, 30.77020969140319], [70.71993175201644, 30.76984891275938], [70.71951394441976, 30.769854454310472], [70.71950752774275, 30.76949367556639], [70.71992533378217, 30.769488134094278], [70.71989966200279, 30.768045019220885], [70.71948186219208, 30.768050560377127], [70.71946903011111, 30.76732900265472], [70.71905123329888, 30.767334542308134], [70.71905764772441, 30.76769532125893], [70.7182220506387, 30.767706396688915], [70.71820281705153, 30.766624059299094], [70.71945619849305, 30.766607444847104], [70.71943695193386, 30.76552510797596], [70.71901916290662, 30.76553064723465], [70.71901274917525, 30.765169868156057], [70.71859496158923, 30.76517540599103], [70.71860137376369, 30.765536185148544], [70.71776579513089, 30.76554725694191], [70.71775297712526, 30.764825698290025], [70.71733519074925, 30.76483123201177], [70.71732237631971, 30.764109673116973], [70.71815794272871, 30.764098604644197], [70.71811307407145, 30.761573148945878], [70.71769530182182, 30.76157868330245], [70.71767607880126, 30.760496344589992], [70.71851161384538, 30.76048527500559], [70.71849879285018, 30.75976371607303], [70.71891655708579, 30.759758179421855], [70.71891014520516, 30.759397400002563], [70.71932790776863, 30.759391862085835], [70.71933432120572, 30.759752641426196], [70.72016984909854, 30.759741561401395], [70.7201634325485, 30.759380782218958], [70.72058119476483, 30.759375240268806], [70.72057477677413, 30.759014461144066], [70.72099253731827, 30.759008917928472], [70.72099895686542, 30.759369696974204], [70.72141671885018, 30.75936415233512], [70.72142956140483, 30.760085710204635], [70.72226509125274, 30.760074616576848], [70.72227151581683, 30.76043539532155], [70.72185374939428, 30.760440942886763], [70.72186017251771, 30.76080172168923], [70.72144240442277, 30.76080726798898], [70.7214488261055, 30.761168046849185], [70.72103105633813, 30.761173591883416], [70.721024636212, 30.760812812944184], [70.72060686788542, 30.76081835655484], [70.72061970514035, 30.76153991457006], [70.72103747658011, 30.76153437080137], [70.72105031741145, 30.762255928573403], [70.72146809184868, 30.76225038330207], [70.72147451399474, 30.762611162077093], [70.72314561681166, 30.762588967229235], [70.72313918843889, 30.76222818877054], [70.72355696229663, 30.76222263677612], [70.72356982227153, 30.762944193513956], [70.72398759912666, 30.76293864001663], [70.72399403084482, 30.76329941827444], [70.72441180914068, 30.763293863353287], [70.72441824253158, 30.76365464151063], [70.72483602226815, 30.76364908516562], [70.72482958732047, 30.76328830708747], [70.72524736538422, 30.763282749476982], [70.7252409289959, 30.762921971456738], [70.72565870538682, 30.762916412580815], [70.72564582984509, 30.762194856634867], [70.72522805656754, 30.762200415352336], [70.72520874879568, 30.761118081035942], [70.72646205427053, 30.761101401562915], [70.72644273353475, 30.76001906776799], [70.7268604971245, 30.760013505492388], [70.72685405555511, 30.759652727597423], [70.72727181747221, 30.75964716405664], [70.72725248879199, 30.758564830481788], [70.72641697418003, 30.75857595574316], [70.72641053463174, 30.758215177683695], [70.72766380170633, 30.75819848801292], [70.72767669025723, 30.758920043634774], [70.72892996562378, 30.75890334138836], [70.72889772177359, 30.757099453364255], [70.72639121668384, 30.75713284337748], [70.72640409519961, 30.757854399602927], [70.7251508317486, 30.75787107693646], [70.72515726651176, 30.75823185525494], [70.72432175385136, 30.758242966913798], [70.72432818561786, 30.758603745369363], [70.72349266938066, 30.75861485180892], [70.72351195603777, 30.759697187522722], [70.72225866680454, 30.759713837810853], [70.7222458182558, 30.758992280214983], [70.72182805805912, 30.75899782746392], [70.72181521308667, 30.75827626962471], [70.72223297017057, 30.758270722533908], [70.72221369891179, 30.75718838585257], [70.72263145121086, 30.757182837654604], [70.72259932698262, 30.75537894315518], [70.72218158246454, 30.75538449095773], [70.72217515952268, 30.75502371191488], [70.72259290248465, 30.755018164191412], [70.72259932698262, 30.75537894315518], [70.7234348156711, 30.755367843517334], [70.7234283880609, 30.755007064711773], [70.72384613067511, 30.7550015129556], [70.72383970162477, 30.75464073420788], [70.72425744256694, 30.754635181186647], [70.7242445817021, 30.753913623785643], [70.72299136786395, 30.7539302783419], [70.72298494227351, 30.75356949937203], [70.72256720565163, 30.75357504812334], [70.72256078173307, 30.753214269053075], [70.72214304655127, 30.753219816381144], [70.72212378015863, 30.75213747880538], [70.72170604952873, 30.752143024552147], [70.72169962918542, 30.751782245238577], [70.72128189999559, 30.75178778956222], [70.72126906276804, 30.75106623071313], [70.72210451480862, 30.751055141037945], [70.72211093647611, 30.751415920315054], [70.72294639116492, 30.75140482510562], [70.72295281605994, 30.751765604203257], [70.72253508721764, 30.75177115255909], [70.7225543579304, 30.75285348996152], [70.72338982483446, 30.752842391431177], [70.72339625174902, 30.753203170364518], [70.72381398658311, 30.75319761900404], [70.7238075581126, 30.752836840149826], [70.72422529127478, 30.752831287524362], [70.72421886136432, 30.752470508728013], [70.72380112975804, 30.75247606127433], [70.72379470151947, 30.75211528237753], [70.72463016150425, 30.752104176099145], [70.72460443726297, 30.750661060932252], [70.72418671355182, 30.7506666144268], [70.72419314288236, 30.75102739332964], [70.7233576920006, 30.751038496445023], [70.72334483967855, 30.75031693830149], [70.72292711717529, 30.750322487684922], [70.72292069274387, 30.749961708502106], [70.7262624570768, 30.749917276436616], [70.72626889395396, 30.750278054986016], [70.72585117226274, 30.750283613777285], [70.72585760770026, 30.75064439238464], [70.7254398843372, 30.750649949911164], [70.72544631833505, 30.75101072857645], [70.72586404325386, 30.751005170970686], [70.72587047892357, 30.751365949535426], [70.72545275244896, 30.75137150722042], [70.72546562102498, 30.75209306444447], [70.72504789132263, 30.752098620943848], [70.72506075725116, 30.75282017824111], [70.72464302432097, 30.752825733554793], [70.72464945590336, 30.753186512250668], [70.72423172130124, 30.753192066299423], [70.7242445817021, 30.753913623785643], [70.72466231941618, 30.753908069578543], [70.72466875134663, 30.754268848210526], [70.72550422953877, 30.75425773560543], [70.72549779449628, 30.753896957131865], [70.72591553186223, 30.753891398892268], [70.72590265901351, 30.753169842039664], [70.72548492475954, 30.753175400120796], [70.72547849006529, 30.752814621583315], [70.72673168781111, 30.752797943545303], [70.72674456665138, 30.753519500123456], [70.72716230211293, 30.753513937930666], [70.72718162591258, 30.754596272400253], [70.72759936592597, 30.754590708625404], [70.72761225215221, 30.75531226467334], [70.72719450902665, 30.755317828606824], [70.72720095075798, 30.755678606678146], [70.72803644000511, 30.755667477308307], [70.72804288496495, 30.75602825519968], [70.72846063097029, 30.756022688419023], [70.7284735243511, 30.756744243979167], [70.72889127335253, 30.75673867569552], [70.72889772177359, 30.757099453364255], [70.72931547221494, 30.7570938836569], [70.72932837251858, 30.757815438771672], [70.72974612595611, 30.757809867561168], [70.72975902983781, 30.758531422431897], [70.73101229878992, 30.758514700257518], [70.73101875557444, 30.758875477422574], [70.72976548195322, 30.758892199835305], [70.72977193418502, 30.759252977217393], [70.72935417452209, 30.759258548745546], [70.72936707622199, 30.75998010360464], [70.7285315503213, 30.75999124294515], [70.72853799823282, 30.76035202050151], [70.72812023355154, 30.7603575882344], [70.72812668002285, 30.760718365848806], [70.72770891366876, 30.760723932316537], [70.72771535869984, 30.761084709988967], [70.72729759067295, 30.761090275191492], [70.72731047797066, 30.76181183063109], [70.72689270671438, 30.761817394647682], [70.72691847647792, 30.763260505588406], [70.72775403132763, 30.763249375576155], [70.72780560134233, 30.766135595165853], [70.72822339104748, 30.76613002750798], [70.72823628782787, 30.766851582033617], [70.72781849500876, 30.766857149850196], [70.7278249420164, 30.767217927160406], [70.72698935291533, 30.76722905891763], [70.72699579692515, 30.767589836365158], [70.72574240773069, 30.76760652415228], [70.72575528675648, 30.768328079459078], [70.72617308638502, 30.768322518049764], [70.72618596898971, 30.76904407311281], [70.72535036338788, 30.769055194903505], [70.72533104899794, 30.767972861801496], [70.72491325069426, 30.767978420441736], [70.724919687151, 30.768339198242934], [70.7245018871741, 30.76834475561746], [70.72449545227448, 30.767983977737064], [70.72365985508675, 30.767995088292974], [70.72366628687213, 30.768355866331706], [70.72408408708114, 30.768350311647048], [70.72409052053968, 30.768711089585317], [70.72492612372383, 30.768699976022823], [70.7249454341389, 30.769782309234657], [70.72452762793326, 30.76978786692597], [70.72453406341324, 30.770148644699848], [70.72411625553426, 30.770154201125333], [70.72410982161153, 30.769793423272283], [70.72369201517377, 30.76979897827358], [70.72368558292435, 30.76943820032006], [70.72326777792779, 30.769443753897193], [70.72326134735158, 30.76908297584323], [70.72242574012498, 30.769094078804297], [70.72243216758676, 30.769454857016473], [70.72159655678199, 30.76946595475576], [70.72160298124523, 30.769826733104793], [70.72202078826281, 30.76982118482859], [70.72202721439919, 30.770181963077253], [70.72328063942817, 30.77016530994121], [70.72328707035236, 30.770526087931255], [70.72370488002069, 30.770520534116688], [70.7237177453317, 30.771242089874583], [70.7228821196497, 30.771253196475197], [70.72288854936448, 30.771613974480452], [70.72163510529964, 30.771630624530417]], [[70.72036881956663, 30.770925705493802], [70.72120444352487, 30.770914615192392], [70.72119159713363, 30.770193058442757], [70.72077378832705, 30.770198604107943], [70.72078020990745, 30.770559382572443], [70.72036239942774, 30.7705649269716], [70.72036881956663, 30.770925705493802]], [[70.72031746169773, 30.768039476719725], [70.72115306074025, 30.768028387682584], [70.72114021620254, 30.767306830592126], [70.72030462338839, 30.7673179193132], [70.72031746169773, 30.768039476719725]], [[70.72281782887981, 30.767645415250904], [70.72448901749092, 30.767623199835363], [70.724476148272, 30.76690164396806], [70.7248939420206, 30.766896086910315], [70.72488107015194, 30.76617453111618], [70.72446327951731, 30.76618008801553], [70.72445041122685, 30.765458531977792], [70.72403262359006, 30.765464087373974], [70.72401332669534, 30.764381752920066], [70.72359554361313, 30.764387306734005], [70.72358268271036, 30.763665750166584], [70.72274712242519, 30.76367685344379], [70.722753549705, 30.764037631896393], [70.72233576783171, 30.764043181597042], [70.72234861962549, 30.764764738596554], [70.72276640461244, 30.764759188737706], [70.72277925998362, 30.765480745493814], [70.72319704796843, 30.765475194131984], [70.72320347738484, 30.76583597239898], [70.72236789818547, 30.76584707393605], [70.7223614718829, 30.765486295510847], [70.72194368366625, 30.765491844183106], [70.72193725903651, 30.765131065657524], [70.72110168536942, 30.765142158809557], [70.72112737212818, 30.766585273416467], [70.72154516524743, 30.766579727196678], [70.72155158878373, 30.766940505716114], [70.72322276632997, 30.766918307072125], [70.72322919621028, 30.7672790852539], [70.72281140044059, 30.76728463701131], [70.72281782887981, 30.767645415250904]], [[70.72613444135916, 30.766157852349213], [70.72655223152927, 30.76615229007059], [70.7265393476695, 30.765430734825173], [70.72570377344083, 30.765441857720557], [70.72571021219878, 30.765802635512436], [70.72612800092813, 30.765797074657883], [70.72613444135916, 30.766157852349213]], [[70.72025969295268, 30.764792467719488], [70.7210952639693, 30.76478138010458], [70.72108242151654, 30.76405982263074], [70.72150020373746, 30.76405427696421], [70.7214873586344, 30.763332719563255], [70.72023402096492, 30.763349352054547], [70.72022760325738, 30.76298857308506], [70.71897426921629, 30.763005193237348], [70.71898709540655, 30.763726751628774], [70.7198226577767, 30.763715672556106], [70.71983549065696, 30.764437230546548], [70.72025327478208, 30.7644316888352], [70.72025969295268, 30.764792467719488]], [[70.72022118566561, 30.76262779409428], [70.72063896189111, 30.76262225143319], [70.72063254285841, 30.762261472500114], [70.72021476818959, 30.762267015082205], [70.72022118566561, 30.76262779409428]]]}, "properties": {"direction": "decrease", "areaHa": 105.6, "before": -11.603619575500488, "after": -18.505210876464844, "change": -6.901590824127197, "clearObservationsBefore": 3.0, "clearObservationsAfter": 2.0, "centroid": [70.72354632910155, 30.76180969261292]}}, {"type": "Feature", "id": 10, "geometry": {"type": "Polygon", "coordinates": [[[70.79296651240158, 31.21233914536017], [70.79295289526519, 31.21161766577488], [70.7925331742737, 31.21162351678231], [70.79252636748087, 31.21126277687461], [70.79210664795872, 31.211268626430943], [70.79209984288, 31.21090788641899], [70.79168012482717, 31.210913734524272], [70.7916733214625, 31.210552994408086], [70.79125360487899, 31.210558841062355], [70.79124680322832, 31.21019810084196], [70.79082708811414, 31.21020394604525], [70.79082028817743, 31.209843205720663], [70.79040057453257, 31.209849049473018], [70.79039377630973, 31.209488309044275], [70.7899740641342, 31.209494151345723], [70.78996726762519, 31.20913341081282], [70.789547556919, 31.209139251663416], [70.7895339674507, 31.208417770367777], [70.78911425980537, 31.20842360968501], [70.789107466846, 31.208062868922305], [70.78868776067, 31.20806870678877], [70.78867417830062, 31.207347225033597], [70.78825447518538, 31.20735306136686], [70.7882408964873, 31.206631579360398], [70.78782119643273, 31.20663741416052], [70.78780762140572, 31.205915931902826], [70.78738792441175, 31.205921765169883], [70.78738113867264, 31.20556102392623], [70.78696144314793, 31.205566855742738], [70.78693430777668, 31.204123890222647], [70.78651461849486, 31.204129720341427], [70.78650105472352, 31.203408237287118], [70.78608136850202, 31.203414065873112], [70.78603391028125, 31.200888873926747], [70.7856142350749, 31.200894700568245], [70.7855193588256, 31.19584431235119], [70.78593901176194, 31.195838486862613], [70.7858915714621, 31.19331329174495], [70.78631121314366, 31.193307465465306], [70.7862908786441, 31.192225238909803], [70.78671051543294, 31.192219411509843], [70.78669017725998, 31.191137185007335], [70.78710980915636, 31.191131356487166], [70.78708268693912, 31.18968838784474], [70.78750231235323, 31.189682558286876], [70.78748196720083, 31.188600331825793], [70.78706234655667, 31.188606161136413], [70.78705556667308, 31.188245418857175], [70.78789480465962, 31.188233759033558], [70.78786089117244, 31.186430048137936], [70.78744128018931, 31.186435878321205], [70.78743449944761, 31.18607513599494], [70.78911293628906, 31.186051807389177], [70.78913329795735, 31.187134033313782], [70.7895529116319, 31.187128197497152], [70.78955970068866, 31.187488939346373], [70.79081854574899, 31.187471423446144], [70.790832133768, 31.18819290658459], [70.79041251569032, 31.188198746750256], [70.79041930829321, 31.188559488369688], [70.78999968850346, 31.188565327250732], [70.7900268537769, 31.190008293842848], [70.78960722750507, 31.190014131686812], [70.78968192459286, 31.19398228894293], [70.79010156835682, 31.193976450191112], [70.79020347569931, 31.199387568276503], [70.78978380807686, 31.19939340826644], [70.78980418807217, 31.20047563154852], [70.7902238604671, 31.200469791310944], [70.79029181763683, 31.204077200022965], [70.79071150581962, 31.20407135759185], [70.79073869847461, 31.205514320142072], [70.79115839289996, 31.20550847601256], [70.79117199314362, 31.20622995699298], [70.79159169062926, 31.20622411133013], [70.79162570133558, 31.208027812990363], [70.79204540665583, 31.208021965546216], [70.79206581932212, 31.2091041860354], [70.79248552929451, 31.209098336975035], [70.79251275426248, 31.210541296994435], [70.79293247047886, 31.210535446235056], [70.79293927861853, 31.210896186103255], [70.79335899630415, 31.210890333892806], [70.79337261613422, 31.211611813399024], [70.7937923368808, 31.21160595965474], [70.79380596038426, 31.21232743890919], [70.79296651240158, 31.21233914536017]]]}, "properties": {"direction": "decrease", "areaHa": 91.52, "before": -10.990018844604492, "after": -18.355737686157227, "change": -7.36571741104126, "clearObservationsBefore": 3.0, "clearObservationsAfter": 2.0, "centroid": [70.78861472644384, 31.19891992375906]}}, {"type": "Feature", "id": 11, "geometry": {"type": "Polygon", "coordinates": [[[70.82010924387919, 30.918595259121727], [70.82010241181267, 30.91823450831082], [70.8196839834402, 30.918240397894156], [70.81967715306527, 30.91787964697808], [70.81884029908814, 30.917891421919418], [70.81883347197324, 30.91753067081451], [70.81841504636863, 30.917536556172568], [70.81840139564471, 30.91681505373098], [70.817982973054, 30.916820937569188], [70.8179761494449, 30.916460186232545], [70.81755772829963, 30.916466068634556], [70.81755090638185, 30.916105317192823], [70.81713248668204, 30.916111198158678], [70.81712566645551, 30.915750446611867], [70.81670724820118, 30.91575632614162], [70.81669361125337, 30.915034822816402], [70.81753044136597, 30.915023062738584], [70.81754408458698, 30.915744565729568], [70.81796250259553, 30.915738683494734], [70.81796932595874, 30.91609943487439], [70.81838774541269, 30.91609355120341], [70.81839457046722, 30.91645430247794], [70.81881299136656, 30.91644841737078], [70.81881981811244, 30.916809168540183], [70.81923824045718, 30.916803281996785], [70.81924506889449, 30.917164033061045], [70.82091876331651, 30.917140473026695], [70.82091192860553, 30.91677972229721], [70.82133035033483, 30.916773828990827], [70.82131667814556, 30.91605232763482], [70.82173509661496, 30.916046433143368], [70.82169407359365, 30.91388192906171], [70.82127566453379, 30.913887823050608], [70.82124832458909, 30.912444819564357], [70.82082992167852, 30.912450711865883], [70.82082308856828, 30.912089960856825], [70.8212414899108, 30.912084068639036], [70.82121415242908, 30.910641064722704], [70.82079575735845, 30.910646956605547], [70.82072060668774, 30.90667869314059], [70.82030222873941, 30.906684582750387], [70.82028174038965, 30.905602328375466], [70.8207001136353, 30.90559643901678], [70.82065230082077, 30.903071178642055], [70.82190738690325, 30.90305350421257], [70.82191422163811, 30.903414255507958], [70.82275094821203, 30.903402465628126], [70.82275778620476, 30.903763216734433], [70.82317615087426, 30.90375731968289], [70.8231829905576, 30.904118070683882], [70.82401972266162, 30.90410627235741], [70.82401287984352, 30.90374552152411], [70.82484960831958, 30.903733717957774], [70.82484276249008, 30.903372967270727], [70.8265162116923, 30.903349344251193], [70.82652306379117, 30.903710094602474], [70.82735979078626, 30.903698274813532], [70.82736664614333, 30.90405902497531], [70.82778501102297, 30.904053112968995], [70.82779186807096, 30.90441386302525], [70.82862860059431, 30.904402034788813], [70.82862174041153, 30.904041284900682], [70.82904010492041, 30.9040353688387], [70.82903324329389, 30.90367461901313], [70.82945160611176, 30.90366870168335], [70.82944474304155, 30.903307951920375], [70.82986310416845, 30.903302033322845], [70.8298562396546, 30.902941283622482], [70.83069295840266, 30.902929442540167], [70.83067922347705, 30.902207943411515], [70.83109757953098, 30.902202021010964], [70.83109071068658, 30.901841271498554], [70.83192741928868, 30.901829422810515], [70.83195490794691, 30.903272420057437], [70.83153654743876, 30.903278345414208], [70.83155716053065, 30.90436059337615], [70.83113879519668, 30.90436651763367], [70.83115940470059, 30.905448765654562], [70.83074103454052, 30.90545468881274], [70.83074790305524, 30.90581543819419], [70.83032953120393, 30.90582136008456], [70.8303363982749, 30.90618210952865], [70.82991802473232, 30.906188030151196], [70.82992489035948, 30.906548779657925], [70.82950651512566, 30.906554699012588], [70.82951337930893, 30.906915448581923], [70.82909500238384, 30.90692136666867], [70.82910186512319, 30.907282116300596], [70.82952024361592, 30.90727619812975], [70.82952710804656, 30.907636947656066], [70.82910872798622, 30.907642865911026], [70.8291155909729, 30.90800361549994], [70.82869720922122, 30.90800953248692], [70.82871779422008, 30.909091781376823], [70.8282994076416, 30.909097697263917], [70.82830626798737, 30.90945844693494], [70.82788787971748, 30.909464361553926], [70.82789473861905, 30.909825111287486], [70.82705795857291, 30.909836936636953], [70.82706481446239, 30.910197686517048], [70.82664642268617, 30.910203597247463], [70.8266532771313, 30.91056434719007], [70.8258164900726, 30.910576164762176], [70.82582334150543, 30.910936914851202], [70.82540494622297, 30.91094282169284], [70.82542549655828, 30.912025072082663], [70.8250070964485, 30.9120309778238], [70.8250207941531, 30.91275247814399], [70.82460239078385, 30.912758382700613], [70.8246366293643, 30.91456213354421], [70.82421821803095, 30.914568037167907], [70.82423191119034, 30.915289537522554], [70.82297666704079, 30.91530724078199], [70.82298350910068, 30.915667991178605], [70.82256509256928, 30.91567388964389], [70.82257193318414, 30.916034640102822], [70.82215351496116, 30.916040537299374], [70.8221603541309, 30.91640128782059], [70.82174193421636, 30.916407183748376], [70.82174877194095, 30.91676793433186], [70.82133035033483, 30.916773828990827], [70.82133718661422, 30.91713457963658], [70.82091876331651, 30.917140473026695], [70.82094610339189, 30.91858347572961], [70.82010924387919, 30.918595259121727]]]}, "properties": {"direction": "decrease", "areaHa": 91.36, "before": -10.573891639709473, "after": -19.710664749145508, "change": -9.136772155761719, "clearObservationsBefore": 3.0, "clearObservationsAfter": 2.0, "centroid": [70.82456483920099, 30.908450665405617]}}, {"type": "Feature", "id": 12, "geometry": {"type": "Polygon", "coordinates": [[[70.83296778452767, 30.802581186361678], [70.8329609357362, 30.802220431674378], [70.83254301383185, 30.802226342899434], [70.83253616672326, 30.80186558810648], [70.831700325663, 30.80187740634889], [70.83168663805363, 30.801155896361976], [70.83126872045708, 30.801161803295276], [70.8312618783968, 30.80080104818549], [70.83084396223619, 30.80080695368827], [70.83081660146581, 30.799363932698004], [70.83039869141884, 30.799369836518064], [70.83037817681354, 30.798287570297692], [70.82954236570461, 30.798299373394567], [70.82954920066483, 30.798660128990925], [70.82913129336634, 30.798666028603993], [70.82909712759307, 30.796862249987427], [70.82867922796675, 30.796868147834218], [70.82867239674071, 30.796507391962503], [70.82909029480807, 30.79650149419972], [70.82906979719229, 30.795419226707782], [70.82948769045964, 30.795413327850866], [70.82949452443393, 30.79577408361897], [70.82991241913696, 30.795768183331912], [70.82991925479341, 30.796128938994517], [70.8303371509321, 30.796123037277283], [70.83035082573272, 30.796844548369954], [70.8316045227627, 30.79682683463684], [70.83161136502497, 30.797187589898694], [70.8324471655461, 30.7971757738441], [70.83244032016583, 30.796815018750536], [70.83285821868226, 30.796809108788114], [70.83285137186645, 30.796448353757246], [70.83326926870045, 30.796442442532843], [70.83326242044916, 30.796081687564694], [70.83368031560072, 30.796075775078346], [70.83367346591403, 30.795715020172924], [70.83409135938317, 30.79570910642467], [70.83407765726257, 30.794987596717863], [70.83449554749042, 30.79498168179199], [70.83448869505662, 30.794620926990625], [70.83490658360209, 30.794615010802943], [70.83489287598762, 30.793893501304314], [70.83531076129196, 30.793887583939142], [70.83530390611136, 30.79352682924189], [70.83572178973336, 30.793520910614994], [70.83571493311769, 30.79316015598059], [70.83613281505733, 30.79315423609203], [70.83611909907958, 30.79243272692738], [70.83653697777824, 30.792426805861528], [70.83652325917794, 30.791705296779675], [70.83694113463571, 30.791699374536577], [70.83690683250704, 30.78989560187789], [70.8373247000486, 30.78988967871077], [70.83728353222651, 30.787725151317847], [70.83770139029426, 30.78771922731126], [70.83768766556027, 30.78699771817725], [70.8381055203878, 30.786991792993796], [70.83808492954046, 30.785909529384938], [70.83850277956974, 30.7859036031091], [70.83848904984087, 30.785182094097976], [70.83890689663019, 30.785176166645446], [70.8388862982913, 30.78409390322102], [70.83930414028276, 30.78408797467632], [70.83935908412765, 30.78697400936957], [70.83894122967152, 30.786979938589944], [70.83895496375489, 30.787701447217422], [70.83937282132746, 30.78769551782812], [70.83936595266562, 30.78733476360959], [70.83978380855608, 30.787328832959098], [70.83977006848762, 30.786607324626562], [70.84018792113781, 30.78660139279942], [70.84019479266827, 30.78696214689193], [70.84103050071323, 30.78695027903175], [70.84101675154358, 30.786228771163366], [70.84018104973127, 30.78624063868544], [70.8401673072899, 30.78551913039302], [70.84058515514182, 30.785513197473815], [70.84056453773502, 30.784430935127673], [70.8409823807889, 30.784425001116507], [70.8409892546919, 30.784785755168834], [70.84140709917983, 30.784779819727632], [70.84141397476483, 30.785140573673925], [70.8418318206868, 30.78513463680263], [70.84184557534492, 30.785856144461654], [70.842263424259, 30.78585020607565], [70.84227030333221, 30.78621095978834], [70.84268815368034, 30.786205019972154], [70.8427087963188, 30.787287280727483], [70.84229094129617, 30.78729322079752], [70.84230470055911, 30.788014728029562], [70.84146898390874, 30.788026604471025], [70.84147586060973, 30.788387358224], [70.84189372055522, 30.78838142059153], [70.84190059893855, 30.788742174238443], [70.84231846031831, 30.788736235175673], [70.84232534038401, 30.7890969887165], [70.84190747744591, 30.78910292786387], [70.84192123483278, 30.789824435050285], [70.84108550235096, 30.789836309646088], [70.84109237811361, 30.790197063376205], [70.840256642019, 30.790208932757935], [70.84026351478873, 30.79056968663565], [70.83984564499706, 30.790575619392314], [70.83985938779132, 30.791297127252307], [70.83944151475875, 30.79130305883213], [70.8394621252038, 30.792385320714473], [70.83904424737159, 30.792391251201824], [70.83905111620909, 30.792752005204136], [70.83863323669439, 30.792757934430018], [70.83870191629444, 30.796365474116097], [70.83828402106802, 30.796371402840393], [70.83829775535634, 30.797092910688725], [70.83787985688816, 30.797098838235726], [70.83789358855378, 30.797820346166983], [70.83747568684377, 30.7978262725366], [70.83748941588645, 30.79854778055074], [70.83707151093452, 30.798553705742926], [70.83708523735409, 30.79927521383992], [70.83666732916014, 30.79928113785457], [70.83667419099638, 30.79964189195521], [70.8362562811195, 30.79964781470793], [70.83626314152029, 30.800008568871426], [70.83542731827706, 30.80002041050653], [70.83544789086602, 30.801102673374128], [70.83502997438111, 30.80110859242505], [70.83503683059877, 30.80146934675557], [70.8346189124309, 30.801475264544376], [70.83462576721283, 30.801836018937703], [70.83420784736201, 30.801841935464342], [70.83421470070815, 30.802202689920456], [70.83379677917436, 30.802208605184884], [70.83380363108468, 30.80256935970376], [70.83296778452767, 30.802581186361678]]]}, "properties": {"direction": "decrease", "areaHa": 82.72, "before": -11.758929252624512, "after": -19.565624237060547, "change": -7.806697845458984, "clearObservationsBefore": 3.0, "clearObservationsAfter": 2.0, "centroid": [70.83618694700127, 30.794420839638907]}}, {"type": "Feature", "id": 13, "geometry": {"type": "Polygon", "coordinates": [[[70.81837884108991, 30.87134847590364], [70.81836521555735, 30.870626968294342], [70.81794699373746, 30.87063284413612], [70.81795380487753, 30.870993598035067], [70.8175355813701, 30.870999472610244], [70.81748110820432, 30.868113440148715], [70.81789931919407, 30.868107566241907], [70.81789250903599, 30.867746812171106], [70.81831071833841, 30.867740936997855], [70.81829709526143, 30.86701942895892], [70.818715301312, 30.86701355260284], [70.8187016755971, 30.86629204464515], [70.8191198783959, 30.866286167106328], [70.8191130641582, 30.86592541317885], [70.81953126526975, 30.865919534373734], [70.81951763403401, 30.86519802662158], [70.81993583189393, 30.86519214663385], [70.81992901489599, 30.86483139280918], [70.82034721106868, 30.86482551155526], [70.82033357431276, 30.864104004008773], [70.8211699600322, 30.864092237786192], [70.82114949643463, 30.86300997680743], [70.82156768441723, 30.863004091922587], [70.82155403950524, 30.862282584663422], [70.82197222423657, 30.862276698596297], [70.82196540040091, 30.861915945018204], [70.82238358344514, 30.86191005768515], [70.82236993301466, 30.86118855063202], [70.82278811280771, 30.861182662116818], [70.82278128621296, 30.860821908641782], [70.82319946431896, 30.86081601886075], [70.82319263628325, 30.860455265448007], [70.82361081270217, 30.86044937440117], [70.82360398322558, 30.86008862105073], [70.82402215795743, 30.860082728738117], [70.82401532704, 30.859721975450025], [70.8244335000848, 30.859716081871692], [70.8244198354915, 30.85899457539872], [70.82483800528536, 30.858988680638543], [70.82483117160959, 30.858627927453675], [70.82524933971642, 30.858622031427878], [70.8252425046, 30.858261278305413], [70.82566067101982, 30.858255381014004], [70.82564699802903, 30.857533874872388], [70.82606516119806, 30.857527976399346], [70.82605832332378, 30.85716722338021], [70.82647648480584, 30.857161323641684], [70.82646280629963, 30.856439817706818], [70.82688096453104, 30.856433916786777], [70.82687412389922, 30.85607316387104], [70.82729228044369, 30.85606726168561], [70.82728543837153, 30.855706508832366], [70.82770359322906, 30.85570060538157], [70.82769674971667, 30.85533985259081], [70.82811490288725, 30.8553339478747], [70.82810121310544, 30.85461244239673], [70.82851936302558, 30.85460653649935], [70.82851251675625, 30.85424578381215], [70.82934881309927, 30.85423396813773], [70.82934196382642, 30.85387321559713], [70.82976011024931, 30.853867305820135], [70.82973955848128, 30.852785048321618], [70.83015770009045, 30.85277913744768], [70.8301371447438, 30.851696880008017], [70.83055528153953, 30.851690968037268], [70.8305347226147, 30.85060871065649], [70.83095285459721, 30.850602797589037], [70.83092543817429, 30.849159787783627], [70.83259793985849, 30.849136123370187], [70.83260480003125, 30.84949687551709], [70.83302292670629, 30.84949095595711], [70.8330435126559, 30.85057321201614], [70.83471603687651, 30.850549519275198], [70.83472290535985, 30.8509102709148], [70.83514103766873, 30.850904344272674], [70.8351547781333, 30.851625847318726], [70.83473664269796, 30.851631774129498], [70.83472977396701, 30.851271022532895], [70.83431163997109, 30.85127694791029], [70.83431850713882, 30.85163769959118], [70.83390037145588, 30.85164362370378], [70.83390723718412, 30.85200437544747], [70.83348909981416, 30.852010298295248], [70.83349596410285, 30.852371050101713], [70.83307782504585, 30.85237697168462], [70.83308468789495, 30.852737723553833], [70.8322484062832, 30.852749562840703], [70.83225526612928, 30.853110314856853], [70.83183712357456, 30.85311623256074], [70.83184398198088, 30.853476984639578], [70.83142583773915, 30.85348290107848], [70.83143269470568, 30.853843653220007], [70.83101454877692, 30.85384956839386], [70.8310214043036, 30.854210320598035], [70.82976696108562, 30.854228058276657], [70.82978066312872, 30.85494956312523], [70.83019881411859, 30.854943651746726], [70.8302056668889, 30.855304404054685], [70.82978751433551, 30.855310315517283], [70.82978066312872, 30.85494956312523], [70.82936251201538, 30.854955473154455], [70.82939676146627, 30.856759235320162], [70.82897860241145, 30.856765144420404], [70.82898545110835, 30.857125896873132], [70.8285672903664, 30.85713180470805], [70.82858783250656, 30.858214062189404], [70.82816966694993, 30.858219968926996], [70.82818335919953, 30.858941473975158], [70.82776519039187, 30.85894737953132], [70.82777888000732, 30.859668884661545], [70.82736070794853, 30.85967478903618], [70.82738808240411, 30.861117799374664], [70.82696990396612, 30.86112370273568], [70.82697674632436, 30.861484455350528], [70.826558566199, 30.86149035744587], [70.8265654071165, 30.86185111012321], [70.82572904336777, 30.86186291043285], [70.82574955747538, 30.862945168839463], [70.82533137072375, 30.862951067221505], [70.82534504428335, 30.863672572886248], [70.8249268542801, 30.86367847008634], [70.82493368968049, 30.86403922297038], [70.8245154979898, 30.864045118904563], [70.82452233194913, 30.864405871850973], [70.82410413857097, 30.86441176651924], [70.82411097108918, 30.864772519527993], [70.82369277602358, 30.864778412930296], [70.82370643830075, 30.865499919050997], [70.82328823998333, 30.865505811271106], [70.82329506974222, 30.865866564383037], [70.82287686973729, 30.865872455337065], [70.82289735505921, 30.866954714795295], [70.82247915023788, 30.866960604650764], [70.82249280460549, 30.86768211101636], [70.8216563883356, 30.86769388701248], [70.8216700369371, 30.868415393627096], [70.82125182548849, 30.86842127976763], [70.82126547145272, 30.86914278646375], [70.82084725675183, 30.869148671421662], [70.82085407835373, 30.869509424821192], [70.82127229461929, 30.869503539779583], [70.82127911790886, 30.869864293073906], [70.82044268212535, 30.869876061974452], [70.8204495024084, 30.870236815414692], [70.82003128276752, 30.870242697923473], [70.82003810160872, 30.870603451425897], [70.81961988028016, 30.870609332668206], [70.81963351520163, 30.871330839775872], [70.81837884108991, 30.87134847590364]], [[70.82120406848719, 30.86589600565445], [70.82162226898423, 30.86589012009993], [70.82161544548292, 30.865529366652943], [70.82119724655028, 30.865535252123763], [70.82120406848719, 30.86589600565445]], [[70.82203364429256, 30.865523479832273], [70.8224518429792, 30.865517591661728], [70.82244501647214, 30.865156838360768], [70.82202681934987, 30.86516272644755], [70.82203364429256, 30.865523479832273]], [[70.82160862210459, 30.86516861318449], [70.82202681934987, 30.86516272644755], [70.8220199945302, 30.864801973041335], [70.82160179884926, 30.864807859694547], [70.82160862210459, 30.86516861318449]]]}, "properties": {"direction": "decrease", "areaHa": 74.72, "before": -11.746233940124512, "after": -18.804492950439453, "change": -7.058258056640625, "clearObservationsBefore": 3.0, "clearObservationsAfter": 2.0, "centroid": [70.82500841816363, 30.86094577631326]}}, {"type": "Feature", "id": 14, "geometry": {"type": "Polygon", "coordinates": [[[70.71244315033752, 30.771752354987257], [70.71243675955775, 30.77139157501008], [70.71160112763238, 30.771402608974714], [70.71159474008266, 30.77104182881901], [70.71201255454557, 30.771036312587874], [70.71200616555369, 30.7706755324895], [70.71158835264815, 30.770681048642025], [70.71155641720368, 30.76887714743778], [70.71113861196937, 30.7688826618523], [70.71110668719061, 30.76707875972294], [70.71152448463918, 30.767073245701347], [70.71149255495442, 30.76526934343275], [70.71191034450278, 30.765263828459254], [70.71190395735447, 30.76490304802028], [70.7123217452307, 30.764897531780594], [70.71230257980638, 30.763815190571798], [70.7127203628968, 30.76380967322324], [70.71271397309569, 30.763448892856363], [70.71313175451405, 30.76344337424174], [70.71312536327142, 30.763082593932225], [70.71354314301772, 30.76307707405157], [70.71353035776482, 30.762355513526035], [70.71185925054189, 30.762377584351434], [70.7118656368838, 30.762738364939402], [70.71061230058677, 30.762754904175356], [70.71063782842485, 30.764198027257333], [70.71022004320173, 30.764203537960785], [70.71023918561835, 30.765285880284413], [70.70982139560942, 30.765291389878684], [70.70983415468204, 30.76601295147838], [70.70941636144411, 30.766018459884855], [70.70940998340726, 30.76565767901714], [70.70857439970025, 30.765668691638577], [70.70856165019944, 30.764947129525414], [70.70897943899655, 30.76494162404403], [70.70897306286172, 30.764580843033997], [70.70939084998693, 30.764575336286306], [70.70936534037031, 30.763132212347234], [70.70978312115315, 30.76312670456877], [70.70977036392155, 30.76240514262855], [70.71060591891504, 30.76239412335166], [70.7105931559169, 30.761672561640395], [70.71017538159106, 30.7616780717941], [70.7101626221666, 30.760956509840653], [70.70932707939626, 30.760967525800186], [70.70931432665841, 30.76024596344757], [70.70973209498796, 30.76024045629709], [70.70972571723502, 30.759879675167358], [70.708890183574, 30.759890687966813], [70.70889655821387, 30.760251469253518], [70.70847878965432, 30.76025697371491], [70.70849153616585, 30.760978536381383], [70.7076559924756, 30.760989541584248], [70.70764962227554, 30.760628760104794], [70.70723185181465, 30.760634260610956], [70.70721274657357, 30.759551915809737], [70.70679498066744, 30.759557414736186], [70.70678861403998, 30.75919663301485], [70.70637084957548, 30.75920213051844], [70.70634539043975, 30.757759003106887], [70.70676314867855, 30.75775350591674], [70.70676951484664, 30.758114287723178], [70.70760503409247, 30.758103289152864], [70.70759866481161, 30.757742507503202], [70.70801642270582, 30.75773700627981], [70.70801005198352, 30.757376224687253], [70.70884556431446, 30.757365218364125], [70.70885193814946, 30.757725999799774], [70.7096874531332, 30.757714987942116], [70.70968107618552, 30.75735420666342], [70.71009883194853, 30.757348698796488], [70.71008607528564, 30.756627136332284], [70.70799731088363, 30.756654661438365], [70.70799094050606, 30.756293879781982], [70.70840869206015, 30.756288377527902], [70.7083959485373, 30.755566814308203], [70.70881369686401, 30.75556131086669], [70.70880732371882, 30.755200529303373], [70.70922507037439, 30.75519502459602], [70.70921869578801, 30.754834243089896], [70.70963644077244, 30.754828737116767], [70.70963006474494, 30.75446795566785], [70.71004780805825, 30.75446244842896], [70.71004143058967, 30.754101667037272], [70.71045917223185, 30.754096158532683], [70.71045279332226, 30.753735377198225], [70.71087053329332, 30.75372986742796], [70.7108832943397, 30.754451429918507], [70.7104655512565, 30.754456939845863], [70.71047830965102, 30.75517850240837], [70.71089605584648, 30.755172992323935], [70.71090881781366, 30.75589455464424], [70.71132656700635, 30.755889043058406], [70.71133933254643, 30.756610605136455], [70.71092158024126, 30.756616116879417], [70.71093434312931, 30.75733767902947], [70.71051658759646, 30.75734318958517], [70.7105357281228, 30.758425532886285], [70.71095348832473, 30.75842002209493], [70.71095987028679, 30.758780803074185], [70.71054210852843, 30.75878631394409], [70.71055486968496, 30.759507875995855], [70.71097263455624, 30.759502364968863], [70.71097901686365, 30.759863145884264], [70.71139678317631, 30.7598576334342], [70.71139039931239, 30.759496852597362], [70.7118081639534, 30.759491338881364], [70.71179539345813, 30.758769777301012], [70.71137763193003, 30.758775290859827], [70.71137124841157, 30.75841450995915], [70.71178900838325, 30.758408996478913], [70.71177623857902, 30.757687434770855], [70.71219399532278, 30.757681920103405], [70.7121876090371, 30.75732113929605], [70.71260536410934, 30.75731562336281], [70.71256065244144, 30.75479015766582], [70.71214290826272, 30.754795673048694], [70.71211736749719, 30.753352549010575], [70.71253510545166, 30.753347033942173], [70.71254787871614, 30.75406859584657], [70.71296561966747, 30.754063079276722], [70.7129720080286, 30.754423860118354], [70.71338975042077, 30.75441834212565], [70.71337697070166, 30.75369678057842], [70.71379470986645, 30.75369126139883], [70.71380110122442, 30.75405204210442], [70.71463658232018, 30.754040999555297], [70.71463018785013, 30.753680219007123], [70.7158834039605, 30.75366364533821], [70.71591540080563, 30.755467546684912], [70.7146621613539, 30.75548412153514], [70.71467495156288, 30.756205682397333], [70.71592820035174, 30.75618910707458], [70.71594100035963, 30.756910667379092], [70.71552324776627, 30.756916193988545], [70.71554244397505, 30.757998534521988], [70.71512468659732, 30.758004060023367], [70.71513748153419, 30.758725620430074], [70.71555524202469, 30.75872009477118], [70.71556164122265, 30.759080874863855], [70.71514387917571, 30.759086400601504], [70.71515027693265, 30.759447180751632], [70.71473251321387, 30.759452705223566], [70.71473890952973, 30.759813485431152], [70.71557443996487, 30.75980243498531], [70.71561923919889, 30.762327894739812], [70.71520146314286, 30.76233342118633], [70.71525265673986, 30.765219660258506], [70.71567044525035, 30.76521413318182], [70.7156896494247, 30.766296472246278], [70.71485406294654, 30.766307525527406], [70.71486046145489, 30.7666683053305], [70.71444266648567, 30.76667383003251], [70.71444906355237, 30.767034609893056], [70.71486686007864, 30.767029085112306], [70.71487325881783, 30.767389864872822], [70.71403766253572, 30.767400913246888], [70.71404405827612, 30.767761693143562], [70.71362625840489, 30.767767215391927], [70.71361986422163, 30.767406435416568], [70.71278426724744, 30.76741747572117], [70.71286096768476, 30.771746835908612], [70.71244315033752, 30.771752354987257]], [[70.71310619023518, 30.762000252875982], [70.71477728984786, 30.761978166229653], [70.71477089283972, 30.761617386149783], [70.71435311966621, 30.76162290974958], [70.71434032910929, 30.760901349368545], [70.71475809916957, 30.76089582592621], [70.71474530596096, 30.76017426561746], [70.7143275390138, 30.76017978890235], [70.71432114413908, 30.759819008637322], [70.71348561301176, 30.75983005101613], [70.71347922136536, 30.759469270572435], [70.71222592847924, 30.759485823820874], [70.71223231545615, 30.759846604500513], [70.71181454937381, 30.759852119639618], [70.71183370632615, 30.76093446178668], [70.71099816447663, 30.760945488502816], [70.71101093012763, 30.76166705014209], [70.71309979945366, 30.761639472481328], [70.71310619023518, 30.762000252875982]], [[70.70887106034432, 30.75880834397905], [70.70928882256288, 30.758802838487007], [70.70927607120518, 30.758081275879043], [70.70885831209944, 30.758086781214143], [70.70887106034432, 30.75880834397905]], [[70.71304867735124, 30.758753228557815], [70.71346643841846, 30.758747709621172], [70.71346004711793, 30.758386929113602], [70.71304228760714, 30.758392447971577], [70.71304867735124, 30.758753228557815]], [[70.7147069291042, 30.758009584180332], [70.71512468659732, 30.758004060023367], [70.71511189212204, 30.757282499531506], [70.71427638324575, 30.757293546186105], [70.71428277731304, 30.75765432660015], [70.7147005333652, 30.757648803866317], [70.7147069291042, 30.758009584180332]], [[70.7134217017358, 30.756222245621252], [70.71425720173585, 30.756211204816296], [70.71424441463924, 30.755489643796654], [70.71340892086397, 30.75550068428686], [70.7134217017358, 30.756222245621252]]]}, "properties": {"direction": "decrease", "areaHa": 71.84, "before": -12.426462173461914, "after": -18.577211380004883, "change": -6.150749683380127, "clearObservationsBefore": 3.0, "clearObservationsAfter": 2.0, "centroid": [70.71210791445372, 30.760993308673985]}}, {"type": "Feature", "id": 15, "geometry": {"type": "Polygon", "coordinates": [[[70.80573966513894, 31.17752032269907], [70.80570542771027, 31.175716626485535], [70.80528586808721, 31.17572251303819], [70.80527217715554, 31.17500103423515], [70.80485262058698, 31.175006919254898], [70.80484577689464, 31.17464617973777], [70.80442622179177, 31.174652063307885], [70.80441937981126, 31.174291323685964], [70.80399982617409, 31.174297205806486], [70.80398614575971, 31.173575726331528], [70.80356659517692, 31.173581606919335], [70.803552918432, 31.172860127191687], [70.80313337090352, 31.172866006246863], [70.80311969782784, 31.17214452626658], [70.8027001533536, 31.172150403789193], [70.80269331858877, 31.171789663683555], [70.80227377558015, 31.171795539756776], [70.8022669425268, 31.171434799546464], [70.8018474009838, 31.17144067417034], [70.80182690732666, 31.170358453160638], [70.80140737042623, 31.170364326169093], [70.801332253949, 31.166396179891237], [70.80175177337833, 31.16639030779637], [70.80174494375656, 31.1660295671792], [70.80216446147493, 31.16602369380142], [70.8021712926848, 31.16638443433552], [70.80342984986683, 31.16636680575709], [70.80342301389264, 31.16600606547232], [70.8038425311193, 31.166000186630704], [70.80383569368, 31.165639446407507], [70.80299666227985, 31.165651202558504], [70.80298982813963, 31.16529046214742], [70.80257031384319, 31.165296338090904], [70.80252932111121, 31.163131894672606], [70.80169031120501, 31.163143641464917], [70.80168348268886, 31.16278290065351], [70.80126397913936, 31.162788771917928], [70.80127763311876, 31.163510253685228], [70.8008581262707, 31.163516123749897], [70.80087177756549, 31.16423760559694], [70.80129128758941, 31.16423173536623], [70.80129811500895, 31.16459247617435], [70.80213713786424, 31.164580731449202], [70.80215763038794, 31.165662953245747], [70.8013185980045, 31.165674698469235], [70.8013117702165, 31.16531395772585], [70.8008922554286, 31.165319828205654], [70.80087860339707, 31.164598346488095], [70.80045909166239, 31.164604215435954], [70.8004045011507, 31.161718287038447], [70.79998500199625, 31.161724153956524], [70.79995089485416, 31.159920447591823], [70.80037038607017, 31.159914581088657], [70.80033627405803, 31.158110874599412], [70.80075575721357, 31.158105007145597], [70.80073528671672, 31.157022783242112], [70.80031580832346, 31.157028650446936], [70.80030216511403, 31.156307167570727], [70.79988268977277, 31.15631303324413], [70.7998690502288, 31.15559155011567], [70.80028852239546, 31.15558568460822], [70.80029534369338, 31.155946426100268], [70.8007148173246, 31.155940559144423], [70.80072164033257, 31.15630130053189], [70.80114111542835, 31.156295432127617], [70.80115476498722, 31.1570169146718], [70.80157424313495, 31.157011044736013], [70.80158789635975, 31.157732527027832], [70.80200737755948, 31.15772665556046], [70.80201420594355, 31.15808739659093], [70.80159472315636, 31.158093268141357], [70.80164251417148, 31.160618455331868], [70.80122302014848, 31.16062432609803], [70.80122984633996, 31.16098506712196], [70.80206883743848, 31.160973324057874], [70.80207566692816, 31.161334064894127], [70.80417315046249, 31.16130468291879], [70.8041799880137, 31.161665423317867], [70.80543848142169, 31.161647777494665], [70.80544532385917, 31.162008517622567], [70.80586482300345, 31.162002632866827], [70.80588535581784, 31.163084852871307], [70.80546585191014, 31.163090737876757], [70.80545900910339, 31.162729997813607], [70.80503950666044, 31.16273588137005], [70.80505318922133, 31.163457361641186], [70.80589220033555, 31.16344559282962], [70.80589904497639, 31.16380633276635], [70.8063185519367, 31.163800446228592], [70.80633909136182, 31.164882665659473], [70.80591957963765, 31.16488855244701], [70.80592642477102, 31.165249292297382], [70.80634593808318, 31.165243405426587], [70.80639386858141, 31.167768583191872], [70.80681339288722, 31.167762694372204], [70.80689559255887, 31.172091567080457], [70.80647604919241, 31.17209745689957], [70.80655824754434, 31.17642632749792], [70.80613868498989, 31.176432216950083], [70.80615923258344, 31.177514434363637], [70.80573966513894, 31.17752032269907]], [[70.80394510746942, 31.171411287388473], [70.80436464839758, 31.171405405933363], [70.80435780752462, 31.171044666117137], [70.80477734674123, 31.17103878337896], [70.80476366218758, 31.17031730384813], [70.80434412614788, 31.170323186419903], [70.80435096677473, 31.170683926279306], [70.80393142902354, 31.17068980756807], [70.80394510746942, 31.171411287388473]], [[70.80433044526333, 31.16960170663633], [70.80558904348281, 31.16958405532172], [70.8055685087839, 31.168501836233315], [70.80514898093215, 31.168507721121305], [70.8051079243878, 31.166343281862225], [70.8038493686816, 31.16636092683234], [70.80386304417517, 31.167082407170835], [70.80428256604324, 31.167076526713778], [70.80430308497077, 31.16815874681011], [70.80472261148043, 31.168152864737472], [70.80472945295728, 31.16851360464322], [70.80430992485935, 31.16851948679904], [70.80431676487098, 31.168880226766387], [70.80389723506171, 31.168886107639295], [70.80390407360804, 31.169246847668227], [70.80432360500564, 31.169240966712152], [70.80433044526333, 31.16960170663633]], [[70.80380150832842, 31.163835744967642], [70.80422101590409, 31.163829865259057], [70.80421417761484, 31.163469124989486], [70.80379467162706, 31.163475004614916], [70.80380150832842, 31.163835744967642]]]}, "properties": {"direction": "decrease", "areaHa": 67.36, "before": -12.862836837768555, "after": -18.946760177612305, "change": -6.083922863006592, "clearObservationsBefore": 3.0, "clearObservationsAfter": 2.0, "centroid": [70.80372151722628, 31.16699846483027]}}, {"type": "Feature", "id": 16, "geometry": {"type": "Polygon", "coordinates": [[[70.84556059995043, 30.805289237427232], [70.84554680693896, 30.80456773344372], [70.84596473591803, 30.804561779885557], [70.84595094028494, 30.803840275985614], [70.84636886602061, 30.803834321250495], [70.8463550677661, 30.80311281743416], [70.84593714514932, 30.80311877199968], [70.84591645337869, 30.80203651585959], [70.8454985353157, 30.802042468824315], [70.84549163986688, 30.80168171664985], [70.84590955637053, 30.801675763769904], [70.84588196958154, 30.800232755196227], [70.84546405931492, 30.800238707737083], [70.84545026978492, 30.799517203151744], [70.84586817693318, 30.799511250780437], [70.84586128079553, 30.799150498540296], [70.84544337520641, 30.79915645082684], [70.84539511663765, 30.79663118395072], [70.84581301131362, 30.796625232257544], [70.84579922115212, 30.7959037274119], [70.84621711258595, 30.795897774542166], [70.84619642359971, 30.79481551736686], [70.84661431023272, 30.794809563405437], [70.8465798232825, 30.793005801440785], [70.84699770199758, 30.792999846557414], [70.84699080342205, 30.792639094184832], [70.84657292626558, 30.792645048983378], [70.84655913260485, 30.791923544004096], [70.84614125844118, 30.791929497287146], [70.8461343633559, 30.791568744680472], [70.84571649062644, 30.79157469653286], [70.8457027039459, 30.7908531910855], [70.84612057355837, 30.790847239402662], [70.8461136788461, 30.790486486731524], [70.84653154677576, 30.790480533787655], [70.84654533944158, 30.791202038938863], [70.84696321036382, 30.791196084479562], [70.8469701084418, 30.791556836938113], [70.84738798079816, 30.791550881048146], [70.84737418164964, 30.79082937627922], [70.84779205076461, 30.790823419213094], [70.84777824899687, 30.790101914527895], [70.84819611487052, 30.79009595628569], [70.84818921261493, 30.78973520399574], [70.84944280481378, 30.78971732144919], [70.84947043328415, 30.791160329461217], [70.85030617326143, 30.791148400355098], [70.8502923525433, 30.7904268967319], [70.85071021922812, 30.790420930330068], [70.85068948441038, 30.789338674989004], [70.85110734629544, 30.7893327074964], [70.85110043338045, 30.78897195575805], [70.85193615365989, 30.788960016905712], [70.85198456850028, 30.791485277432255], [70.85240243936177, 30.791479305392084], [70.8524231951256, 30.792561559325804], [70.85284107053795, 30.792555585684553], [70.85285491145487, 30.79327708802935], [70.852019154271, 30.79328903430626], [70.85202607179934, 30.793649785616566], [70.85077243041209, 30.793667695192458], [70.85077934338914, 30.794028446736352], [70.85161510755603, 30.794016508195007], [70.85162202377516, 30.794377259547364], [70.85287567376623, 30.794359341385324], [70.8528825947863, 30.794720092460963], [70.85246471002196, 30.794726066612732], [70.85247162960806, 30.795086817751965], [70.85205374316018, 30.79509279064279], [70.85206757958909, 30.795814293026893], [70.85164968989885, 30.795820264741785], [70.85165660674157, 30.796181015986637], [70.85123871536776, 30.79618698644048], [70.85125254630958, 30.796908489035758], [70.85083465169328, 30.796914458313545], [70.8508553943644, 30.797996712300264], [70.8504374949465, 30.7980026804869], [70.85044440786054, 30.7983634318578], [70.85002650675894, 30.798369398783226], [70.85003341823858, 30.79873015021761], [70.84961551545331, 30.79873611588178], [70.84962242549848, 30.79909686737964], [70.84920452102952, 30.799102831782513], [70.84922524723524, 30.800185086401893], [70.84880733796426, 30.800191049713288], [70.84880043066362, 30.799830298110063], [70.84754670678102, 30.79984817971171], [70.84755360940413, 30.800208931569596], [70.8471356996351, 30.800214889495734], [70.84717020682132, 30.802018648886932], [70.84758812438668, 30.802012690536547], [70.8475950277566, 30.802373442265445], [70.84801294675682, 30.802367482483785], [70.84802675698893, 30.803088985707344], [70.84719091262642, 30.803100904263697], [70.84719781481036, 30.80346165601297], [70.84677989088297, 30.80346761335628], [70.84679369250526, 30.80418911695998], [70.84637576533449, 30.804195073126426], [70.84638266477275, 30.80455582498085], [70.84596473591803, 30.804561779885557], [70.84597853204865, 30.80528328369952], [70.84556059995043, 30.805289237427232]]]}, "properties": {"direction": "decrease", "areaHa": 62.56, "before": -12.252772331237793, "after": -20.036041259765625, "change": -7.783267974853516, "clearObservationsBefore": 3.0, "clearObservationsAfter": 2.0, "centroid": [70.84865783171173, 30.79554054290055]}}, {"type": "Feature", "id": 17, "geometry": {"type": "Polygon", "coordinates": [[[70.84314367308158, 30.875689134434797], [70.84312985967055, 30.874967637313965], [70.84271162480002, 30.87497359391274], [70.84270471984625, 30.874612845235344], [70.84312295315175, 30.874606888721278], [70.84311604675742, 30.874246140107076], [70.84186135116263, 30.87426400534433], [70.84186825286194, 30.874624754212594], [70.8414500191832, 30.874630706675784], [70.84143621903897, 30.873909208748422], [70.84185444958773, 30.873903256454536], [70.84184754813718, 30.873542507543213], [70.84142931915339, 30.87354845975246], [70.84142241939216, 30.87318771073498], [70.84184064681102, 30.87318175861038], [70.84182684453185, 30.87246026068017], [70.84224506869657, 30.872454307374685], [70.84219675368388, 30.869929064533746], [70.84136032713668, 30.8699409686094], [70.84133963195626, 30.868858720846895], [70.84092142319, 30.868864670605788], [70.84093521672341, 30.869586169304867], [70.83968058029129, 30.86960401098912], [70.8396736881563, 30.869243261396587], [70.83925547732841, 30.869249205840063], [70.83923480636248, 30.868166956679744], [70.83881660010412, 30.868172899519635], [70.83880971159503, 30.867812149671987], [70.83839150677703, 30.867818091077428], [70.83838461995659, 30.867457341123753], [70.83796641657895, 30.86746328109477], [70.8379595314471, 30.86710253103511], [70.83754132950983, 30.867108469571733], [70.83753444606651, 30.866747719406103], [70.83711624556963, 30.86675365650838], [70.8370887192944, 30.865310655292976], [70.83667052493097, 30.865316590707682], [70.8366223696738, 30.862791337161735], [70.83620418613589, 30.862797270635827], [70.83618355472059, 30.861715018540345], [70.83827444770888, 30.86168533893971], [70.8382882175024, 30.862406839513852], [70.83787003602468, 30.862412778302147], [70.83788380318636, 30.86313427895921], [70.83830198779228, 30.863128340001953], [70.83829510258529, 30.86276758976865], [70.83871328550298, 30.8627616495462], [70.83870639885599, 30.8624008993759], [70.83912458008547, 30.86239495788829], [70.83911080403576, 30.861673457652163], [70.83994715986601, 30.861661570966184], [70.83993337805693, 30.860940070982192], [70.84160607571488, 30.860916282091743], [70.84159917874086, 30.86055553240587], [70.84201735128069, 30.860549581893995], [70.84205874437363, 30.862714079178676], [70.84373147082543, 30.862690261603117], [70.84373837636588, 30.863051010736477], [70.84332019337546, 30.863056967239572], [70.84332709747626, 30.863417716436146], [70.84249072799386, 30.863429625562713], [70.84248382702133, 30.863068876196756], [70.84206564365768, 30.863074828650834], [70.84208634225594, 30.86415707693819], [70.84292271824384, 30.864145170172293], [70.84295033062996, 30.86558816691012], [70.84253213644118, 30.865594121306696], [70.84254594025208, 30.866315619715888], [70.84296413756957, 30.866309665149927], [70.8430055613747, 30.868474159352964], [70.84342376795448, 30.86846820292886], [70.84343758001414, 30.86918970065497], [70.84385578959859, 30.86918374271144], [70.84386269737975, 30.869544491457468], [70.84428090840429, 30.869538532079197], [70.84428781787457, 30.869899280718958], [70.8434513925717, 30.86991119829499], [70.84346520562714, 30.87063269584893], [70.84430163718874, 30.870620777933922], [70.84430854703261, 30.87098152650911], [70.84472676419134, 30.870975565441714], [70.8447336757245, 30.871336313910618], [70.8451518943234, 30.871330351408343], [70.8451449812255, 30.870969603024232], [70.84598141492, 30.87095767413901], [70.84597449881726, 30.870596925903033], [70.84681092888376, 30.87058499178719], [70.84682476747277, 30.871306487898163], [70.84640654937242, 30.87131245580086], [70.8463996315803, 30.870951707671264], [70.84598141492, 30.87095767413901], [70.84599524749943, 30.87167917054638], [70.84557702758498, 30.871685135833708], [70.8455908575334, 30.872406632324655], [70.84642730349688, 30.872394700060486], [70.8464480587435, 30.873476944126402], [70.84602983112947, 30.87348291118813], [70.84602291415413, 30.87312216310283], [70.84560468798034, 30.873128128729512], [70.84559777269456, 30.872767380537848], [70.84476132310284, 30.872779307570983], [70.84474749916454, 30.872057810783836], [70.8439110553339, 30.872069732077154], [70.84391796411111, 30.87243048065102], [70.84349974044419, 30.8724364393572], [70.84350664778104, 30.872797187994284], [70.84308842242477, 30.872803145435014], [70.84310223434215, 30.87352464281408], [70.84352046282825, 30.873518685203912], [70.84352737053858, 30.873879433776448], [70.84394560046515, 30.873873474731308], [70.84393869118986, 30.87351272624352], [70.84435691942693, 30.87350676593288], [70.84435000871126, 30.87314601750834], [70.84476823525887, 30.873140055932268], [70.84478205994463, 30.873861552590277], [70.84394560046515, 30.873873474731308], [70.8439594193893, 30.874594971642303], [70.84479588512873, 30.874583049162176], [70.84480971081116, 30.87530454564801], [70.84355500262494, 30.875322427851348], [70.84356191095779, 30.87568317631626], [70.84314367308158, 30.875689134434797]], [[70.84219675368388, 30.869929064533746], [70.84261496677092, 30.869923110470868], [70.84260116047186, 30.869201612492013], [70.84218295051409, 30.869207566385526], [70.84219675368388, 30.869929064533746]], [[70.84044116363185, 30.86562387304243], [70.84085935844234, 30.865617925394908], [70.8408524629807, 30.86525717581946], [70.84043426973453, 30.865263123382384], [70.84044116363185, 30.86562387304243]], [[70.84000918415532, 30.86490831982938], [70.84042737596145, 30.864902373700826], [70.84042048231264, 30.864541623997763], [70.84083867243028, 30.864535676604024], [70.84083177734146, 30.86417492696404], [70.84166815407544, 30.86416302829654], [70.84166125598252, 30.863802278804286], [70.84124306924188, 30.863808228728267], [70.84123617283747, 30.863447479129874], [70.8408179875367, 30.863453427619532], [70.84081109282072, 30.863092677915002], [70.84039290895981, 30.86309862497037], [70.84039980211165, 30.863459374759486], [70.83998161656238, 30.863465320549743], [70.84000918415532, 30.86490831982938]]]}, "properties": {"direction": "decrease", "areaHa": 58.88, "before": -13.49200439453125, "after": -20.37018585205078, "change": -6.87817907333374, "clearObservationsBefore": 3.0, "clearObservationsAfter": 2.0, "centroid": [70.84101035133641, 30.867088701847]}}, {"type": "Feature", "id": 18, "geometry": {"type": "Polygon", "coordinates": [[[70.83109489232841, 31.055560293125964], [70.83108798176085, 31.055199552181428], [70.82899286067192, 31.055229281722283], [70.82893764377468, 31.052343350018585], [70.82851863181709, 31.052349291173215], [70.82851173184304, 31.051988549528968], [70.82893074222162, 31.051982608458527], [70.82891003830784, 31.050900383648912], [70.82849103266611, 31.05090632446673], [70.82846343550237, 31.049463357415064], [70.8288824348287, 31.049457416934054], [70.82887553426947, 31.049096675201394], [70.82845653652194, 31.049102615598212], [70.82844963766568, 31.04874187375979], [70.82761164495555, 31.048753750306176], [70.82757027336986, 31.04658929781258], [70.82798926031506, 31.046583360724146], [70.82795477951454, 31.04477965014038], [70.82837375844312, 31.04477371211332], [70.82827720661645, 31.039723320788273], [70.82785824978306, 31.03972925763699], [70.82779620780181, 31.036482574509577], [70.82737726504546, 31.03648850924188], [70.82737037369024, 31.036127766480174], [70.82778931486885, 31.03612183183202], [70.82777552937522, 31.03540034641223], [70.82735659135204, 31.03540628089211], [70.82732213767758, 31.03360256654452], [70.82774106781265, 31.033596632485306], [70.8276652632938, 31.029628459948334], [70.82724635051005, 31.02963439308211], [70.8272187952611, 31.028191420267053], [70.82763770173614, 31.028185487469788], [70.82763081165686, 31.02782474429624], [70.82721190675892, 31.027830677009383], [70.82719813012666, 31.027109190429353], [70.82761703187045, 31.027103257884466], [70.82761014216331, 31.026742514646212], [70.8284479421247, 31.026730645649362], [70.82847551431404, 31.028173617799705], [70.82889442041683, 31.02816768092689], [70.82890131535156, 31.028528423826394], [70.82848240767163, 31.028534360783397], [70.8285030884891, 31.029616589605023], [70.82892200090059, 31.029610652395473], [70.82892889633189, 31.029971395208705], [70.82850998234316, 31.029977332502447], [70.82857892771052, 31.03358476029048], [70.82815999782365, 31.033590697067304], [70.82818757313593, 31.03503366791534], [70.82860650933321, 31.035027730801826], [70.8286961633257, 31.039717382580427], [70.82911511991077, 31.039711443013463], [70.82917031465362, 31.042597380084036], [70.8295892837396, 31.042591438484138], [70.8296444990591, 31.045477373500308], [70.83006348064772, 31.04547142986713], [70.8301187165485, 31.04835736282855], [70.83053771064152, 31.048351417161765], [70.83059296712818, 31.051237348068124], [70.83101197372737, 31.051231400367374], [70.83106034073452, 31.053756588187515], [70.83147935826251, 31.05375063853678], [70.83148626991164, 31.054111379483306], [70.83274332648638, 31.05409352211875], [70.83273641009987, 31.053732781425314], [70.83315542713001, 31.05372682633508], [70.83314850928889, 31.053366085704464], [70.83356752461542, 31.05336012933878], [70.83358828324975, 31.054442350912645], [70.83316926318585, 31.054448307531572], [70.83318309973984, 31.05516978864174], [70.832764076393, 31.055175744069565], [70.83277099327755, 31.055536484676683], [70.83109489232841, 31.055560293125964]]]}, "properties": {"direction": "decrease", "areaHa": 46.24, "before": -12.076215744018555, "after": -19.562763214111328, "change": -7.486547946929932, "clearObservationsBefore": 3.0, "clearObservationsAfter": 2.0, "centroid": [70.82922281849102, 31.044613189217234]}}, {"type": "Feature", "id": 19, "geometry": {"type": "Polygon", "coordinates": [[[70.83413266811134, 30.8198855513507], [70.83412581026839, 30.819524797862858], [70.83370781372741, 30.819530715824023], [70.83370095756885, 30.81916996223048], [70.83328296246502, 30.81917587876004], [70.83326925364011, 30.81845437134], [70.8324332693045, 30.818466200020243], [70.83242641819872, 30.818105446109605], [70.83326239941302, 30.81809361759776], [70.83326925364011, 30.81845437134], [70.83368724562256, 30.8184484549789], [70.83366667863015, 30.817366193940412], [70.83492063979014, 30.817348437531535], [70.83489320013774, 30.815905423523954], [70.83447521945016, 30.81591134333705], [70.8344683614067, 30.815550589697164], [70.83405038215591, 30.81555650807881], [70.83404352579655, 30.815195754333182], [70.83362554798255, 30.815201671283422], [70.83359813002266, 30.81375865574913], [70.83318015832654, 30.813764571015348], [70.8331733057058, 30.813403816993844], [70.83275533544641, 30.81340973082878], [70.83274848450951, 30.81304897670161], [70.83233051568683, 30.813054889105302], [70.83230996829786, 30.81197262634238], [70.83272793243991, 30.81196671419123], [70.83272108199708, 30.811605959978138], [70.83313904445545, 30.811600046564195], [70.83312534082013, 30.810878538241976], [70.83354330003475, 30.8108726236495], [70.83353644684234, 30.810511869540388], [70.83395440437333, 30.810505953685237], [70.83394754974444, 30.81014519963886], [70.8343655055918, 30.810139282521046], [70.83440664457966, 30.812303805971496], [70.83398867937169, 30.812309723594822], [70.83399553474216, 30.8126704775123], [70.83441350151034, 30.81266455980472], [70.83445464569076, 30.814829082352947], [70.83487262169709, 30.81482316279269], [70.83487948105363, 30.815183916391252], [70.83571543581601, 30.81517207306074], [70.83570171098508, 30.814450566179346], [70.83611968505993, 30.814444642662053], [70.83607164112725, 30.811919368490756], [70.83648960415664, 30.811913444216813], [70.83648273967252, 30.81155269076218], [70.8360647782033, 30.811558614951775], [70.83605105272656, 30.810837107809373], [70.83563309425377, 30.810843030483344], [70.83560565102518, 30.809400015603426], [70.83602360325794, 30.809394093266764], [70.83601674120011, 30.8090333395774], [70.83685264217452, 30.809021491032276], [70.83686637265372, 30.809742998052087], [70.83728432607515, 30.809737071590533], [70.83729119306041, 30.810097824983824], [70.83770914791803, 30.81009189709101], [70.83768167448008, 30.80864888372654], [70.83642782825518, 30.80866666235175], [70.83639351264137, 30.806862893897026], [70.83681145370767, 30.806856969457243], [70.83680458939641, 30.80649621578621], [70.83722252877921, 30.806490290084085], [70.83720879740859, 30.80576878284635], [70.8376267335482, 30.805762855966343], [70.83761986648894, 30.805402102399647], [70.83803780094507, 30.805396174257424], [70.83803093245001, 30.80503542075367], [70.83970266279735, 30.80501169505647], [70.83969578818778, 30.80465094186907], [70.84094957996808, 30.804633133710535], [70.84096333866876, 30.805354639556672], [70.84054540508014, 30.805360577125185], [70.84056603938251, 30.806442835986886], [70.84014810099087, 30.80644877246238], [70.84017560889129, 30.80789178431528], [70.83975766413661, 30.80789771978217], [70.83977141571113, 30.808619225748732], [70.83935346771275, 30.808625160037867], [70.83936034212608, 30.808985913073414], [70.83894239244387, 30.808991846100245], [70.83894926542122, 30.809352599198778], [70.8381133625652, 30.809364461380927], [70.83812023254657, 30.80972521462687], [70.83895613852249, 30.80971335227583], [70.83896301174771, 30.81007410533138], [70.83938096610979, 30.81006817205112], [70.8394153418951, 30.81187193658422], [70.83816145503614, 30.811889733651398], [70.83816832588465, 30.81225048674695], [70.83858628985504, 30.812244555653734], [70.8386000350441, 30.812966061611487], [70.83818206795333, 30.812971992873592], [70.83818893917348, 30.813332745904674], [70.83777097039857, 30.813338675904188], [70.83777784018235, 30.813699428998227], [70.83735986972331, 30.813705357735113], [70.83737360654187, 30.81442686402754], [70.83611968505993, 30.814444642662053], [70.83613341301161, 30.815166149374775], [70.83655139008346, 30.81516022434166], [70.83655825580536, 30.81552097758144], [70.83697623431382, 30.81551505111682], [70.8369899692499, 30.816236557363162], [70.8365719876205, 30.81624248399655], [70.83657885371377, 30.816603237171872], [70.83616087040011, 30.816609162542406], [70.83617459983694, 30.81733066899731], [70.8357566132784, 30.81733659318931], [70.8357909312333, 30.819140359372266], [70.8353729367478, 30.819146282638624], [70.83538666167453, 30.81986778913005], [70.83413266811134, 30.8198855513507]]]}, "properties": {"direction": "decrease", "areaHa": 45.6, "before": -13.553986549377441, "after": -19.13501739501953, "change": -5.58103084564209, "clearObservationsBefore": 3.0, "clearObservationsAfter": 2.0, "centroid": [70.83666889419233, 30.81159008993578]}}, {"type": "Feature", "id": 20, "geometry": {"type": "Polygon", "coordinates": [[[70.76690622648093, 31.23326752327386], [70.76689951125805, 31.232906779549392], [70.76731933216092, 31.232901008660097], [70.7673058988904, 31.23217952130953], [70.76772571648553, 31.232173749213658], [70.7676451078874, 31.227844824277632], [70.76722530941174, 31.227850595395097], [70.76721187952255, 31.22712910744088], [70.76763167481204, 31.227123336486468], [70.76762495845551, 31.226762592558533], [70.76804475203117, 31.226756820316357], [70.76800444687055, 31.22459235678536], [70.76842423076776, 31.224586583663267], [70.76841751207093, 31.224225839747547], [70.76883729425448, 31.224220065337843], [70.76883057408565, 31.223859321482138], [70.76925035455557, 31.223853545784873], [70.7692436329148, 31.223492801989217], [70.76966341167105, 31.223487025004427], [70.7696566885584, 31.223126281268822], [70.7692369113949, 31.22313205817199], [70.76922346871771, 31.222410570472867], [70.76880369461877, 31.222416345843744], [70.76879025561034, 31.221694857895184], [70.769210026524, 31.221689082687522], [70.76920330560841, 31.221328338762497], [70.76878353628737, 31.221334113888556], [70.76877681708523, 31.220973369860396], [70.7691965848137, 31.220967594815924], [70.76917642315468, 31.219885362846846], [70.76875666020379, 31.21989113764654], [70.76873650440976, 31.21880890523867], [70.76831674611535, 31.218814678424707], [70.76831002935137, 31.218453934164057], [70.76789027252855, 31.218459705899665], [70.7678835574777, 31.21809896153591], [70.7674638021265, 31.218104731821132], [70.76745708878873, 31.2177439873543], [70.76703733490912, 31.217749756189157], [70.76704404665456, 31.21811050073751], [70.76620453534862, 31.218122034463743], [70.76621124403005, 31.218482779153515], [70.76579148660373, 31.218488544044806], [70.76580490114368, 31.219210033522618], [70.76496537955961, 31.219221559524335], [70.76494526748498, 31.218139324786744], [70.76410575497306, 31.218150844824507], [70.76409905437399, 31.2177900997061], [70.76535831818401, 31.21777281784038], [70.76534490779356, 31.217051328027292], [70.7666041609646, 31.217034034330844], [70.7665974511735, 31.216673289636333], [70.76701720039696, 31.21666752241477], [70.76703062328438, 31.217389011619247], [70.76745037557168, 31.217383242865896], [70.76745708878873, 31.2177439873543], [70.76787684254761, 31.217738217150607], [70.76786341304967, 31.217016728315325], [70.76828316350323, 31.21701095690592], [70.76828987978409, 31.217371701252784], [70.7699688867593, 31.217348601600985], [70.76996216410939, 31.216987857580516], [70.76954241413912, 31.216993634465023], [70.76948865002883, 31.214107680872164], [70.76990838726205, 31.214101904640657], [70.76989494425902, 31.213380416190112], [70.77157387924693, 31.213357298231244], [70.77156715155898, 31.21299655430032], [70.77240661514324, 31.21298498727289], [70.77244700218998, 31.21514944955429], [70.77202726090631, 31.215155234242726], [70.77203399091235, 31.215515977962564], [70.77161424791554, 31.215521761364045], [70.77170845841634, 31.220572172322175], [70.771288693006, 31.22057795549885], [70.77136271466374, 31.224546133471478], [70.77052314844097, 31.22455769751503], [70.77053660212589, 31.225279184465595], [70.7709563884835, 31.225273402965033], [70.77096311710032, 31.225634146326303], [70.77054332914979, 31.225639927908528], [70.7705567835605, 31.226361414729706], [70.77013699230308, 31.226367195106015], [70.77014371809689, 31.22672793856593], [70.76972392512552, 31.226733717654614], [70.76973064944723, 31.22709446117461], [70.76931085476191, 31.227100238975627], [70.76930413203323, 31.226739495373998], [70.76972392512552, 31.226733717654614], [70.76971047684482, 31.226012230549948], [70.77013026663022, 31.226006451624553], [70.77010336514815, 31.224563477483038], [70.76926379819972, 31.224575033311517], [70.7692705202031, 31.2249357770425], [70.76885073495468, 31.22494155298457], [70.76887089691135, 31.226023784292963], [70.76845110676331, 31.226029559110582], [70.76846454548604, 31.226751046704873], [70.76804475203117, 31.226756820316357], [70.76812537539936, 31.23108574504992], [70.76896500042501, 31.231074194499737], [70.7689717230111, 31.231434937924213], [70.76981135073999, 31.231423381732654], [70.76983152878421, 31.232505611386994], [70.76941171019992, 31.23251139041246], [70.76941843486306, 31.232872133669076], [70.76773915294302, 31.232895236401145], [70.76774587135296, 31.233255979962554], [70.76690622648093, 31.23326752327386]], [[70.76855863007891, 31.231801457450192], [70.76897844571809, 31.231795681327142], [70.7689717230111, 31.231434937924213], [70.76855190896534, 31.23144071396567], [70.76855863007891, 31.231801457450192]]]}, "properties": {"direction": "decrease", "areaHa": 44.48, "before": -12.448883056640625, "after": -19.36540985107422, "change": -6.91652774810791, "clearObservationsBefore": 3.0, "clearObservationsAfter": 2.0, "centroid": [70.76958002380124, 31.22087951992002]}}, {"type": "Feature", "id": 21, "geometry": {"type": "Polygon", "coordinates": [[[70.84676573438347, 30.846408858927223], [70.84675882206399, 30.84604810948252], [70.84634071355165, 30.84605407279432], [70.84633380291955, 30.845693323243253], [70.84675190986911, 30.845687360016317], [70.84674499779882, 30.84532661052859], [70.846326892412, 30.845332573670678], [70.8463130717706, 30.844611074461], [70.84714927616892, 30.84459914716753], [70.84713544977524, 30.84387764821122], [70.84671735076365, 30.84388361236256], [70.84671043931634, 30.843522862767266], [70.84629234174275, 30.84352882548512], [70.84627161283592, 30.84244657631564], [70.8466897057219, 30.842440613852315], [70.84667588394852, 30.841719114468123], [70.84625779418747, 30.84172507676176], [70.84623015838514, 30.84028207739586], [70.84581207474909, 30.840288038001678], [70.84581898195052, 30.840648787960237], [70.8454008966276, 30.840654747302402], [70.8454285204288, 30.842097747260762], [70.84584661200137, 30.842091787579385], [70.84586042777393, 30.842813287259894], [70.84544233307636, 30.842819247110885], [70.8454492395869, 30.843179997003684], [70.84419495005967, 30.84319786871942], [70.84418804823677, 30.842837118572323], [70.84376995304139, 30.842843073028956], [70.84376305290543, 30.842482322775624], [70.84292686526655, 30.842494227473683], [70.84291307161772, 30.841772726563697], [70.84249498073675, 30.841778676720523], [70.84246740118051, 30.84033567430379], [70.84204931642485, 30.84034162277348], [70.84204242340886, 30.839980872030896], [70.84162434009127, 30.839986819067494], [70.84156921293405, 30.837100811675583], [70.841987283754, 30.837094865315986], [70.84197350008273, 30.836373363422236], [70.8423915676543, 30.83636741588364], [70.84238467444301, 30.83600666498915], [70.8428027403283, 30.83600071618696], [70.84278895115456, 30.835279214502766], [70.84320701379158, 30.835273264521714], [70.84320011782923, 30.834912513732053], [70.84361817878, 30.83490656248749], [70.84361128138006, 30.834545811761018], [70.84319322199117, 30.834551762920874], [70.84317253522288, 30.83346951035835], [70.84359058992622, 30.833463559452564], [70.84361128138006, 30.834545811761018], [70.84402934064461, 30.834539859252992], [70.8440431386927, 30.835261360515], [70.84529732511146, 30.83524349439351], [70.84527661416881, 30.834161243231023], [70.84569467137383, 30.83415528541518], [70.84568776641336, 30.833794535069465], [70.84610582193207, 30.833788575990322], [70.84614726293364, 30.835953077233167], [70.84656532769928, 30.835947116296932], [70.84658605456711, 30.837029366373475], [70.84574991553914, 30.837041287406677], [70.84575682162003, 30.837402037558824], [70.84659296377217, 30.83739011635598], [70.84660678255594, 30.83811161625644], [70.84702485656943, 30.83810565346287], [70.84704559036587, 30.839187902897663], [70.84746366894137, 30.839181938501124], [70.84749823557215, 30.840985686704506], [70.84791632183456, 30.84097972053509], [70.84793706799583, 30.84206196894427], [70.84835515882084, 30.84205600117161], [70.84838974606221, 30.843859747665356], [70.84797164742456, 30.843865715862606], [70.84797856368431, 30.844226465181727], [70.84839666388459, 30.84422049689955], [70.84841049990344, 30.84494199530339], [70.84882860310431, 30.84493602550266], [70.84884244274741, 30.845657523650566], [70.84842433642112, 30.845663493621185], [70.84843125486704, 30.84602424274781], [70.84801314685328, 30.84603021145462], [70.8480200638611, 30.846390960644644], [70.84676573438347, 30.846408858927223]], [[70.84539399098853, 30.840293997259042], [70.84581207474909, 30.840288038001678], [70.8457844471885, 30.83884503795233], [70.84536636967704, 30.838850996870494], [70.84535946466036, 30.838490246719584], [70.84577754060963, 30.838484287886217], [70.84575682162003, 30.837402037558824], [70.84492067896988, 30.83741395336847], [70.84492758205103, 30.837774703668682], [70.84450950897715, 30.83778065963582], [70.84453711629736, 30.83922366096063], [70.84495519562, 30.83921770465446], [70.84496900315119, 30.83993920501831], [70.84538708547393, 30.83993324719418], [70.84539399098853, 30.840293997259042]]]}, "properties": {"direction": "decrease", "areaHa": 44.16, "before": -13.18467903137207, "after": -20.37895393371582, "change": -7.19427490234375, "clearObservationsBefore": 3.0, "clearObservationsAfter": 2.0, "centroid": [70.84503333606983, 30.839814159328743]}}, {"type": "Feature", "id": 22, "geometry": {"type": "Polygon", "coordinates": [[[70.85787109546831, 30.77155426470889], [70.85786416219159, 30.771193513364867], [70.85744638030975, 30.771199499469088], [70.85743251724517, 30.77047799654597], [70.85826807465631, 30.770466023334006], [70.85826114019787, 30.770105272010802], [70.85742558590039, 30.77011724505217], [70.85741865468061, 30.769756493536864], [70.85700087890115, 30.769762477955236], [70.85699394936316, 30.769401726333157], [70.85657617501549, 30.76940770932161], [70.85656924715924, 30.769046957592778], [70.85615147424338, 30.76905293915133], [70.85614454806878, 30.76869218731578], [70.85572677658473, 30.76869816744448], [70.85571985209175, 30.768337415502216], [70.85530208203953, 30.76834339420109], [70.8552951592281, 30.767982642152138], [70.85487739060768, 30.76798861942124], [70.85486354847268, 30.7672671150885], [70.8540280170839, 30.767279065252367], [70.85402109931684, 30.76691831288347], [70.8531855705422, 30.76693025749892], [70.85317174160856, 30.76620875235622], [70.85150069501547, 30.76623262477232], [70.85150760319375, 30.76659337769462], [70.85108983967737, 30.766599342522394], [70.85108293305564, 30.7662385895151], [70.85066517097124, 30.766244552913374], [70.85064445652294, 30.76516229350766], [70.8502266989835, 30.765168255306545], [70.85023360211859, 30.76552900854824], [70.8493980835533, 30.765540928282533], [70.84938428363344, 30.76481942143796], [70.84980203986542, 30.76481346241289], [70.84977443529357, 30.763370448805617], [70.8493566852871, 30.763376407491016], [70.84933598783395, 30.762294146805225], [70.84975373317158, 30.762288188374587], [70.84974683271318, 30.761927434854616], [70.84932908893177, 30.76193339320034], [70.84932219015403, 30.761572639573966], [70.84890444780439, 30.76157859649052], [70.84889755070722, 30.761217842757766], [70.84847980978935, 30.76122379824518], [70.8484660190805, 30.760502290545485], [70.84804828115053, 30.760508244518938], [70.84807585684109, 30.761951260171827], [70.84765811256213, 30.76195721314044], [70.84763743527623, 30.76087495117846], [70.84721969554147, 30.76088090254832], [70.84721280491758, 30.760520148433226], [70.84804828115053, 30.760508244518938], [70.84804138753874, 30.760147490552022], [70.8492945962873, 30.760129624853676], [70.84928769813166, 30.75976887111989], [70.84886996356258, 30.75977482761196], [70.84886306708741, 30.759414073771808], [70.84844533394997, 30.759420028834842], [70.84843843915517, 30.759059274888347], [70.8480207074494, 30.759065228522378], [70.84801381433493, 30.758704474469535], [70.8475960840608, 30.75871042667461], [70.84756851906988, 30.757267409909147], [70.84715079489507, 30.75727336043085], [70.84714390551393, 30.75691260610097], [70.84672618277071, 30.75691855519385], [70.84671240749279, 30.756197046300088], [70.84629468773691, 30.75620299387941], [70.84628780184008, 30.755842239315555], [70.84587008351576, 30.75584818546612], [70.84586319929886, 30.75548743079603], [70.84544548240612, 30.75549337551792], [70.84542483516745, 30.7544111111246], [70.84584254739315, 30.75440516665692], [70.84582878007683, 30.753683657123492], [70.8474996152929, 30.75365986649212], [70.84749272559873, 30.753299112032302], [70.84832813935012, 30.753287208823227], [70.848341925085, 30.754008717382057], [70.84875963488534, 30.75400276359205], [70.84876652949488, 30.754363517754374], [70.84626025949468, 30.754399220845354], [70.84626714489474, 30.754759975495112], [70.84584943123755, 30.75476592139144], [70.84585631520612, 30.755126676104474], [70.84627403041898, 30.755120730123398], [70.84628091606744, 30.75548148473021], [70.8466986327118, 30.755475537320443], [70.84671240749279, 30.756197046300088], [70.84713012712443, 30.756191097376806], [70.84713701625705, 30.756551851749638], [70.84797245825906, 30.75653994970147], [70.84797935062757, 30.756900703883183], [70.84839707299793, 30.756894750758256], [70.8484039670466, 30.757255504833644], [70.8479862431204, 30.757261458043413], [70.84799313573755, 30.757622212182156], [70.84841086121959, 30.75761625888754], [70.84841775551696, 30.75797701291996], [70.84883548243056, 30.75797105819641], [70.8488423784082, 30.758331812122474], [70.84926010675333, 30.75832585596997], [70.84926700441129, 30.758686609789674], [70.84968473418795, 30.758680652208174], [70.84969163352629, 30.759041405921487], [70.85010936473448, 30.75903544691095], [70.85011626575327, 30.759396200517845], [70.85053399839298, 30.75939024007823], [70.85054090109226, 30.7597509935787], [70.8509586351635, 30.759745031709983], [70.85096553954332, 30.760105785104], [70.85138327504606, 30.760099821806136], [70.85139018110651, 30.760460575093674], [70.85180791804076, 30.760454610366626], [70.85183554975275, 30.761897622961897], [70.85225329278698, 30.76189165655054], [70.85226020258268, 30.762252409560613], [70.85267794704848, 30.762246441719928], [70.85268485852505, 30.762607194623463], [70.85310260442245, 30.762601225353432], [70.85310951757994, 30.762961978150408], [70.85352726490889, 30.76295600745098], [70.85354109471055, 30.76367751281029], [70.85395884502739, 30.763671540596317], [70.85399342949617, 30.765475303192975], [70.85441118747028, 30.76546932920899], [70.85442502524405, 30.766190833926945], [70.85358950294513, 30.766202780890957], [70.85359641890614, 30.766563533387963], [70.85443194431815, 30.766551586253687], [70.85443886351702, 30.766912338558942], [70.85485662759241, 30.766906362889895], [70.85486354847268, 30.7672671150885], [70.85528131397984, 30.767261137989756], [70.85528823654154, 30.767621890081678], [70.85570600348046, 30.76761591155319], [70.85569907936214, 30.76725515954645], [70.85611684461956, 30.767249179758608], [70.85613069609435, 30.767970683580188], [70.85654846434012, 30.767964702277343], [70.85655539182154, 30.76832545407065], [70.85739093105157, 30.768313487260695], [70.8574047926161, 30.76903499044176], [70.85824033757294, 30.76902301791222], [70.85823340361475, 30.768662266503036], [70.85865117434888, 30.768656278306644], [70.85863730369431, 30.76793477559443], [70.85905507119003, 30.767928786224136], [70.85904813449373, 30.76756803492112], [70.8594659003077, 30.76756204429161], [70.85948671544186, 30.76864429788004], [70.85906894495793, 30.768650288765645], [70.85907588202954, 30.76901104000414], [70.85949365407019, 30.769005049033172], [70.85952140983497, 30.77044805343074], [70.85993918797759, 30.77044206077357], [70.85994612878851, 30.77080281173383], [70.8603639083628, 30.770796817646552], [70.86037779347394, 30.771518319331715], [70.85954222797263, 30.771530306503156], [70.85953528846824, 30.771169555500514], [70.85911750708675, 30.77117554698372], [70.8591105692644, 30.770814795874205], [70.85827500923982, 30.770826774635694], [70.85828887878203, 30.7715482771746], [70.85787109546831, 30.77155426470889]], [[70.85064445652294, 30.76516229350766], [70.85106221393784, 30.76515633036433], [70.85105530781436, 30.764795577271105], [70.85063755195591, 30.764801540329458], [70.85064445652294, 30.76516229350766]]]}, "properties": {"direction": "decrease", "areaHa": 43.52, "before": -13.772224426269531, "after": -19.67160987854004, "change": -5.89938497543335, "clearObservationsBefore": 3.0, "clearObservationsAfter": 2.0, "centroid": [70.85202443805376, 30.763322548321003]}}, {"type": "Feature", "id": 23, "geometry": {"type": "Polygon", "coordinates": [[[70.70005892534594, 30.851666154013333], [70.69987439571501, 30.84120358751071], [70.7007106369867, 30.84119260680693], [70.70072336632285, 30.84191416338012], [70.70114148991244, 30.841908670848596], [70.70114785631559, 30.842269449025068], [70.70156598135335, 30.842263955066457], [70.70157234943426, 30.842624733143435], [70.70199047592021, 30.842619237757706], [70.70199684567893, 30.842980015735183], [70.70241497361307, 30.842974518922286], [70.70242134504967, 30.843335296800245], [70.70325760369937, 30.843324298971076], [70.70326397837697, 30.843685076671203], [70.70368210909253, 30.843679575654864], [70.70369486191868, 30.844401130834655], [70.70411299564549, 30.84439562831272], [70.70416402405434, 30.84728184755308], [70.7050003161748, 30.847270837208804], [70.70498117027921, 30.84618850562351], [70.70539931147695, 30.84618299866269], [70.7054120784189, 30.846904552917465], [70.7062483667223, 30.846893534634894], [70.70625475349256, 30.84725431157355], [70.70750918977407, 30.84723777379568], [70.70751558134953, 30.847598550477684], [70.70793372810965, 30.84759303510823], [70.7079401213637, 30.84795381169045], [70.70835826957196, 30.8479482948933], [70.70836466450469, 30.848309071375695], [70.70794651473302, 30.84831458825133], [70.7079529082176, 30.84867536479091], [70.70753475676725, 30.848680880395804], [70.70754754095522, 30.84940243356797], [70.70671123145493, 30.84941346104382], [70.70670484243033, 30.849052684311484], [70.70586853559634, 30.849063706233338], [70.70587492149394, 30.849424483122505], [70.70503861107248, 30.84943549980401], [70.70503222830189, 30.849074722758086], [70.70545038200666, 30.849069215170356], [70.70543761368373, 30.848347661171307], [70.70460131241298, 30.84835867468408], [70.70462683701126, 30.849801783223768], [70.70420867994933, 30.84980728826961], [70.70420230019076, 30.84944651108832], [70.703365988849, 30.84945751697545], [70.70337236548052, 30.849818294313334], [70.70295420807366, 30.849823795311217], [70.70296058325654, 30.85018457270607], [70.70212426497095, 30.85019557081035], [70.70213700942706, 30.8509171258491], [70.70088252175549, 30.850933613354616], [70.70088888946485, 30.851294391076625], [70.70047072511439, 30.851299884291187], [70.70047709137486, 30.851660662070046], [70.70005892534594, 30.851666154013333]]]}, "properties": {"direction": "decrease", "areaHa": 42.72, "before": -11.753382682800293, "after": -19.34004783630371, "change": -7.586666584014893, "clearObservationsBefore": 3.0, "clearObservationsAfter": 2.0, "centroid": [70.70260184209235, 30.846857103893214]}}, {"type": "Feature", "id": 24, "geometry": {"type": "Polygon", "coordinates": [[[70.77162989522112, 31.148766482320795], [70.77160305265718, 31.14732349202169], [70.77202249489112, 31.147317719959712], [70.7719889364693, 31.145513982009696], [70.77240837064925, 31.14550820899109], [70.77238151973916, 31.144065218570237], [70.77280094745227, 31.14405944451349], [70.77277409212886, 31.14261645407494], [70.77319351337557, 31.14261067898021], [70.7731666536396, 31.141167688524014], [70.77358606842039, 31.14116191239143], [70.77357263610487, 31.140440417197613], [70.77399204759243, 31.14043463986384], [70.77398533002977, 31.140073892316384], [70.7744047398103, 31.140068113699716], [70.77438458308919, 31.138985871173446], [70.77396517806693, 31.13899164954482], [70.7739584609877, 31.138630901911228], [70.7752166709337, 31.13861356294875], [70.7752099492173, 31.138252815538983], [70.7760487520713, 31.138241249571525], [70.7760420273039, 31.137880502303897], [70.77646142696346, 31.137874717355228], [70.77645470073111, 31.137513970147925], [70.7768740986837, 31.13750818391661], [70.77686064341025, 31.136786689601184], [70.77644124862944, 31.13679247566873], [70.77644797461977, 31.13715322291909], [70.77602857813207, 31.137159007704053], [70.77603530265748, 31.137519755014747], [70.77519650614731, 31.137531320654876], [70.77515617983966, 31.135366835485762], [70.77557556864015, 31.135361053838878], [70.77555540236162, 31.134278811209082], [70.77597478628402, 31.134273028443335], [70.77596806284741, 31.13391228093884], [70.77554868051067, 31.133918063622765], [70.77552851568346, 31.132835820734616], [70.77594789326339, 31.132830038296184], [70.7759142797093, 31.131026300127814], [70.77633364924084, 31.131020516734406], [70.77631347780375, 31.129938273820557], [70.7767328424582, 31.1299324893086], [70.77671939226778, 31.12921099408877], [70.77713875363062, 31.129205208376497], [70.77712530075371, 31.128483713234335], [70.77754465882506, 31.12847792632181], [70.77753793098296, 31.128117178800334], [70.77795728734806, 31.128111390605735], [70.77800439588198, 31.130636622230437], [70.77758502841992, 31.130642410998508], [70.77761194390449, 31.132085400352338], [70.77719256997962, 31.132091188083923], [70.77719929756795, 31.132451935450444], [70.77636054618408, 31.132463506984763], [70.77638744506318, 31.133906496890614], [70.7772262091317, 31.13389492470123], [70.77723293732528, 31.134255671960084], [70.77765232076361, 31.134249883737027], [70.77767251082781, 31.135332125138675], [70.77725312263236, 31.135337913607483], [70.77725985131016, 31.135698660780193], [70.77809863075153, 31.135687082314355], [70.778105362722, 31.1360478293017], [70.77852475384681, 31.136042037940236], [70.77853822132278, 31.136763531686395], [70.7781188270263, 31.136769323211766], [70.77814575708847, 31.13821231077347], [70.7777263563272, 31.138218101262144], [70.77773308755958, 31.13857884818067], [70.77731368509122, 31.138584637386742], [70.77732041485868, 31.13894538436565], [70.7769010106832, 31.138951172289058], [70.7769077389857, 31.139311919328335], [70.77648833310312, 31.13931770596907], [70.77650178689909, 31.14003920014677], [70.77524355900869, 31.140056552372442], [70.77525700377184, 31.140778046955095], [70.77483759106079, 31.140783828464663], [70.77484431203759, 31.14114457580549], [70.77442489761941, 31.141150356032178], [70.77443833676328, 31.141871850812826], [70.7740189190517, 31.141877629838344], [70.77403235550655, 31.142599124696407], [70.7757100383178, 31.142575999751482], [70.77573021294312, 31.14365824089544], [70.7753107876626, 31.143664024424325], [70.7753309586175, 31.144746265619975], [70.77491152845663, 31.14475204802947], [70.77492497319169, 31.145473542215843], [70.77450553973681, 31.14547932342405], [70.77451898178246, 31.14620081768789], [70.77409954503348, 31.14620659769472], [70.77410626465104, 31.146567344876114], [70.77368682619455, 31.146573123599733], [70.77370698101254, 31.147655365259993], [70.77328753767506, 31.147661142863846], [70.77330097165122, 31.14838263735985], [70.77246207826671, 31.148394188799273], [70.77246879226243, 31.14875493617839], [70.77162989522112, 31.148766482320795]]]}, "properties": {"direction": "decrease", "areaHa": 40.48, "before": -12.289072036743164, "after": -19.953510284423828, "change": -7.6644368171691895, "clearObservationsBefore": 3.0, "clearObservationsAfter": 2.0, "centroid": [70.77524432069696, 31.13935013815535]}}, {"type": "Feature", "id": 25, "geometry": {"type": "Polygon", "coordinates": [[[70.81384364430693, 31.250294550915825], [70.81382295017447, 31.24921235035755], [70.81424283241337, 31.24920642351434], [70.81423593302263, 31.248845690035342], [70.8133961716101, 31.248857542183984], [70.8133892755326, 31.248496808515984], [70.81296939623495, 31.248502732451104], [70.81296250187603, 31.24814199867781], [70.8133823795791, 31.248136074826345], [70.81336858804403, 31.24741460738215], [70.81378846243403, 31.24740868232772], [70.81377466820594, 31.24668721496433], [70.81335479700489, 31.246693139851438], [70.81334790167129, 31.246332406053615], [70.81208829210775, 31.246350172242497], [70.81210896413026, 31.247432374323726], [70.81252883889212, 31.247426453380164], [70.81254951681335, 31.248508655015854], [70.81212963726782, 31.248514576210262], [70.81212274609807, 31.248153842269723], [70.81170286802323, 31.24815976201017], [70.81169597857195, 31.247799027964398], [70.81127610196779, 31.24780494625093], [70.8112692142349, 31.247444212099943], [70.81084933910145, 31.247450128932595], [70.8108424530869, 31.24708939467643], [70.81042257942417, 31.24709531005525], [70.81037439194955, 31.244570169071686], [70.8099545293238, 31.244576082495616], [70.80993388418823, 31.24349387864197], [70.81077359975043, 31.243482050925074], [70.81076671509763, 31.24312131643099], [70.8103468589726, 31.243127230890945], [70.81030556321979, 31.240962822971003], [70.81072540978025, 31.24095690901221], [70.81075294616339, 31.242399847377904], [70.81117279897633, 31.24239393171497], [70.8111796849757, 31.24275466616878], [70.81159953925898, 31.242748749052247], [70.81161331481749, 31.243470217727825], [70.81245302938918, 31.24345837905024], [70.8124874863955, 31.245262049524687], [70.81290735146686, 31.24525612771262], [70.81289356510398, 31.244534659754994], [70.81373328849763, 31.24452281235495], [70.81374018480568, 31.244883546177267], [70.81416004791083, 31.24487762033835], [70.8141876407605, 31.246320555076515], [70.8158671174503, 31.24629683667952], [70.81586021267422, 31.24593610336238], [70.81711981410498, 31.24591830042865], [70.81711290466995, 31.245557567341294], [70.81753276997075, 31.245551630373484], [70.81752585906561, 31.24519089734832], [70.81920531264866, 31.24516713611083], [70.81921222993111, 31.24552786880042], [70.81963209461036, 31.245521924981706], [70.8196528519871, 31.246604122668813], [70.81923298252471, 31.24661006673935], [70.8192537362377, 31.24769226448349], [70.81967361048349, 31.24768632016113], [70.8196805302311, 31.248047052615277], [70.81926065439079, 31.24805299702159], [70.81928140959637, 31.249135194506014], [70.81760188585649, 31.249158959434848], [70.81759497370871, 31.248798226626093], [70.8171750940576, 31.248804164348517], [70.81718200461076, 31.24916489724111], [70.81592236012821, 31.249182702437658], [70.81592926602166, 31.249543435560057], [70.8163491492347, 31.24953750178113], [70.81635605684698, 31.24989823479809], [70.81677594153051, 31.24989229956496], [70.8167828508617, 31.250253032476458], [70.81384364430693, 31.250294550915825]], [[70.8175673263603, 31.247355295174668], [70.81840707253329, 31.247343416289766], [70.8184001578179, 31.246982683540555], [70.81756041483388, 31.24699456225772], [70.8175673263603, 31.247355295174668]], [[70.81164775588107, 31.245273889038277], [70.81206762120021, 31.24526796996657], [70.81205384121462, 31.24454650167447], [70.81163397908409, 31.244552420578987], [70.81164775588107, 31.245273889038277]]]}, "properties": {"direction": "decrease", "areaHa": 36.96, "before": -12.97514820098877, "after": -19.617448806762695, "change": -6.642298221588135, "clearObservationsBefore": 3.0, "clearObservationsAfter": 2.0, "centroid": [70.81469163595682, 31.246765650901594]}}, {"type": "Feature", "id": 26, "geometry": {"type": "Polygon", "coordinates": [[[70.84517458359538, 30.78508709339335], [70.8451676939882, 30.784726340208888], [70.84433200712199, 30.784738233964923], [70.84432512075502, 30.78437748058956], [70.8439072786936, 30.784383425364624], [70.84389350944811, 30.783661918380055], [70.84305783118464, 30.783673803555125], [70.84305094986395, 30.78331304986131], [70.84263311210397, 30.783318990346043], [70.84261247356, 30.7822367288818], [70.8430303066464, 30.78223078865095], [70.84302342582208, 30.781870034871204], [70.84427691966329, 30.781852206360405], [70.84427003428975, 30.781491452813157], [70.84510569311422, 30.781479560581964], [70.84507814040019, 30.780036546855854], [70.84591378626627, 30.78002464992132], [70.84592067737371, 30.78038540321558], [70.846338501678, 30.78037945264567], [70.84633160901289, 30.780018699436184], [70.84674943163523, 30.7800127476058], [70.84674253753681, 30.779651994459623], [70.8471603584772, 30.7796460413688], [70.84716725413323, 30.78000679443016], [70.84758507650687, 30.78000083990929], [70.84757128220397, 30.779279333934735], [70.84715346294551, 30.77928528828595], [70.8471465675382, 30.77892453518162], [70.84672874971295, 30.778930488102812], [70.84671496238641, 30.778208981660075], [70.84504370230256, 30.778232779214843], [70.84503681505568, 30.777872025622194], [70.84420118738335, 30.777883916159254], [70.84417365209714, 30.776440900896212], [70.84459145976574, 30.776434956639033], [70.8445639202366, 30.774991941371063], [70.84414611879721, 30.77499788528949], [70.84413235289206, 30.774276377357243], [70.84455015121702, 30.7742704336082], [70.84452949861885, 30.773188171802804], [70.84494729214823, 30.773182226962938], [70.84493352125608, 30.772460719154694], [70.84535131154715, 30.772454773139376], [70.84537197274291, 30.77353703456537], [70.84787873990736, 30.773501328705514], [70.8478925333447, 30.774222835197907], [70.8474747360138, 30.774228789706473], [70.84748852683428, 30.774950296282626], [70.8470707262646, 30.774956249615908], [70.84708451446802, 30.775677756275766], [70.84750231815221, 30.775671802772823], [70.84750921399771, 30.7760325559857], [70.84709140875623, 30.776038509573453], [70.84709830316878, 30.776399262849683], [70.84668049624563, 30.77640521517721], [70.84668738922515, 30.77676596851675], [70.84710519770566, 30.776760016104408], [70.84711209236688, 30.77712076933766], [70.84752990228044, 30.777114815495416], [70.84753679862342, 30.77747556862236], [70.84795460997002, 30.777469613350185], [70.8479753044176, 30.778551872347528], [70.84839312031221, 30.778545915475647], [70.84842072088095, 30.779988926831813], [70.84800289875612, 30.779994884043173], [70.84800979765177, 30.780355636913374], [70.84759197384489, 30.780361592864345], [70.84759887130731, 30.7807223457979], [70.84843452191198, 30.780710432380978], [70.8484483234408, 30.78143193784417], [70.84803049508527, 30.781437895395023], [70.84803739447861, 30.781798648179254], [70.84845522439188, 30.78179269054354], [70.84846212546744, 30.78215344322142], [70.84804429399638, 30.782159400942014], [70.84805809340519, 30.782880906403054], [70.84722242385853, 30.78289281814756], [70.84720173427878, 30.781810559414684], [70.84678390399232, 30.78181651301439], [70.84681837945791, 30.78362027788582], [70.84723621753356, 30.783614323862025], [70.84725001170611, 30.784335829490555], [70.84683217051459, 30.78434178368399], [70.84683906622945, 30.78470253655084], [70.8464212233556, 30.784708489483595], [70.84642811763683, 30.785069242413755], [70.84517458359538, 30.78508709339335]], [[70.84635918041916, 30.7814617121452], [70.84677700927222, 30.781455759975643], [70.84677011467647, 30.781095006915407], [70.84635228738112, 30.781100959000185], [70.84635918041916, 30.7814617121452]], [[70.84629025563254, 30.777854179728088], [70.8467080689096, 30.777848228406466], [70.84670117555714, 30.777487475131377], [70.84628336383751, 30.77749342636822], [70.84629025563254, 30.777854179728088]]]}, "properties": {"direction": "decrease", "areaHa": 36.48, "before": -15.470293045043945, "after": -20.24251365661621, "change": -4.772220134735107, "clearObservationsBefore": 3.0, "clearObservationsAfter": 2.0, "centroid": [70.84590345787, 30.779388677332744]}}, {"type": "Feature", "id": 27, "geometry": {"type": "Polygon", "coordinates": [[[70.86564960658441, 30.828095782248166], [70.86564262867105, 30.827735035650377], [70.8643885543365, 30.827753094809154], [70.86438158123273, 30.827392347932786], [70.8647996045754, 30.82738632964659], [70.8647926300361, 30.827025582834345], [70.86437460825466, 30.827031601034882], [70.86433277302616, 30.824867119195318], [70.86475078544072, 30.824861101508745], [70.86474381178155, 30.824500354545773], [70.86432580092803, 30.824506372146693], [70.8643048853878, 30.82342413087165], [70.86388687909155, 30.823430146868102], [70.86387990905712, 30.823069399647704], [70.86304389920956, 30.823081427426853], [70.86302996576124, 30.822359932579083], [70.86261196377085, 30.822365944276264], [70.86260499879594, 30.82200519673452], [70.86385899970779, 30.82198715785739], [70.86382415330527, 30.8201834211096], [70.86424214555412, 30.820177405883857], [70.86422123453838, 30.819095163833726], [70.86380324697149, 30.819101178802583], [70.86379627844484, 30.81874043132386], [70.86337829231292, 30.81874644485984], [70.86336435875765, 30.818024949666583], [70.86378234176846, 30.818018936301826], [70.86378931004383, 30.818379683823608], [70.86462527880963, 30.818367652881154], [70.86459042308422, 30.81656391591332], [70.86291851625981, 30.816587970696943], [70.86291155173338, 30.816227222896334], [70.8633295270675, 30.816221211306726], [70.86332256110626, 30.815860463570186], [70.86374053475441, 30.815854450719055], [70.86374750227603, 30.816215198369992], [70.86583737643376, 30.816185113479495], [70.86584435188297, 30.816545860680616], [70.86626232789773, 30.816539839575437], [70.86626930503313, 30.816900586669295], [70.86668728248252, 30.816894564131243], [70.8666803037867, 30.81653381712312], [70.86709827954985, 30.816527793323672], [70.8671192206961, 30.817610034026146], [70.86670124025161, 30.81761605808288], [70.8667082193249, 30.817976805026415], [70.86545427255513, 30.8179948693706], [70.86547519648495, 30.819077110843487], [70.86631117048728, 30.819065068780294], [70.86631814850328, 30.81942581572343], [70.86715412512362, 30.819413768099654], [70.86714714398639, 30.819053021328017], [70.86840110329102, 30.81903494004511], [70.86841507505507, 30.819756433052035], [70.8692510535376, 30.81974437178371], [70.86929998052973, 30.82226959542766], [70.86888198042627, 30.822275627336495], [70.86888896893979, 30.822636373571058], [70.86847096714946, 30.822642404218314], [70.8684779542281, 30.823003150517188], [70.86805995075092, 30.823009179902815], [70.86804597984138, 30.82228768711188], [70.8684639801968, 30.822281657897918], [70.86845000666936, 30.821560165192484], [70.86803200943557, 30.82156619423481], [70.86802502442158, 30.821205447763955], [70.86760702862263, 30.821211475373083], [70.8676000452953, 30.820850728794902], [70.8663460618254, 30.820868803280675], [70.86635304047047, 30.82122955011615], [70.86593504416808, 30.82123557233574], [70.86594202137817, 30.82159631923542], [70.86510602527447, 30.821608359803836], [70.86511299948874, 30.821969106853384], [70.86469499968744, 30.821975125202155], [70.8647019724666, 30.82233587231583], [70.86511997382874, 30.822329853881385], [70.86517577307555, 30.82521582933033], [70.86475775922563, 30.825221848450166], [70.86478565562254, 30.826664836000585], [70.86520367571701, 30.826658816538036], [70.86521065169178, 30.82701956328611], [70.8656286732217, 30.827013542390187], [70.86561471827555, 30.82629204904387], [70.86603273655729, 30.82628602697169], [70.86606763267234, 30.82808975974738], [70.86564960658441, 30.828095782248166]]]}, "properties": {"direction": "decrease", "areaHa": 27.04, "before": -8.085203170776367, "after": -18.943607330322266, "change": -10.858403205871582, "clearObservationsBefore": 3.0, "clearObservationsAfter": 2.0, "centroid": [70.86572007006814, 30.820802093035912]}}, {"type": "Feature", "id": 28, "geometry": {"type": "Polygon", "coordinates": [[[70.77795055804184, 31.12775064314463], [70.77793709979265, 31.12702914815787], [70.77751774818296, 31.127034936106707], [70.77750429358821, 31.126313440869957], [70.77792364202777, 31.126307653084957], [70.7778899997343, 31.124503915025898], [70.77830934012798, 31.12449812628669], [70.77829588088831, 31.12377663107621], [70.77871521799116, 31.12377084113713], [70.77870175606625, 31.123049346004432], [70.77912108987839, 31.123043554865532], [70.77911435751285, 31.122682807348863], [70.77953368961909, 31.122677014928225], [70.77952695578995, 31.122316267472016], [70.7799462861903, 31.122310473769698], [70.77991934574676, 31.12086748405756], [70.78033866968728, 31.120861689319668], [70.78033193329479, 31.12050094191984], [70.78075125552952, 31.120495145900403], [70.78073777993909, 31.119773651200216], [70.78115709888351, 31.119767853981337], [70.78115035968567, 31.119407106680995], [70.78156967692433, 31.119401308180663], [70.78156293626328, 31.119040560940885], [70.782820882498, 31.11902315750513], [70.78283437344824, 31.119744651470437], [70.78325369178603, 31.119738847433876], [70.78328742920866, 31.121542581559456], [70.78286810294802, 31.12154838600681], [70.78288159559764, 31.122269879670608], [70.78246226604627, 31.122275682918623], [70.78248250117693, 31.12335792349923], [70.78206316674995, 31.123363725629964], [70.78206991045145, 31.12372447252922], [70.78165057431832, 31.12373027337833], [70.78166405891565, 31.124451767276447], [70.78124471949151, 31.124457566925997], [70.78125146038727, 31.124818313924827], [70.78083211925694, 31.124824112292664], [70.78083885868907, 31.125184859352053], [70.78041951585256, 31.125190656438125], [70.78043299191069, 31.125912150656383], [70.78001364578299, 31.125917946542696], [70.78002711915603, 31.12663944083889], [70.77960776973708, 31.126645235525373], [70.77961450502035, 31.12700598272318], [70.77919515389515, 31.12701177612775], [70.7792018877145, 31.12737252338601], [70.77878253488304, 31.127378315508626], [70.77878926723844, 31.127739062827356], [70.77795055804184, 31.12775064314463]], [[70.78119753661728, 31.121932337331096], [70.78161686494798, 31.121926538256165], [70.78161012343784, 31.12156579116712], [70.7811907966918, 31.12157159015997], [70.78119753661728, 31.121932337331096]]]}, "properties": {"direction": "decrease", "areaHa": 24.16, "before": -9.471475601196289, "after": -18.007904052734375, "change": -8.53642749786377, "clearObservationsBefore": 3.0, "clearObservationsAfter": 2.0, "centroid": [70.78047332961633, 31.12324117969662]}}, {"type": "Feature", "id": 29, "geometry": {"type": "Polygon", "coordinates": [[[70.70626503222773, 30.776885913678214], [70.70625866320145, 30.776525132821593], [70.7058408237639, 30.776530631396216], [70.70583445641032, 30.776169850439953], [70.70541661841573, 30.77617534759084], [70.70540388716864, 30.775453785457834], [70.70498605217479, 30.775459281106706], [70.70497332450238, 30.77473771873194], [70.70539115638078, 30.774732223239695], [70.70537842605216, 30.77401066093643], [70.70496059728909, 30.774016156272072], [70.70494787053488, 30.773294593727066], [70.70411221889488, 30.77330558004939], [70.70410585880506, 30.77294479858841], [70.70368803437054, 30.772950289653462], [70.70367531765014, 30.772228726511187], [70.70492878126437, 30.772212249749966], [70.70491605565785, 30.771490686992173], [70.70533387351817, 30.77148519220466], [70.7053147812969, 30.77040284814327], [70.70489696810878, 30.770408342695884], [70.70489060582194, 30.770047561221237], [70.70530841745273, 30.77004206674691], [70.70528932660888, 30.76895972243018], [70.70570713345302, 30.768954226845747], [70.70570076851072, 30.768593445442598], [70.70486515782211, 30.768604435109832], [70.70485879610904, 30.768243653528778], [70.7044409921498, 30.768249146266626], [70.70443463210863, 30.76788836458603], [70.70401682959185, 30.76789385590064], [70.70400411296794, 30.767172292319096], [70.70483971165825, 30.767161308657986], [70.7048460730271, 30.76752209030287], [70.70526387375727, 30.76751659637663], [70.70527659995352, 30.768238159445964], [70.70569440368324, 30.768232664018154], [70.70570076851072, 30.768593445442598], [70.70653637874011, 30.768582450395364], [70.70655548325492, 30.769664794070916], [70.70739110236838, 30.76965379317343], [70.70738473096736, 30.76929301212629], [70.70780253879444, 30.769287509738383], [70.70781528482598, 30.770009071654542], [70.70906871696114, 30.76999255594997], [70.70908147279654, 30.770714117310273], [70.7094992863929, 30.77070860922831], [70.70950566604053, 30.771069389798043], [70.70908785088679, 30.771074897958496], [70.70909422909207, 30.771435678585444], [70.70825859532466, 30.77144669102794], [70.70826497053014, 30.771807471790513], [70.70868278902879, 30.77180196616339], [70.70869554289963, 30.77252352746779], [70.70618861149364, 30.77255654199405], [70.70620134713407, 30.77327810415424], [70.70661917243744, 30.77327260493947], [70.70662554198752, 30.773633385909285], [70.70787902188103, 30.77361687995835], [70.70789177067161, 30.774338441363707], [70.70747394104012, 30.774343944849456], [70.70748668717522, 30.775065506326516], [70.70706885431342, 30.775071008623765], [70.70708159779285, 30.77579257017249], [70.70749943377011, 30.775787067718436], [70.70750580724, 30.77614784838247], [70.70834148196523, 30.776136839281367], [70.70835423548112, 30.776858400231855], [70.70626503222773, 30.776885913678214]], [[70.70580898814438, 30.77472672640212], [70.70664465132708, 30.774715728691], [70.7066319116525, 30.77399416685781], [70.70579625470045, 30.774005164255513], [70.70580898814438, 30.77472672640212]], [[70.70658732641026, 30.77146869977122], [70.70742296109734, 30.771457698089865], [70.70741658912168, 30.771096917149134], [70.70658095754945, 30.771107918673717], [70.70658732641026, 30.77146869977122]]]}, "properties": {"direction": "decrease", "areaHa": 23.84, "before": -11.050345420837402, "after": -18.178504943847656, "change": -7.128157615661621, "clearObservationsBefore": 3.0, "clearObservationsAfter": 2.0, "centroid": [70.7064432372863, 30.772283198414925]}}, {"type": "Feature", "id": 30, "geometry": {"type": "Polygon", "coordinates": [[[70.76851169827799, 31.184171599046728], [70.76850498992155, 31.183810852880484], [70.76808538607563, 31.183816619523817], [70.76807867942945, 31.183455873254477], [70.76765907705249, 31.183461638449295], [70.76765237211654, 31.183100892076908], [70.76681317018001, 31.183112418202647], [70.7668198719368, 31.183473164738007], [70.76640026919812, 31.183478925831867], [70.76640696948586, 31.183839672427148], [70.76598736503703, 31.18384543223548], [70.76597396776131, 31.183123938860504], [70.76639356903091, 31.18311817921506], [70.76638686898423, 31.182757432576707], [70.76680646854376, 31.182751671645747], [70.76679976702805, 31.182390925067324], [70.76721936487752, 31.182385162850878], [70.76722606798275, 31.182745909347837], [70.76764566730118, 31.18274014568298], [70.76765237211654, 31.183100892076908], [70.76849157357067, 31.183089360483326], [70.7684781577024, 31.182367868000014], [70.76889775506943, 31.182362100315892], [70.76888433650484, 31.181640607909507], [70.76804514800803, 31.18165214158469], [70.76805185405107, 31.182012887961726], [70.76763225803225, 31.182018652830497], [70.76761884924572, 31.181297159891862], [70.76803844208563, 31.181291395186104], [70.76803173628383, 31.18093064876599], [70.76845132741373, 31.180924882774896], [70.76842449905537, 31.179481897205115], [70.76884408370728, 31.179476130173377], [70.76883737533002, 31.17911538380863], [70.76925695827201, 31.17910961549167], [70.76924353870108, 31.17838812286068], [70.77008269786607, 31.17837658245291], [70.77008941076959, 31.178737328616], [70.77050899176018, 31.17873155628043], [70.77049556289552, 31.178010064095965], [70.7700759850833, 31.178015836268283], [70.77005584745943, 31.176933597585162], [70.77047542050433, 31.176927825657703], [70.77046870661547, 31.176567079468533], [70.7683708481292, 31.176595925031656], [70.76836414230625, 31.176235178413048], [70.76794457183605, 31.176240943344318], [70.76793116373001, 31.175519449879445], [70.76751159631719, 31.175525213281123], [70.76749819187138, 31.17480371956709], [70.76707862751589, 31.174809481439254], [70.7670719270627, 31.17444873446846], [70.7674914898293, 31.174442972677774], [70.7674713844264, 31.173360731880603], [70.7683105000649, 31.1733492046888], [70.76830379532747, 31.17298845787635], [70.76872335137705, 31.172982692312317], [70.76873005770324, 31.17334343904323], [70.769569172618, 31.173331903652784], [70.76957588224244, 31.173692650199044], [70.7699954411076, 31.173686880372564], [70.77000215244155, 31.17404762681569], [70.7704217127748, 31.17404185554116], [70.77044185226768, 31.175124094496418], [70.77212011145943, 31.175100994753638], [70.77214699123087, 31.176543978419108], [70.77256656208259, 31.176538199740246], [70.77257328391669, 31.176898945521046], [70.77299285623654, 31.176893165393857], [70.77299957978062, 31.177253911071375], [70.7725800058717, 31.177259691280298], [70.77258672794761, 31.177620437017982], [70.77132800072818, 31.17763776969003], [70.77134143570788, 31.178359261590987], [70.77092185654807, 31.178365036578324], [70.7709352888327, 31.179086528556432], [70.77009612379385, 31.17909807475754], [70.77010955020465, 31.179819566975993], [70.76968996432555, 31.179825338189634], [70.7697302369198, 31.181989814817598], [70.76931064138365, 31.18199558515398], [70.76933748583643, 31.183438569468127], [70.76891788382144, 31.18344433876388], [70.7689313035929, 31.18416583095484], [70.76851169827799, 31.184171599046728]], [[70.77088827795055, 31.176561306256076], [70.77172742025826, 31.17654975573137], [70.77172070172311, 31.176189009765622], [70.77088156259342, 31.176200560127], [70.77088827795055, 31.176561306256076]], [[70.77046199284737, 31.17620633325782], [70.77088156259342, 31.176200560127], [70.7708748473571, 31.17583981397638], [70.77045527920005, 31.17584558702556], [70.77046199284737, 31.17620633325782]]]}, "properties": {"direction": "decrease", "areaHa": 23.68, "before": -12.869949340820312, "after": -20.17747688293457, "change": -7.307528972625732, "clearObservationsBefore": 3.0, "clearObservationsAfter": 2.0, "centroid": [70.76946832571261, 31.177668320712193]}}, {"type": "Feature", "id": 31, "geometry": {"type": "Polygon", "coordinates": [[[70.82079142808858, 31.086738346165326], [70.8207707880155, 31.085656122275164], [70.82035162806154, 31.085662042585792], [70.82034474986648, 31.085301301162055], [70.81908727400698, 31.085319053672823], [70.81906665439902, 31.084236828517803], [70.81822834603045, 31.08424865621439], [70.81822147623834, 31.08388791428536], [70.81864062890288, 31.083882001201594], [70.81862688652652, 31.083160517446345], [70.81988433428899, 31.08314277052871], [70.81987058291854, 31.082421287189934], [70.82028972876233, 31.082415368995438], [70.82025534459498, 31.08061166069009], [70.82109362009774, 31.08059982105538], [70.82108674047305, 31.080239079497293], [70.82318241915628, 31.080209457006767], [70.82317553174926, 31.079848715846733], [70.82359466553292, 31.07984278734867], [70.82358777666867, 31.079482046251048], [70.82400690874714, 31.0794761164757], [70.82400001842572, 31.07911537544049], [70.82441914879901, 31.079109444387885], [70.82440536536596, 31.07838796242078], [70.82482449245299, 31.078382030175], [70.8248313856886, 31.07874277108532], [70.82525051423265, 31.07873683739427], [70.82525740917345, 31.07909757819893], [70.82483827904828, 31.07910351197403], [70.82485895987172, 31.080185734510728], [70.8244398248789, 31.0801916671767], [70.82444671715362, 31.080552408063138], [70.8240275804555, 31.08055833945183], [70.82403447127301, 31.080919080400708], [70.8236153328696, 31.080925010512072], [70.82362222222982, 31.081285751523378], [70.82404136221453, 31.081279821328014], [70.82404825328007, 31.081640562233734], [70.82362911171401, 31.081646492513105], [70.82362222222982, 31.081285751523378], [70.8223648015318, 31.081303533941266], [70.822371686272, 31.081664275182884], [70.82195254421012, 31.081670200016706], [70.82195942749287, 31.082030941320678], [70.82237857113611, 31.082025016402934], [70.82238545612414, 31.08238575760141], [70.82280460122486, 31.082379831238296], [70.82281148791823, 31.08274057233125], [70.82239234123608, 31.0827464987783], [70.82239922647193, 31.083107239933604], [70.82365667089086, 31.083089456256207], [70.82366356099507, 31.083450197138028], [70.82408271046823, 31.083444266438633], [70.82409649421173, 31.084165747969525], [70.82367734157555, 31.08417167883694], [70.82369112265206, 31.08489316044953], [70.82327196672871, 31.084899090123404], [70.82327885587137, 31.08525983098133], [70.8224405404895, 31.085271686412316], [70.82244742659284, 31.085632427416577], [70.82202826713434, 31.085638353173625], [70.82203515177994, 31.085999094240243], [70.82161599061584, 31.08600501871961], [70.8216297571153, 31.086726500955923], [70.82079142808858, 31.086738346165326]]]}, "properties": {"direction": "decrease", "areaHa": 23.68, "before": -13.969866752624512, "after": -19.97991371154785, "change": -6.010046005249023, "clearObservationsBefore": 3.0, "clearObservationsAfter": 2.0, "centroid": [70.82170565872671, 31.08298541448434]}}, {"type": "Feature", "id": 32, "geometry": {"type": "Polygon", "coordinates": [[[70.72375224773899, 30.843413940478964], [70.7237457964735, 30.84305316663718], [70.72332767287028, 30.84305873232451], [70.72331477381408, 30.842337184418536], [70.72289665322047, 30.842342748598583], [70.72287086275468, 30.840899652213896], [70.72245274829622, 30.840905214728426], [70.72243985688625, 30.840183666249764], [70.72202174543713, 30.840189227257216], [70.72201530146918, 30.83982845290674], [70.72159719146663, 30.839834012486307], [70.72159074917755, 30.83947323803538], [70.72117264062155, 30.8394787961871], [70.72114687887715, 30.838035697853716], [70.72156498118261, 30.838030140018397], [70.72155209788195, 30.837308590881904], [70.7207158994051, 30.83731970488755], [70.72072233787229, 30.837680479624634], [70.7203042368972, 30.8376860346836], [70.72031067391792, 30.83804680947841], [70.71905636560876, 30.838063466800556], [70.71906279805773, 30.8384242418111], [70.71864469349345, 30.838429791633487], [70.718657555614, 30.83915134174857], [70.71907566330356, 30.83914579176821], [70.71908852901326, 30.839867341640023], [70.71825230726738, 30.839878440567908], [70.71824587747997, 30.839517665484728], [70.71782776799587, 30.839523212846593], [70.71783419622055, 30.839883988008733], [70.71699797377926, 30.83989507884408], [70.71698512369659, 30.839173528182805], [70.71740323184976, 30.839167983597328], [70.71738395290653, 30.83808565768221], [70.71780205625595, 30.83808011198478], [70.71778920108127, 30.837358561425923], [70.717371100857, 30.837364106965502], [70.71734539814808, 30.83592100527621], [70.71776349212244, 30.835915460052313], [70.71777634637012, 30.836637010781775], [70.71819444335351, 30.83663146405147], [70.71822015948948, 30.838074564938694], [70.71863826260709, 30.83806901654396], [70.71863183183667, 30.837708241433106], [70.71904993327578, 30.837702691768676], [70.71903063697255, 30.836620366545095], [70.72028492653138, 30.836603710171193], [70.72029136320394, 30.83696448502999], [70.72112755878796, 30.8369533738797], [70.72112111899042, 30.836592599179042], [70.72153921504582, 30.836587041660106], [70.72153277380194, 30.836226267017217], [70.72195086817877, 30.836220708228822], [70.72194442548859, 30.835859933643693], [70.72361679558439, 30.835837685321266], [70.72362324452423, 30.836198459589745], [70.72320515061219, 30.83620402377233], [70.72322449344186, 30.83728634668729], [70.72364259204132, 30.83728078226713], [70.72364904144622, 30.837641556450254], [70.72281284100603, 30.837652684100366], [70.72283218054291, 30.838735006996863], [70.72492270420992, 30.838707176568732], [70.72490334123437, 30.837624854860444], [70.72532144093108, 30.837619284966596], [70.72533435259021, 30.83834083263492], [70.72617055788467, 30.838329688484176], [70.72618347625979, 30.839051235749967], [70.72576537054555, 30.839056808658285], [70.72577828626115, 30.839778355997346], [70.72536017730513, 30.839783927715555], [70.7253860038824, 30.84122702245479], [70.72496788855898, 30.84123259314137], [70.72496143330285, 30.840871819409298], [70.72454331942586, 30.8408773886678], [70.72453686584888, 30.840516614835124], [70.72328252820824, 30.840533314280243], [70.72329542610179, 30.84125486239956], [70.72371354189055, 30.84124929710823], [70.72373289429143, 30.842331618889617], [70.72415101465249, 30.84232605201181], [70.72416391996042, 30.843047599600943], [70.724582043331, 30.84304203121579], [70.72458849772244, 30.843402804899107], [70.72375224773899, 30.843413940478964]]]}, "properties": {"direction": "decrease", "areaHa": 23.68, "before": -10.905706405639648, "after": -18.288837432861328, "change": -7.383132457733154, "clearObservationsBefore": 3.0, "clearObservationsAfter": 2.0, "centroid": [70.72196040304698, 30.838809999241008]}}, {"type": "Feature", "id": 33, "geometry": {"type": "Polygon", "coordinates": [[[70.86593454439458, 30.799584701880438], [70.86592757329504, 30.7992239537533], [70.86467386947488, 30.799242000688707], [70.86465993700706, 30.798520503855837], [70.86507783528803, 30.798514489728223], [70.86507086768357, 30.79815374136516], [70.86548876427992, 30.79814772597703], [70.86548179524212, 30.79778697767812], [70.86589969015384, 30.797780961029513], [70.8658857493374, 30.797059464538496], [70.86421418140796, 30.797083522370773], [70.86420721742377, 30.79672277375035], [70.865042998522, 30.7967107476977], [70.865029064695, 30.795989250734845], [70.86544695193801, 30.795983235860717], [70.86543998365417, 30.795622487432674], [70.86502209796993, 30.79562850222114], [70.8650151313705, 30.795267753685916], [70.86376147824049, 30.795285789718243], [70.86376844016364, 30.795646538510358], [70.86293266766502, 30.795658555973013], [70.8629117916247, 30.79457630901868], [70.86332967326052, 30.794570301217068], [70.86331575341032, 30.793848803311086], [70.86289787489186, 30.793854810941557], [70.86289091671364, 30.793494061870707], [70.86205516241756, 30.793506072922774], [70.8620621174785, 30.793866822164684], [70.86122635956349, 30.79387882800405], [70.86125416859176, 30.795321825440556], [70.86083628321136, 30.795327826683202], [70.86084323422305, 30.79568857607402], [70.86042534715853, 30.795694576056107], [70.86043229673675, 30.796055325510856], [70.85959651911413, 30.79606732160774], [70.85961041241112, 30.79678882079441], [70.85877462805202, 30.79680081184859], [70.85876074099046, 30.796079312320373], [70.85917863011491, 30.7960733176371], [70.85915085125914, 30.794630318664023], [70.85956873402326, 30.794624322976265], [70.85956178806369, 30.79426357326462], [70.85914390685828, 30.79426956886699], [70.85913696258262, 30.79390881904844], [70.85871908281067, 30.793914813219473], [70.8586982554109, 30.79283256337864], [70.85995188032346, 30.792814577596225], [70.85994493343155, 30.792453827862435], [70.86036280659334, 30.79244782999527], [70.86034891006828, 30.791726330634013], [70.86118464978188, 30.79171433120392], [70.86117769859032, 30.791353581661934], [70.86201343468558, 30.791341577019516], [70.86202038899405, 30.791702326390507], [70.86160251945066, 30.791708329470126], [70.86160947232604, 30.792069078905108], [70.86119160109875, 30.7920750807244], [70.86121245580154, 30.79315732915673], [70.8624660831342, 30.793139318891804], [70.86244521440445, 30.792057071229014], [70.8632809559811, 30.792045058169546], [70.86328791521596, 30.79240580724089], [70.86370578737458, 30.792399798606812], [70.86371274829348, 30.792760547571046], [70.86413062188512, 30.79275453750551], [70.8641375844881, 30.79311528636262], [70.86455545951277, 30.793109274865586], [70.86456242379992, 30.793470023615573], [70.8649803002576, 30.793464010686996], [70.86498726622895, 30.793824759329816], [70.86540514411963, 30.793818744969663], [70.8654190795565, 30.79454024201943], [70.86583696043888, 30.794534226141987], [70.86585786921273, 30.795616471298192], [70.86627575464563, 30.795610453817673], [70.8663036410056, 30.79705344671517], [70.86672153254808, 30.797047427545735], [70.86672850601127, 30.797408175630583], [70.86714639898692, 30.797402155029317], [70.86715337413474, 30.797762903006888], [70.8667354796002, 30.7977689236939], [70.86677034943104, 30.79957266368765], [70.86593454439458, 30.799584701880438]]]}, "properties": {"direction": "decrease", "areaHa": 23.52, "before": -9.154129028320312, "after": -18.348709106445312, "change": -9.194578170776367, "clearObservationsBefore": 3.0, "clearObservationsAfter": 2.0, "centroid": [70.86287239291194, 30.79496351120052]}}, {"type": "Feature", "id": 34, "geometry": {"type": "Polygon", "coordinates": [[[70.83722481949266, 30.85051393969296], [70.83721794175423, 30.850153188538073], [70.83679981319112, 30.85015912175659], [70.83679293713979, 30.84979837049579], [70.83637481001587, 30.849804302280905], [70.83636793565157, 30.849443550914206], [70.8359498099668, 30.849449481265967], [70.83593606473603, 30.8487279782993], [70.83551794205351, 30.84873390713338], [70.83546297858885, 30.845847893731992], [70.83588108876812, 30.845841965572735], [70.83586734601484, 30.8451204621761], [70.8362854529447, 30.84511453283682], [70.83627170756144, 30.844393029522944], [70.835853603757, 30.844398958693507], [70.83583986199463, 30.843677455124894], [70.83625796267373, 30.84367152612307], [70.8362373462713, 30.84258927086203], [70.83665544213879, 30.842583340764712], [70.83664856868987, 30.842222589052433], [70.83706666287092, 30.842216657690898], [70.83707353788236, 30.84257740931878], [70.837491633502, 30.842571476524256], [70.83751226396765, 30.84365373102566], [70.83793036415108, 30.84364779662922], [70.83793724278352, 30.844008548002247], [70.83835534440558, 30.844002612172687], [70.83836222472469, 30.844363363439754], [70.83878032778536, 30.84435742617704], [70.83880097417503, 30.845439679595774], [70.83921908179978, 30.845433740730872], [70.83926038730584, 30.847598246480743], [70.83884227030406, 30.847604185852678], [70.83886292004352, 30.84868643869086], [70.83928104173422, 30.848680499065388], [70.83929481197367, 30.849402000680975], [70.83887668715691, 30.84940794047546], [70.83888357089971, 30.849768691335495], [70.8380473177678, 30.84978056704655], [70.83805419850847, 30.85014131805405], [70.83763607019335, 30.85014725397055], [70.83764294949493, 30.85050800504102], [70.83722481949266, 30.85051393969296]]]}, "properties": {"direction": "decrease", "areaHa": 22.88, "before": -12.275663375854492, "after": -19.2044677734375, "change": -6.928802967071533, "clearObservationsBefore": 3.0, "clearObservationsAfter": 2.0, "centroid": [70.83733453857631, 30.8466806059062]}}, {"type": "Feature", "id": 35, "geometry": {"type": "Polygon", "coordinates": [[[70.82384702592303, 30.939110815547362], [70.8238196200749, 30.937667819760847], [70.82340110794779, 30.93767372469379], [70.82338740890428, 30.93695222650367], [70.82296889979376, 30.93695812991522], [70.82294835686372, 30.935875882217083], [70.82252985233964, 30.935881784023458], [70.82251616080947, 30.935160285282805], [70.82293466219383, 30.935154383644093], [70.82292781504391, 30.93479363432531], [70.82250931522937, 30.93479953588019], [70.8225024697726, 30.934438786456074], [70.82333946613875, 30.93442698216043], [70.8233326176658, 30.93406623288248], [70.82375111409407, 30.93406032878823], [70.82373741437883, 30.933338830335494], [70.82415590754425, 30.93333292505551], [70.82414905630208, 30.932972175880757], [70.82373056470631, 30.932978081076847], [70.8237237151572, 30.932617331796674], [70.82330522500767, 30.93262323555546], [70.82329837715159, 30.932262486169922], [70.8228798884483, 30.932268388491423], [70.82290042767778, 30.93335063683504], [70.82206344048333, 30.933362437920703], [70.82205659708953, 30.933001688326712], [70.82163810487704, 30.933007586755544], [70.82162442159856, 30.932286087335438], [70.8212059324021, 30.932291984243292], [70.82119225275578, 30.931570484569587], [70.82077376657527, 30.931576379956518], [70.82075325273851, 30.93049413003338], [70.82159021555925, 30.930482338408684], [70.82159705652062, 30.930843088237058], [70.82243402198735, 30.930831291031506], [70.82244086621097, 30.931192040670773], [70.82327783432348, 30.93118023788419], [70.82326413972157, 30.930458738919455], [70.82284565886594, 30.930464640821732], [70.82283881331948, 30.930103891223258], [70.82325729260565, 30.930097989404818], [70.82325044561308, 30.92973723986866], [70.82366892320647, 30.92973133678079], [70.82368946926256, 30.93081358507312], [70.8241079514409, 30.930807680380322], [70.82411480194254, 30.931168429684195], [70.82453328556696, 30.931162523554164], [70.82454013776155, 30.93152327275261], [70.82495862283206, 30.93151736518531], [70.82496547671964, 30.931878114278323], [70.8253839632362, 30.931872205273727], [70.82537710777908, 30.93151145626466], [70.82579559260259, 30.931505545990625], [70.82580244962928, 30.931866294915732], [70.82622093589882, 30.931860383204363], [70.82623465346198, 30.932581880822063], [70.82581616405326, 30.93258779270139], [70.82582987897142, 30.933309290400967], [70.82624837151941, 30.933303378353667], [70.82626209007114, 30.93402487579921], [70.82584359438374, 30.934030788014475], [70.82587788507665, 30.93583453167159], [70.82545938141669, 30.935840442953157], [70.82546623835604, 30.936201191703983], [70.82504773300265, 30.936207101715926], [70.8250614441121, 30.936928599320918], [70.82422442675508, 30.93694041561961], [70.82426554420704, 30.93910490892514], [70.82384702592303, 30.939110815547362]]]}, "properties": {"direction": "decrease", "areaHa": 22.4, "before": -11.353983879089355, "after": -19.04831886291504, "change": -7.6943359375, "clearObservationsBefore": 3.0, "clearObservationsAfter": 2.0, "centroid": [70.82387644344436, 30.93373125720772]}}, {"type": "Feature", "id": 36, "geometry": {"type": "Polygon", "coordinates": [[[70.80658875478458, 31.244262605297873], [70.80654754289048, 31.242098193261867], [70.80696739534581, 31.242092291382676], [70.80695365584758, 31.24137082069775], [70.8065338065804, 31.24137672241023], [70.8065406746737, 31.241737457846867], [70.80612082368899, 31.241743358272704], [70.80609335843283, 31.240300416063103], [70.80651320304143, 31.2402945159706], [70.80648573338489, 31.2388515737484], [70.80606589515192, 31.238857473507586], [70.80605902964031, 31.238496737814653], [70.80563919287776, 31.23850263612069], [70.80561173844083, 31.23705969279953], [70.8043522465381, 31.237077378499364], [70.80431795517329, 31.235273697612534], [70.80347830922467, 31.2352854803981], [70.80347145450878, 31.23492474398945], [70.80431109727026, 31.234912961370323], [70.80430423949056, 31.234552225106487], [70.8047240590928, 31.234546331825694], [70.80473091846606, 31.234907068006283], [70.80557056048761, 31.23489527716927], [70.80555683549039, 31.23417380511956], [70.80513701772833, 31.234179701056323], [70.80511643593825, 31.233097492569797], [70.80469662283316, 31.233103386887176], [70.80468976407658, 31.23274265059851], [70.80385014068325, 31.232754434958153], [70.80384328523672, 31.232393698481403], [70.80216404334455, 31.232417250433592], [70.80215034556791, 31.231695776749895], [70.8034097676119, 31.231678115339005], [70.80340291412844, 31.231317378714213], [70.80382271963673, 31.2313114889215], [70.80382957471348, 31.231672225463075], [70.80466918854678, 31.23166044160282], [70.8046760469334, 31.232021177956348], [70.80635527949316, 31.23199759346902], [70.80636214437641, 31.232358329467758], [70.80678195380115, 31.232352429838883], [70.8067888204012, 31.232713165732672], [70.80720863129584, 31.23270726465093], [70.80721549961272, 31.23306800043974], [70.80763531197724, 31.233062097905094], [70.80764905216836, 31.233783569251123], [70.80722923661702, 31.233789471952516], [70.80724984304973, 31.234871679059534], [70.80683002259438, 31.23487758064142], [70.80685062535795, 31.23595978780394], [70.80601097451537, 31.235971587358804], [70.80605216425215, 31.238136002100106], [70.80689183421929, 31.238124201545226], [70.80690557149437, 31.23884567261935], [70.80732540948034, 31.238839770120464], [70.80735976279898, 31.24064344701057], [70.80777960863104, 31.240637542724887], [70.80777273612625, 31.2402768074735], [70.80819258024077, 31.240270901901273], [70.8081857062656, 31.239910166711685], [70.80860554866258, 31.239904259852963], [70.80862617574078, 31.240986465106616], [70.80820632856188, 31.240992372215608], [70.80823382668734, 31.242435312584792], [70.80697426528022, 31.242453026692704], [70.80699487582457, 31.243535232493077], [70.80741473453304, 31.24352932891036], [70.80742160655579, 31.24389006405052], [70.80700174625306, 31.243895967716615], [70.80700861680509, 31.244256702918538], [70.80658875478458, 31.244262605297873]], [[70.80600410999125, 31.235610851492915], [70.80642393388067, 31.235604952483648], [70.80641706788639, 31.23524421667948], [70.80599724559056, 31.235250115605407], [70.80600410999125, 31.235610851492915]]]}, "properties": {"direction": "decrease", "areaHa": 21.92, "before": -12.528611183166504, "after": -18.419376373291016, "change": -5.89076566696167, "clearObservationsBefore": 3.0, "clearObservationsAfter": 2.0, "centroid": [70.8059795659941, 31.236492328522218]}}, {"type": "Feature", "id": 37, "geometry": {"type": "Polygon", "coordinates": [[[70.83435218438001, 30.83142965161682], [70.83434532257951, 30.83106889881656], [70.83392727608013, 30.831074819473987], [70.83392041596498, 30.83071406656796], [70.83350237090356, 30.83071998579315], [70.83348179598487, 30.82963772669343], [70.83431787661452, 30.82962588740063], [70.83431101543253, 30.82926513449293], [70.83305689898714, 30.82928289115751], [70.8330431863631, 30.828561384772165], [70.83262515042371, 30.82856730079615], [70.83260458709894, 30.82748504080438], [70.83218655572021, 30.827490955227937], [70.83216599819161, 30.82640869479025], [70.83174797137336, 30.8264146076135], [70.83172741964034, 30.825332346729976], [70.83214544177486, 30.8253264341592], [70.83213173811467, 30.82460492696441], [70.83254975700328, 30.824599013214318], [70.83254290379736, 30.82423825966888], [70.83296092100129, 30.824232344655318], [70.83296777576835, 30.82459309811656], [70.83338579440982, 30.824587181671152], [70.83339265086165, 30.82494793502669], [70.83381067094066, 30.824942017149397], [70.83382438733756, 30.825663523627533], [70.83424241041533, 30.825657604234056], [70.83424927036049, 30.82601835735663], [70.83466729487583, 30.826012436531183], [70.83467415650593, 30.826373189547994], [70.83592823399343, 30.826355418732327], [70.83594196699259, 30.82707692419559], [70.83635999569681, 30.82707099772618], [70.83636686394344, 30.827431750341212], [70.83678489408518, 30.827425822439647], [70.8368192449828, 30.82922958477059], [70.83640120703392, 30.82923551309404], [70.83640807602352, 30.829596265580136], [70.83599003638928, 30.82960219264006], [70.83599690394117, 30.82996294518901], [70.83557886262157, 30.829968870985375], [70.83560632782077, 30.83141188130368], [70.83435218438001, 30.83142965161682]]]}, "properties": {"direction": "decrease", "areaHa": 20.8, "before": -12.95956802368164, "after": -19.412494659423828, "change": -6.4529242515563965, "clearObservationsBefore": 3.0, "clearObservationsAfter": 2.0, "centroid": [70.83428817956568, 30.82789424845395]}}, {"type": "Feature", "id": 38, "geometry": {"type": "Polygon", "coordinates": [[[70.76757465610801, 31.24660925193323], [70.76754777168715, 31.2451662804235], [70.76796764666541, 31.245160505391908], [70.76794747983524, 31.24407827677783], [70.76836734990927, 31.24407250062068], [70.76835390277141, 31.243351014933292], [70.76877376953583, 31.243345237569102], [70.76876031969287, 31.242623751958632], [70.76918018314774, 31.24261797338747], [70.76917345681336, 31.24225723063151], [70.77001318017167, 31.24224566954202], [70.77001990969458, 31.242606412134688], [70.77085963575743, 31.242594845401346], [70.77083270563803, 31.241151875554607], [70.771252562111, 31.24114609045953], [70.77123236101014, 31.240063863093127], [70.77165221257968, 31.240058076873165], [70.77164547752747, 31.23969733445628], [70.77290502672726, 31.239679967821644], [70.77291176656162, 31.240040709993252], [70.77375146861037, 31.240029125223288], [70.7737042699991, 31.23750393071443], [70.77412410968388, 31.237498136847318], [70.77411736591623, 31.237137394770187], [70.77453720388591, 31.237131599615065], [70.77452371352675, 31.23641011555976], [70.77494354818755, 31.236404319198535], [70.77490307045868, 31.234239867006117], [70.77532289543605, 31.234234069766448], [70.77538362801059, 31.2374807470268], [70.77496378868966, 31.237486545003506], [70.7749772829643, 31.238208028765616], [70.77455744033429, 31.238213825536217], [70.77458442396357, 31.23965679312904], [70.77416457483636, 31.239662588857172], [70.77418480904974, 31.240744814570853], [70.7733451008671, 31.240756402408145], [70.77333835919625, 31.240395660361497], [70.77291850651719, 31.24040145214328], [70.77292524659393, 31.240762194271728], [70.77250539219958, 31.24076798476527], [70.77251213080338, 31.24112872695394], [70.7720922746937, 31.241134516159207], [70.7721124864495, 31.24221674284107], [70.77253234734177, 31.242210953390504], [70.77254582563985, 31.242932437573685], [70.77212596155906, 31.242938227187782], [70.7721394371532, 31.243659711448213], [70.77171956976261, 31.243665499855652], [70.77172630614703, 31.24402624203525], [70.77130643704093, 31.244032029154223], [70.77131317195207, 31.244392771393983], [70.77089330113049, 31.244398557224436], [70.77090003456829, 31.244759299524347], [70.77048016203119, 31.244765084066263], [70.7704868939956, 31.245125826426296], [70.76964714536939, 31.24513739156264], [70.76965387426584, 31.245498134064434], [70.76923399817676, 31.245503914658816], [70.76924072559969, 31.245864657220682], [70.76840096986959, 31.24587621446174], [70.76840769422435, 31.24623695716526], [70.76798781458338, 31.246242733811872], [70.76799453746446, 31.2466034765754], [70.76757465610801, 31.24660925193323]], [[70.7704666984655, 31.24404359928148], [70.77088656781375, 31.244037814902967], [70.77087983461807, 31.24367707255991], [70.77045996686421, 31.243682856856744], [70.7704666984655, 31.24404359928148]], [[70.77127949860729, 31.242589059979448], [70.77169936133606, 31.24258327318739], [70.7716926254361, 31.242222530921506], [70.7712727643016, 31.242228317631834], [70.77127949860729, 31.242589059979448]]]}, "properties": {"direction": "decrease", "areaHa": 20.32, "before": -14.09192943572998, "after": -19.445894241333008, "change": -5.353964328765869, "clearObservationsBefore": 3.0, "clearObservationsAfter": 2.0, "centroid": [70.77136340534771, 31.24186488319994]}}, {"type": "Feature", "id": 39, "geometry": {"type": "Polygon", "coordinates": [[[70.79376000743356, 30.964430384548226], [70.793739771592, 30.963348123969972], [70.79415840251214, 30.96334231073119], [70.79413141680264, 30.961899296656185], [70.79455004131292, 30.96189348239246], [70.79454329361732, 30.961532728902533], [70.79496191643403, 30.96152691336631], [70.79495516728801, 30.96116615993747], [70.79537378841115, 30.96116034312879], [70.79536028733992, 30.960438836371825], [70.7957789051976, 30.960433018373323], [70.79577215327248, 30.96007226504521], [70.79619076943665, 30.960066445774352], [70.79617726280756, 30.959344939218912], [70.79659587570639, 30.959339118758365], [70.79658912100251, 30.958978365531053], [70.79700773220786, 30.958972543798247], [70.79699422002157, 30.95825103744448], [70.79741282796171, 30.958245214522126], [70.7974060704794, 30.957884461395697], [70.7978246767261, 30.957878637201176], [70.79781115898327, 30.95715713104922], [70.79822976196488, 30.95715130566529], [70.79821624156581, 30.956429799592804], [70.79863484128242, 30.95642397301953], [70.79862807969397, 30.956063220033787], [70.79904667771721, 30.9560573921885], [70.79903315176266, 30.955335886318053], [70.79987034115756, 30.955324226894362], [70.79986357522004, 30.95496347409245], [70.80028216816322, 30.954957642431363], [70.80027540077613, 30.95459688969078], [70.80069399202596, 30.954591056757838], [70.80068722318934, 30.954230304078575], [70.80152440218035, 30.954218634314408], [70.80151085858742, 30.95349712922284], [70.80067368588192, 30.95350879865558], [70.80068045447467, 30.953869551377824], [70.79984327813875, 30.953881215557793], [70.79983651268873, 30.953520462669925], [70.80025509934629, 30.953514631340052], [70.80024833244678, 30.953153878513483], [70.80066691741109, 30.95314804591185], [70.80066014906221, 30.952787293146617], [70.80107873233328, 30.95278145927323], [70.80106519285872, 30.952059953843985], [70.80148377286534, 30.95205411878176], [70.80147023073614, 30.951332613432253], [70.80188880747839, 30.951326777181254], [70.8018820350256, 30.950966024557143], [70.80230061007468, 30.95096018703456], [70.80228706239285, 30.950238681887658], [70.80270563417768, 30.950232843176444], [70.8026920838418, 30.949511338109378], [70.80311065236249, 30.949505498209607], [70.80310387580661, 30.949144745726777], [70.80352244263422, 30.949138904555568], [70.80351566462942, 30.9487781521342], [70.80393422976395, 30.948772309691588], [70.80392067097878, 30.948050804950295], [70.8043392328493, 30.94804496131933], [70.80435279477635, 30.94876646589465], [70.80393422976395, 30.948772309691588], [70.80394778903762, 30.949493814346905], [70.8035292207611, 30.949499656955446], [70.8035427773812, 30.950221161690735], [70.80312420584049, 30.950227003110797], [70.80313775980676, 30.950948507926], [70.80271918500176, 30.950954348157506], [70.80273951215325, 30.952036605467928], [70.80232093251264, 30.95204244459372], [70.80232770690267, 30.952403197070446], [70.8019091255688, 30.95240903492462], [70.8019226715724, 30.95313053997941], [70.80234125604885, 30.953124701959435], [70.80235480568317, 30.95384620676244], [70.80193621806404, 30.953852044948206], [70.80194976504372, 30.954573549831043], [70.80153117415978, 30.954579386827962], [70.80155149083001, 30.95566164423965], [70.80071429926734, 30.955673314666647], [70.80072106859167, 30.956034067259942], [70.8003024710559, 30.95603990052419], [70.80030923893061, 30.95640065317882], [70.79989063970136, 30.956406485171136], [70.79990417267331, 30.957127990581533], [70.79906696756275, 30.957139650833017], [70.79908049473559, 30.957861156488544], [70.79866188885421, 30.957866984747596], [70.79868217581202, 30.958949243318], [70.79784495425345, 30.95896089626792], [70.7978584732138, 30.959682402204983], [70.79743985910824, 30.95968822681299], [70.7974466171992, 30.960048979831985], [70.79702800140004, 30.960054803167736], [70.79704151480334, 30.9607763093066], [70.79662289573868, 30.96078213145271], [70.7966364064849, 30.96150363767096], [70.79621778415462, 30.96150945862736], [70.79622453813825, 30.961870211786888], [70.79580591411434, 30.961876031470872], [70.79581266664758, 30.96223678469153], [70.79539404093, 30.962242603103068], [70.79538728996879, 30.961881849799795], [70.79496866570163, 30.96188766677366], [70.79498216460156, 30.962609173523894], [70.79456353706873, 30.96261498930783], [70.79458378161407, 30.96369724951974], [70.79416514924331, 30.963703064196228], [70.79417864307024, 30.964424571061826], [70.79376000743356, 30.964430384548226]], [[70.80151085858742, 30.95349712922284], [70.80192944475722, 30.953491292474556], [70.8019226715724, 30.95313053997941], [70.80150408697394, 30.953136376644796], [70.80151085858742, 30.95349712922284]]]}, "properties": {"direction": "decrease", "areaHa": 20.16, "before": -13.503218650817871, "after": -19.332929611206055, "change": -5.829712867736816, "clearObservationsBefore": 3.0, "clearObservationsAfter": 2.0, "centroid": [70.79910122950545, 30.956497811879668]}}, {"type": "Feature", "id": 40, "geometry": {"type": "Polygon", "coordinates": [[[70.78598141208946, 31.242746446485924], [70.78597462186374, 31.242385707031893], [70.78555476326893, 31.242391540408025], [70.78552760996351, 31.240948582046467], [70.78468790516096, 31.24096024402958], [70.78468112032792, 31.2405995042205], [70.78510097119612, 31.240593673996305], [70.78508061264682, 31.239511454686568], [70.78550045861093, 31.23950562333945], [70.7854936710779, 31.239144883608727], [70.785913515326, 31.239139050974053], [70.785920304453, 31.239499790622396], [70.78634015017299, 31.239493956535405], [70.78633335945203, 31.23913321696946], [70.78675320345596, 31.23912738159494], [70.78674641126317, 31.23876664208982], [70.78716625355104, 31.238760805427827], [70.78715945988647, 31.23840006598356], [70.78757930045828, 31.238394228034114], [70.78753853147322, 31.236229791409798], [70.78795836236006, 31.23622395258533], [70.7879447704884, 31.23550247370276], [70.78836459806567, 31.23549663367351], [70.78835100349552, 31.234775154869563], [70.78877082776334, 31.234769313635617], [70.78877762658091, 31.235130052965882], [70.79045692880382, 31.23510667400308], [70.79047734511396, 31.23618889087361], [70.79005751496074, 31.236194737916616], [70.79006431904847, 31.23655547691285], [70.79048415079542, 31.236549629787266], [70.79051137474497, 31.2379925852259], [70.79009153662288, 31.23799843268186], [70.79010514614419, 31.23871991043679], [70.789685304712, 31.238725756688034], [70.78967169837844, 31.238004278767963], [70.78925186001169, 31.238010123484226], [70.78923825735505, 31.237288645312656], [70.78965809253417, 31.237282800761502], [70.78964448717919, 31.236561322668678], [70.7892246551876, 31.236567167054734], [70.78920425285354, 31.235484949505864], [70.78878442552073, 31.23549079227455], [70.7887912245828, 31.23585153156162], [70.78837139553409, 31.2358573730431], [70.7883781931247, 31.2362181123911], [70.78879802376713, 31.236212270827117], [70.78883202152264, 31.238015966830627], [70.78841218291132, 31.238021808807176], [70.7884325782501, 31.239104026397698], [70.78801273473486, 31.239109867251887], [70.78801953183165, 31.239470606488027], [70.78843937694086, 31.23946476555136], [70.78844617575383, 31.239825504683417], [70.78886602233477, 31.23981966229428], [70.78888642428934, 31.240901879313345], [70.7884665729263, 31.24090772195003], [70.78847337222828, 31.241268460995705], [70.78805351914889, 31.24127430234488], [70.78806711493135, 31.241995780536467], [70.78722740202934, 31.24200745945461], [70.78723419691555, 31.242368198682943], [70.78681433868708, 31.242374036169366], [70.78682113210124, 31.242734775458555], [70.78598141208946, 31.242746446485924]]]}, "properties": {"direction": "decrease", "areaHa": 19.04, "before": -11.526449203491211, "after": -18.7910099029541, "change": -7.264556407928467, "clearObservationsBefore": 3.0, "clearObservationsAfter": 2.0, "centroid": [70.78774531965297, 31.239060561709785]}}, {"type": "Feature", "id": 41, "geometry": {"type": "Polygon", "coordinates": [[[70.71674946996413, 30.778912682994008], [70.71673665274922, 30.77819112544491], [70.71631880840258, 30.77819665804867], [70.71629958812072, 30.777114321328767], [70.71671742779371, 30.777108788961502], [70.7166982038784, 30.77602645228642], [70.71544469853299, 30.77604304464268], [70.7154639084281, 30.777125382027034], [70.71462822827353, 30.777136437343596], [70.71461542779258, 30.776414878793613], [70.71503326481196, 30.776409351965548], [70.7150204616772, 30.775687793487887], [70.71418479375407, 30.77569884548367], [70.71417199731198, 30.774977286605875], [70.71291850390811, 30.774993854037273], [70.71290571727356, 30.77427229460217], [70.71332354540822, 30.774266773627687], [70.71331075611968, 30.773545214264757], [70.71289293110023, 30.77355073508189], [70.71288653818654, 30.773189955289816], [70.71330436164843, 30.77318443455135], [70.71329796729249, 30.772823654816648], [70.71413361075518, 30.77281260946145], [70.71412721339958, 30.772451829862852], [70.71454503340037, 30.772446305246177], [70.71455143231347, 30.77280708476605], [70.71496925375632, 30.772801558725455], [70.71497565434237, 30.77316233814528], [70.71539347722731, 30.773156810680735], [70.71539987948634, 30.77351759000051], [70.7162355280249, 30.773506530878176], [70.71625474484048, 30.774588868236957], [70.7166725736093, 30.77458333642148], [70.71667898100323, 30.77494411541966], [70.7170968112141, 30.77493858218004], [70.71710322028129, 30.775299361078087], [70.71752105193427, 30.775293826414305], [70.71752746267475, 30.775654605212182], [70.71794529576981, 30.7756490691242], [70.71795812071316, 30.776370626498288], [70.71837595680807, 30.776365088907156], [70.71838237101102, 30.77672586748336], [70.71921804596934, 30.776714788107103], [70.7192244634036, 30.777075566504113], [70.72047797964638, 30.777058937112336], [70.72049082420928, 30.777780493368596], [70.72007298246177, 30.777786038002603], [70.7200794033591, 30.77814681617778], [70.72049724666448, 30.778141271464772], [70.72050366923551, 30.77850204953965], [70.71966797939307, 30.778513137778187], [70.71966155993788, 30.778152359545324], [70.7192437164009, 30.778157901567404], [70.7192244634036, 30.777075566504113], [70.71880662442449, 30.77708110694389], [70.71881945652454, 30.77780266383193], [70.71798377198775, 30.777813740990883], [70.71799018509556, 30.778174519560796], [70.71757234109573, 30.778180056200966], [70.71758516454246, 30.778901613434638], [70.71674946996413, 30.778912682994008]], [[70.715001257841, 30.77460545561168], [70.71583691595616, 30.77459439870716], [70.71582410774546, 30.773872840331663], [70.71498845586079, 30.77388389692108], [70.715001257841, 30.77460545561168]]]}, "properties": {"direction": "decrease", "areaHa": 17.28, "before": -11.492467880249023, "after": -18.114749908447266, "change": -6.622280597686768, "clearObservationsBefore": 3.0, "clearObservationsAfter": 2.0, "centroid": [70.7162449562565, 30.77577852286052]}}, {"type": "Feature", "id": 42, "geometry": {"type": "Polygon", "coordinates": [[[70.845769101714, 30.77244882577921], [70.84576221334012, 30.77208807201235], [70.8453444247303, 30.772094019287767], [70.845323765025, 30.77101175760401], [70.84574154896391, 30.771005810582825], [70.84572088570573, 30.76992354895998], [70.84530310643748, 30.769929495726952], [70.84528933466677, 30.769207987701513], [70.8461248868518, 30.769196093161835], [70.84610422078666, 30.768113831471076], [70.84568644942651, 30.76811977915899], [70.84569333643392, 30.76848053316214], [70.84527556339282, 30.768486479590173], [70.84526867794213, 30.76812572550228], [70.84568644942651, 30.76811977915899], [70.8456795625433, 30.76775902513434], [70.84609733234677, 30.76775307753119], [70.8460904440311, 30.767392323569826], [70.8465082121537, 30.76738637470685], [70.84652199202259, 30.768107882438564], [70.84735753412161, 30.768095980339684], [70.84736442735588, 30.7684567340037], [70.84778219977564, 30.76845078085252], [70.84778909469097, 30.76881153441022], [70.8482068685431, 30.76880557982956], [70.8482206618604, 30.769527086710834], [70.84905621541857, 30.769515173176043], [70.8490424158742, 30.76879366663429], [70.85071350904286, 30.768769824108052], [70.85072732104139, 30.769491329970275], [70.85030954482245, 30.76949729278874], [70.85032335420557, 30.770218798734966], [70.85115891274619, 30.770206871413475], [70.85116582073826, 30.770567624184395], [70.85158360137856, 30.770561658421567], [70.8516043307731, 30.771643916350396], [70.85076876002641, 30.771655847041313], [70.85076185321749, 30.77129509424986], [70.85034406921423, 30.77130105749316], [70.85033716408682, 30.77094030459525], [70.84991938151593, 30.77094626640882], [70.84991247806994, 30.770585513404473], [70.84949469693146, 30.77059147378836], [70.84948089352669, 30.769869967545354], [70.84864533710373, 30.769881883939306], [70.8486522356302, 30.77024263724136], [70.84907001546074, 30.770236679631846], [70.84908381600069, 30.77095818600171], [70.84950159882055, 30.770952226877654], [70.84950850083413, 30.77131297994544], [70.8486729319561, 30.77132489701862], [70.84867983098026, 30.771685650234733], [70.84826204479762, 30.771691606839028], [70.84825514733043, 30.771330853538036], [70.84783736258038, 30.77133680871269], [70.84784425849061, 30.77169756209853], [70.84700868550347, 30.77170946858313], [70.84701557842409, 30.772070222117147], [70.84659779018706, 30.77207617342704], [70.84660468167496, 30.772436927024366], [70.845769101714, 30.77244882577921]]]}, "properties": {"direction": "decrease", "areaHa": 16.64, "before": -15.629822731018066, "after": -20.0316162109375, "change": -4.401794910430908, "clearObservationsBefore": 3.0, "clearObservationsAfter": 2.0, "centroid": [70.84783912073352, 30.770167485327402]}}, {"type": "Feature", "id": 43, "geometry": {"type": "Polygon", "coordinates": [[[70.86312959840751, 31.000254197361297], [70.86311556634233, 30.99953272232122], [70.86269679355564, 30.99953876525696], [70.8626757511295, 30.99845655227761], [70.86225698294061, 30.998462593599317], [70.86224997062583, 30.998101855810624], [70.86183120388529, 30.998107895689802], [70.8618241932714, 30.997747157793803], [70.86140542797926, 30.99775319623049], [70.86139841906619, 30.997392458227225], [70.86056089125249, 30.9974045308589], [70.86052586432542, 30.99560083966218], [70.86094462042281, 30.99559480445289], [70.8609306073862, 30.99487332799427], [70.86051185443763, 30.9948793630323], [70.86049084055202, 30.993797147925488], [70.86007209220035, 30.99380318135005], [70.86011411166055, 30.99596761188293], [70.85927659568624, 30.99597967568921], [70.85926959527652, 30.995618937149903], [70.85968835175224, 30.99561290601069], [70.85966034507634, 30.99416995197975], [70.85924159489817, 30.99417598277669], [70.85922759546533, 30.993454505460505], [70.8588088483097, 30.993460534729724], [70.85878785482852, 30.99237831833684], [70.8592065972614, 30.992372289324255], [70.85919259908903, 30.991650811792116], [70.85877385980446, 30.991656840633613], [70.85875286821346, 30.990574623916803], [70.85833413352516, 30.990580651145237], [70.85832713815422, 30.99021991211093], [70.857908404914, 30.990225937897435], [70.85790141124303, 30.989865198756018], [70.8574826794509, 30.989871223100625], [70.85740577469453, 30.985903090179804], [70.85824320352829, 30.985891042014966], [70.858257191373, 30.986612520580213], [70.85783847387165, 30.986618545511714], [70.85785245907265, 30.987340024161583], [70.85827117972154, 30.987333999059096], [70.85827817408475, 30.98769473826614], [70.85869689618151, 30.987688711721873], [70.85875286821346, 30.990574623916803], [70.85917160277575, 30.990568595331936], [70.85917860142081, 30.990929334173593], [70.85959733743111, 30.990923304146747], [70.85961833884488, 30.99200552028545], [70.86003707945149, 30.9919994886454], [70.86005108417274, 30.992720965792056], [70.86046982780162, 30.99271493262431], [70.86048383617576, 30.99343640951336], [70.860902582827, 30.993430374817823], [70.86090958877756, 30.99379111314433], [70.86132833687692, 30.99378507700657], [70.8613563682382, 30.995228029754035], [70.8617751225088, 30.99522199191702], [70.86178914209552, 30.995943467989825], [70.86220789938874, 30.99593742862478], [70.86222192262937, 30.99665890443981], [70.86264068294531, 30.996652863546636], [70.86265470984009, 30.99737433910383], [70.86307347317884, 30.99736829668247], [70.86309451919209, 30.99845050959906], [70.86351328712836, 30.998444465563676], [70.8635483742174, 31.00024815289717], [70.86312959840751, 31.000254197361297]], [[70.85965334372258, 30.99380921341802], [70.86007209220035, 30.99380318135005], [70.8600580867225, 30.99308170433299], [70.85963934139328, 30.993087736229786], [70.85965334372258, 30.99380921341802]], [[70.85922059593797, 30.99309376677002], [70.85963934139328, 30.993087736229786], [70.85962533956828, 30.99236625895515], [70.8592065972614, 30.992372289324255], [70.85922059593797, 30.99309376677002]]]}, "properties": {"direction": "decrease", "areaHa": 16.48, "before": -12.174903869628906, "after": -19.017181396484375, "change": -6.842279434204102, "clearObservationsBefore": 3.0, "clearObservationsAfter": 2.0, "centroid": [70.86019075067426, 30.993519590084798]}}, {"type": "Feature", "id": 44, "geometry": {"type": "Polygon", "coordinates": [[[70.7483209669583, 31.227387383116586], [70.74831432388382, 31.227026635458355], [70.74789452466278, 31.227032343341754], [70.74788788330086, 31.226671595581372], [70.74830768092879, 31.226665887778616], [70.7482943953771, 31.225944392354545], [70.74787460093529, 31.22595009999601], [70.74784803763721, 31.224507108566943], [70.74658867271108, 31.224524222308315], [70.74659530857768, 31.224884970439653], [70.74617551843734, 31.2248906723622], [70.74614898205853, 31.223447679385412], [70.74572919817048, 31.223453379616544], [70.74572256596684, 31.223092631238], [70.74488300101862, 31.2231040274317], [70.74488963003661, 31.223464775971266], [70.74446984579085, 31.22347047209485], [70.74449635668323, 31.224913466359762], [70.74491614730061, 31.224907769914267], [70.7449294066479, 31.225629266756624], [70.74408981892199, 31.22564065860024], [70.7440964455884, 31.226001407150076], [70.74325685419977, 31.22601279367735], [70.74326347779922, 31.226373542366517], [70.74242388274801, 31.226384923577278], [70.74243050328036, 31.226745672405723], [70.74201070398307, 31.226751361037447], [70.74199746622361, 31.226029863198306], [70.74115787364433, 31.2260412360323], [70.74114464273306, 31.225319737785718], [70.74156443589612, 31.22531405221404], [70.7415710528853, 31.22567480126776], [70.74199084752239, 31.22566911424645], [70.74197761047704, 31.224947616278172], [70.7423974018091, 31.22494192804829], [70.742390781872, 31.22458117911224], [70.74155120227475, 31.224592554042047], [70.74154458564256, 31.224231804923747], [70.74196437390775, 31.224226118223818], [70.74195775580162, 31.223865369164354], [70.7436369013004, 31.22384260899387], [70.74363027694181, 31.223481860234457], [70.7440500614259, 31.22347616684925], [70.74403680988043, 31.222754669426724], [70.74319724716443, 31.222766054506234], [70.7431840024666, 31.22204455667591], [70.74360378069863, 31.222038864981574], [70.74359715693564, 31.221678116114536], [70.74443670985688, 31.2216667287794], [70.74444333680533, 31.222027477485547], [70.74528289243534, 31.222016084513086], [70.74528952268845, 31.222376833036726], [70.74570930191736, 31.22237113441632], [70.74571593388247, 31.22273188283792], [70.74655549516804, 31.222720481328647], [70.74656876582728, 31.223441977785093], [70.7474083330068, 31.223430570476918], [70.74741497170112, 31.223791318511683], [70.7482545415888, 31.223779905565568], [70.74824125794824, 31.223058409796995], [70.74866103952728, 31.22305270143145], [70.74868761365761, 31.22449569255986], [70.7491074014886, 31.224489982502455], [70.74911404691278, 31.224850730150063], [70.74869425748885, 31.22485644028812], [70.7487075455098, 31.225577935680068], [70.74912733811966, 31.22557222538066], [70.74913398390235, 31.225932972963673], [70.74871418969948, 31.225938683343763], [70.748740767653, 31.227381673783178], [70.7483209669583, 31.227387383116586]]]}, "properties": {"direction": "decrease", "areaHa": 16.32, "before": -11.149333953857422, "after": -17.77712059020996, "change": -6.627786159515381, "clearObservationsBefore": 3.0, "clearObservationsAfter": 2.0, "centroid": [70.7450182290832, 31.224414650252616]}}, {"type": "Feature", "id": 45, "geometry": {"type": "Polygon", "coordinates": [[[70.72019476888362, 30.808096880365106], [70.72016905375862, 30.806653774295174], [70.7197510870589, 30.806659322557188], [70.71974466012757, 30.8062985459074], [70.72016262526718, 30.80629299772439], [70.72015619689165, 30.805932221132302], [70.72057416035526, 30.80592667168136], [70.72056773053559, 30.805565895146987], [70.72014976863206, 30.8055714445189], [70.72012405675275, 30.804128337852134], [70.72054201241633, 30.804122788796334], [70.72052915405234, 30.803401235493116], [70.72094710648018, 30.80339568524853], [70.72093424546021, 30.802674132018144], [70.72135219465241, 30.802668580584886], [70.72130074273302, 30.799782367443218], [70.7217186793316, 30.799776815295814], [70.72170581439238, 30.79905526195541], [70.72212374775583, 30.799049708619574], [70.72216878799057, 30.80157514438432], [70.72175084370969, 30.80158069827382], [70.72179587871138, 30.8041061335478], [70.72137792339568, 30.804111686644163], [70.72139078846327, 30.804833239545893], [70.72180874689887, 30.804827686291375], [70.72181518116665, 30.805188462631197], [70.72348701998853, 30.805166235827798], [70.72349346061242, 30.805527011829756], [70.72391142158763, 30.805521451682488], [70.72391786388772, 30.80588222758396], [70.7243358263068, 30.80587666601057], [70.72434227028313, 30.806237441811522], [70.72726801488207, 30.80619847252886], [70.72728738027078, 30.807280798138937], [70.72603347638514, 30.807297508055605], [70.72603992706699, 30.807658283454277], [70.72520398744123, 30.807669416822243], [70.72519109243451, 30.80694786568651], [70.72435515858437, 30.806958993349458], [70.72434871437564, 30.806598217591148], [70.72351278318095, 30.806609339707748], [70.72349990135245, 30.805887787810413], [70.72308193870106, 30.80589334668993], [70.72308837799716, 30.80625412272843], [70.72267041366958, 30.80625968034015], [70.72268328948988, 30.80698123251147], [70.72101141853794, 30.807003450121563], [70.72101785038156, 30.807364226491632], [70.72143581985375, 30.807358674030535], [70.72144225337357, 30.807719450300223], [70.72060631119281, 30.807730554033515], [70.72061274170817, 30.80809133043999], [70.72019476888362, 30.808096880365106]]]}, "properties": {"direction": "decrease", "areaHa": 16.32, "before": -11.462875366210938, "after": -18.225255966186523, "change": -6.762379169464111, "clearObservationsBefore": 3.0, "clearObservationsAfter": 2.0, "centroid": [70.7224618187589, 30.80513390634101]}}, {"type": "Feature", "id": 46, "geometry": {"type": "Polygon", "coordinates": [[[70.8484009312218, 31.040158230343796], [70.84838698810461, 31.039436753735043], [70.84754908629405, 31.03944875654703], [70.84754211807955, 31.039088018040104], [70.84796106746964, 31.03908201739871], [70.8479540978027, 31.03872127895525], [70.84837304548942, 31.03871527703989], [70.84835910337625, 31.037993800258352], [70.84877804778178, 31.037987797154177], [70.84877107533563, 31.03762705881611], [70.85212261343615, 31.03757898574088], [70.85211562849338, 31.037218248062732], [70.85421032783147, 31.037188158651173], [70.8542033351258, 31.036827421378007], [70.85546014848504, 31.036809351680077], [70.8554531511722, 31.036448614641472], [70.85587208712901, 31.036442588776453], [70.85586508836448, 31.03608185180167], [70.85628402261764, 31.036075824663204], [70.85627702240149, 31.035715087752262], [70.856695954951, 31.035709059340398], [70.85668895328325, 31.03534832249332], [70.8571078841291, 31.0353422928081], [70.85710088100986, 31.0349815560249], [70.85751981015208, 31.034975525066354], [70.85751280558137, 31.03461478834704], [70.85793173301994, 31.034608756115215], [70.85793873916818, 31.03496949274902], [70.85751981015208, 31.034975525066354], [70.8575268148489, 31.035336261764055], [70.8571078841291, 31.0353422928081], [70.85711488737445, 31.03570302956969], [70.856695954951, 31.035709059340398], [70.85670995866462, 31.036430532969735], [70.85629102295984, 31.036436561552538], [70.85631202474256, 31.037518772090866], [70.85547414348865, 31.037530825692446], [70.85548813899617, 31.03825229961837], [70.8546502509272, 31.038264348125804], [70.85465724571425, 31.03862508522716], [70.85423829991302, 31.038631107527777], [70.85424529324816, 31.038991844692905], [70.8529884503556, 31.039009903696684], [70.85298146175406, 31.03864916627554], [70.8538193539859, 31.03863712846936], [70.8538123623545, 31.03827639119728], [70.8542313067038, 31.038270370341035], [70.85422431362046, 31.03790963313269], [70.85464325626604, 31.03790361100282], [70.85463626173083, 31.03754287385825], [70.85505520267272, 31.037536850454824], [70.85504820668567, 31.037176113374027], [70.85421032783147, 31.037188158651173], [70.85421732066301, 31.037548895902734], [70.85379837946931, 31.037554916588267], [70.85380537084897, 31.03791565390358], [70.85338642795162, 31.037921673315495], [70.85339341787935, 31.038282410694535], [70.8517176387206, 31.038306475093634], [70.85172462246278, 31.038667212792213], [70.85214356901898, 31.038661198645674], [70.85215055446476, 31.03902193623739], [70.85173160633069, 31.039027950469197], [70.85173859032433, 31.039388688124582], [70.85131964048662, 31.039394701082585], [70.8513336056952, 31.04011617649902], [70.8484009312218, 31.040158230343796]]]}, "properties": {"direction": "decrease", "areaHa": 15.52, "before": -12.71357536315918, "after": -19.082721710205078, "change": -6.369146347045898, "clearObservationsBefore": 3.0, "clearObservationsAfter": 2.0, "centroid": [70.85182682309977, 31.038258392679648]}}, {"type": "Feature", "id": 47, "geometry": {"type": "Polygon", "coordinates": [[[70.7914233688416, 30.97384483345051], [70.7914166297177, 30.97348408000972], [70.79016060194934, 30.973501494122974], [70.79015386766561, 30.973140740413506], [70.7905725421368, 30.973134937147154], [70.79055907078744, 30.972413429828546], [70.79097774199153, 30.972407625371307], [70.7909844791784, 30.97276837895897], [70.79224049678109, 30.972750957206166], [70.79224723880805, 30.97311171052504], [70.79266591267235, 30.973105900480327], [70.7926591690725, 30.97274514724392], [70.79307784124242, 30.97273933592603], [70.79306435126138, 30.972017829553735], [70.79348302016412, 30.972012017045216], [70.79342905251741, 30.96912599135655], [70.79301039619637, 30.96913180320502], [70.79300365235987, 30.96877104981474], [70.79258499748994, 30.968776860225265], [70.79256477142683, 30.96769459967805], [70.79298342157917, 30.96768878951496], [70.79297667822851, 30.967328036038733], [70.79339532668692, 30.96732222460277], [70.79338183720516, 30.966600717750858], [70.79380048239722, 30.966594905124573], [70.79381397502385, 30.96731641181145], [70.79339532668692, 30.96732222460277], [70.79340207161003, 30.967682977996496], [70.79382072151942, 30.96767716512266], [70.79383421487515, 30.968398671680628], [70.79425286780805, 30.968392857286332], [70.79425961624075, 30.968753610450534], [70.79467827062464, 30.968747794618253], [70.79468502075146, 30.96910854767841], [70.79510367658635, 30.969102730408135], [70.79511042840737, 30.969463483364223], [70.79552908569326, 30.96945766465589], [70.79552233229964, 30.969096911782398], [70.7971969539361, 30.969073623725002], [70.79719019437384, 30.968712871160623], [70.79760884790608, 30.968707045840357], [70.79762237029752, 30.969428550782254], [70.79678505682097, 30.969440200398093], [70.79680533188558, 30.970522458145847], [70.79554934660395, 30.9705399231474], [70.79555610048415, 30.970900675934914], [70.79513743690757, 30.970906494973654], [70.7951576945597, 30.971988753455072], [70.79473902614318, 30.97199457138601], [70.79474577736431, 30.972355324252753], [70.79432710725335, 30.972361140910657], [70.79434060691464, 30.973082646744803], [70.79392193353637, 30.973088462212186], [70.79392868197645, 30.973449215179567], [70.79309133170943, 30.97346084221237], [70.79309807712517, 30.9738215953233], [70.7914233688416, 30.97384483345051]]]}, "properties": {"direction": "decrease", "areaHa": 15.52, "before": -10.852538108825684, "after": -18.49381446838379, "change": -7.6412763595581055, "clearObservationsBefore": 3.0, "clearObservationsAfter": 2.0, "centroid": [70.79399639062477, 30.970723348190802]}}, {"type": "Feature", "id": 48, "geometry": {"type": "Polygon", "coordinates": [[[70.74882080100879, 30.865090049503603], [70.74880114933241, 30.86400774594643], [70.74838294038167, 30.86401339595797], [70.74837639162352, 30.86365262798245], [70.74879459900974, 30.86364697805128], [70.74876184916742, 30.861843138254844], [70.74918004861351, 30.86183748737567], [70.7491734974349, 30.861476719432623], [70.74875529955315, 30.86148237023143], [70.74874875005693, 30.861121602186607], [70.74916694637437, 30.861115951468204], [70.74914729390127, 30.86003364744668], [70.75040186806685, 30.860016687916364], [70.75039531278608, 30.859655920107695], [70.7533226374195, 30.85961630119281], [70.7533292036495, 30.85997706843787], [70.75374739397381, 30.8599714031134], [70.75375396188637, 30.860332170256495], [70.75249938586578, 30.8603491624224], [70.75250594920405, 30.860709929785816], [70.75125136742602, 30.86072691004543], [70.75127104407206, 30.861809212732073], [70.75210744142808, 30.86179789342573], [70.75211400367523, 30.862158660784157], [70.7529504036868, 30.862147335917374], [70.75294383831097, 30.861786568720035], [70.75461663065643, 30.861763903110635], [70.75462977404128, 30.86248543683906], [70.75086596044311, 30.862536405538943], [70.75089219231441, 30.863979475639322], [70.75047398395431, 30.86398513240066], [70.75048054065314, 30.864345899952763], [70.74964412044939, 30.864357209586444], [70.74965722794333, 30.86507874494825], [70.74882080100879, 30.865090049503603]]]}, "properties": {"direction": "decrease", "areaHa": 15.52, "before": -10.005378723144531, "after": -18.680347442626953, "change": -8.674969673156738, "clearObservationsBefore": 3.0, "clearObservationsAfter": 2.0, "centroid": [70.75073201344212, 30.861929978007645]}}, {"type": "Feature", "id": 49, "geometry": {"type": "Polygon", "coordinates": [[[70.82469218544665, 30.89543644671493], [70.82468534245386, 30.895075695533293], [70.82510366889832, 30.895069793736], [70.82509682446215, 30.894709042616743], [70.82593347384768, 30.89469723513574], [70.82591977907886, 30.893975733168425], [70.8263381004533, 30.893969827568718], [70.82633125168739, 30.893609076636764], [70.82674957137185, 30.893603169769673], [70.82674272116282, 30.893242418900183], [70.82757935702826, 30.89323060127998], [70.82757250380962, 30.89286985055698], [70.82840913604804, 30.892858027699567], [70.82840227981994, 30.89249727712313], [70.82882059418735, 30.892491363751542], [70.82881373651632, 30.892130613237665], [70.82839542371538, 30.892136526525196], [70.82838856773436, 30.891775775905757], [70.82880687896889, 30.891769862702294], [70.82880002154504, 30.891409112145407], [70.82921833108959, 30.891403197674787], [70.8292320491937, 30.892124698598895], [70.82965036174748, 30.892118782608847], [70.8296435010672, 30.89175803224167], [70.83048012267096, 30.891746196376086], [70.83048698648409, 30.892106946575012], [70.83132361072595, 30.89209510513616], [70.83133734498911, 30.89281660513281], [70.83091902979712, 30.892822526696225], [70.83093276142226, 30.893544026775192], [70.83051444297351, 30.893549947155634], [70.83054190144212, 30.89499294739209], [70.82928692655459, 30.895010701434963], [70.82929378678097, 30.89537145169267], [70.82469218544665, 30.89543644671493]]]}, "properties": {"direction": "decrease", "areaHa": 14.72, "before": -13.40455436706543, "after": -20.480253219604492, "change": -7.075702667236328, "clearObservationsBefore": 3.0, "clearObservationsAfter": 2.0, "centroid": [70.82850497884029, 30.89383330937555]}}, {"type": "Feature", "id": 50, "geometry": {"type": "Polygon", "coordinates": [[[70.85039990504988, 30.81784994547144], [70.8503929869623, 30.817489195176716], [70.84997500306723, 30.817495165259654], [70.8499680866649, 30.81713441485843], [70.84871413891315, 30.817152316769025], [70.848707227317, 30.81679156609143], [70.84661731970805, 30.816821375240384], [70.8466104160389, 30.816460624116893], [70.84619243570405, 30.81646658182027], [70.84618553371982, 30.81610583059046], [70.84534957579775, 30.816117741786062], [70.8453288799541, 30.815035487458932], [70.8449109054877, 30.815041440781705], [70.84490400868224, 30.81468068921158], [70.8440680624971, 30.81469259164633], [70.84407495618186, 30.81505334338592], [70.84240305607887, 30.815077132428936], [70.84239616863555, 30.814716380350667], [70.84197819485964, 30.81472232415899], [70.84197130910083, 30.8143615719746], [70.8423892813164, 30.814355628250894], [70.84237550705063, 30.813634123986862], [70.84279347602146, 30.81362817908536], [70.84276592273916, 30.812185170637946], [70.84318388534497, 30.812179224728027], [70.84315632780942, 30.81073621627534], [70.84399224016765, 30.810724321092096], [70.84400602492724, 30.811445825022684], [70.84442398404008, 30.81143987524131], [70.84443087816636, 30.811800627089653], [70.8452667991393, 30.81178872331664], [70.84527369651015, 30.812149474973996], [70.84485573452571, 30.812155427618716], [70.84486263046078, 30.812516179339333], [70.84402670299865, 30.812528080757364], [70.844040489001, 30.813249584473], [70.8444584559146, 30.813243634268044], [70.84445156129108, 30.812882882505683], [70.84486952652017, 30.81287693103845], [70.84488331901197, 30.81359843437219], [70.84530128723715, 30.813592481388447], [70.84531508334689, 30.814313984466686], [70.84573305456824, 30.814308029966362], [70.84575375434667, 30.815390284168153], [70.84617173012468, 30.815384328066354], [70.84617863186003, 30.81574507933917], [70.84659660907398, 30.81573912180543], [70.84660351249421, 30.81609987297191], [70.84702149114412, 30.816093914006196], [70.84702839624926, 30.816454665066342], [70.84744637633514, 30.8164487046686], [70.84743946966954, 30.816087953693312], [70.84952936042822, 30.816058131921523], [70.84953627489604, 30.81641888247225], [70.84995425423432, 30.816412913991446], [70.84994733820608, 30.81605216352569], [70.85078329338766, 30.816040222692585], [70.85081789038078, 30.817843973956254], [70.85039990504988, 30.81784994547144]]]}, "properties": {"direction": "decrease", "areaHa": 14.56, "before": -15.786721229553223, "after": -20.178871154785156, "change": -4.39215087890625, "clearObservationsBefore": 3.0, "clearObservationsAfter": 2.0, "centroid": [70.84550439438296, 30.814479820234958]}}, {"type": "Feature", "id": 51, "geometry": {"type": "Polygon", "coordinates": [[[70.80643662273741, 30.926003970640725], [70.8064298399897, 30.92564321750803], [70.80559291227551, 30.925654909366052], [70.80558613278828, 30.92529415604577], [70.80474920772377, 30.925305842325336], [70.80474243149689, 30.924945088817537], [70.80432397035061, 30.924950929844698], [70.80428332496707, 30.922786407848783], [70.80386487311279, 30.92279224702509], [70.80387164546933, 30.923153000827742], [70.80303473825687, 30.923164675287357], [70.80301443096684, 30.922082413317302], [70.8034328799273, 30.92207657701277], [70.80341256902838, 30.92099431509816], [70.80466790105832, 30.92097679881369], [70.80466112629632, 30.920616045048074], [70.8034057989727, 30.92063356108365], [70.80335164291829, 30.917747528194298], [70.80293321278226, 30.917753363503788], [70.80292644539284, 30.91739260921303], [70.80376330240586, 30.917380937407223], [70.8037768435808, 30.918102445635544], [70.8041952750414, 30.918096607537716], [70.80420881984149, 30.918818115514185], [70.80462725431724, 30.918812275897707], [70.8046408027427, 30.919533783622303], [70.80589611484939, 30.919516256158328], [70.80590967317524, 30.920237763298875], [70.80549123279106, 30.920243607305725], [70.80555901606073, 30.92385114254976], [70.80597747213352, 30.923845297712525], [70.80599781420312, 30.92492755761763], [70.80641627486091, 30.924921711178193], [70.8064298399897, 30.92564321750803], [70.8068483036635, 30.925637369549356], [70.80685508798037, 30.925998122598966], [70.80643662273741, 30.926003970640725]]]}, "properties": {"direction": "decrease", "areaHa": 14.24, "before": -10.819568634033203, "after": -18.69341468811035, "change": -7.873845100402832, "clearObservationsBefore": 3.0, "clearObservationsAfter": 2.0, "centroid": [70.80460621551303, 30.921823059488805]}}, {"type": "Feature", "id": 52, "geometry": {"type": "Polygon", "coordinates": [[[70.80477814238431, 30.949121372915773], [70.80476457707104, 30.948399868549448], [70.80602026629575, 30.948382325218716], [70.80598633158782, 30.946578565172427], [70.80640488656394, 30.946572715102285], [70.80637094705884, 30.944768954933977], [70.80595239993629, 30.944774804588704], [70.80589811565054, 30.941888786536968], [70.80631665020886, 30.941882937546843], [70.80629629090744, 30.940800680671995], [70.8067148206324, 30.94079483057718], [70.80670803287278, 30.94043407832565], [70.80712656090512, 30.940428226960027], [70.8071129826122, 30.93970672255872], [70.8075315073817, 30.939700870005474], [70.80752471684845, 30.939340117855703], [70.80794323992541, 30.939334264031753], [70.80795682425469, 30.94005576814348], [70.80879387632241, 30.94004405610138], [70.80882105901192, 30.94148706340149], [70.80840252675796, 30.941492920432218], [70.80840932116601, 30.94185367228668], [70.80799078721927, 30.941859528046635], [70.80801795979363, 30.943302535582223], [70.80759941944265, 30.943308390320816], [70.8076197954467, 30.944390645996222], [70.80720125026167, 30.94439649963018], [70.80723520486221, 30.946200259074914], [70.80681665170144, 30.94620611177036], [70.80685739183424, 30.948370622893307], [70.80643882912614, 30.948376474733166], [70.80644561800545, 30.94873722659486], [70.80518992443464, 30.948754774237756], [70.80519670872334, 30.94911552632712], [70.80477814238431, 30.949121372915773]]]}, "properties": {"direction": "decrease", "areaHa": 14.08, "before": -12.064189910888672, "after": -19.844511032104492, "change": -7.7803192138671875, "clearObservationsBefore": 3.0, "clearObservationsAfter": 2.0, "centroid": [70.80697451427349, 30.943473014500725]}}, {"type": "Feature", "id": 53, "geometry": {"type": "Polygon", "coordinates": [[[70.77959265661133, 31.14829582751613], [70.7795859157613, 31.147935081507082], [70.77916647253191, 31.14794087830351], [70.7791529943691, 31.147219386056776], [70.77873355419189, 31.147225181324163], [70.77869313213276, 31.145060703575002], [70.77995142374188, 31.145043315154002], [70.77993794117288, 31.144321822890667], [70.78035736829375, 31.14431602418464], [70.78032365606177, 31.142512293559555], [70.78074307512944, 31.142506493898992], [70.78073633146064, 31.14214574779141], [70.78115574882071, 31.142139946848182], [70.78114900368699, 31.141779200801146], [70.78198783487048, 31.141767594984696], [70.78199458317671, 31.142128340867508], [70.78241400017261, 31.14212253583008], [70.78242075018655, 31.142483281609216], [70.78200133160436, 31.14248908672878], [70.78204182472004, 31.144653561444024], [70.78162239649811, 31.14465936569158], [70.78166288446579, 31.14682384012393], [70.78124344660311, 31.14682964349926], [70.78125019343598, 31.147190389244685], [70.78083075386526, 31.147196191337123], [70.78084424472175, 31.147917682927517], [70.78042480185626, 31.147923483819085], [70.7804315458798, 31.148284229664043], [70.77959265661133, 31.14829582751613]]]}, "properties": {"direction": "decrease", "areaHa": 13.76, "before": -12.322449684143066, "after": -20.414073944091797, "change": -8.091623306274414, "clearObservationsBefore": 3.0, "clearObservationsAfter": 2.0, "centroid": [70.78055009755646, 31.145232266631098]}}, {"type": "Feature", "id": 54, "geometry": {"type": "Polygon", "coordinates": [[[70.77111667197775, 31.18882666182593], [70.77110995251255, 31.188465916429383], [70.77069032872369, 31.188471692336186], [70.77066345843113, 31.187028710207905], [70.7710830758603, 31.187022934627727], [70.77107635699937, 31.186662189123446], [70.77065674116005, 31.18666796462198], [70.77060972364531, 31.184142744917132], [70.77102932835646, 31.18413696999016], [70.77100917503635, 31.183054732895567], [70.77184837455859, 31.18304317943068], [70.77185509539026, 31.18340392498707], [70.77269429760807, 31.183392365890956], [70.77270102173979, 31.183753111262366], [70.77312062425689, 31.18374732958212], [70.77312735009919, 31.18410807485023], [70.77270774599248, 31.184113856612225], [70.77271447036611, 31.184474601940547], [70.77313407606245, 31.18446882009679], [70.77316098112533, 31.18591180086757], [70.77358059305955, 31.18590601732973], [70.77360750641753, 31.187348997428636], [70.77318788812401, 31.187354781293553], [70.77319461517617, 31.187715526346174], [70.77277499517176, 31.18772130892567], [70.77278172075498, 31.18808205403849], [70.77236209903967, 31.18808783533252], [70.77237554738907, 31.188809325656987], [70.77111667197775, 31.18882666182593]]]}, "properties": {"direction": "decrease", "areaHa": 13.6, "before": -13.316454887390137, "after": -20.565120697021484, "change": -7.248663902282715, "clearObservationsBefore": 3.0, "clearObservationsAfter": 2.0, "centroid": [70.77193561726499, 31.18600299222108]}}, {"type": "Feature", "id": 55, "geometry": {"type": "Polygon", "coordinates": [[[70.85361214061307, 30.897912008506147], [70.8535912847111, 30.896829772915527], [70.8540096119788, 30.89682377736194], [70.85396094162553, 30.894298560826325], [70.8535426253242, 30.89430455578335], [70.85353567448425, 30.893943810392578], [70.85311735962418, 30.8939498039131], [70.85310346145296, 30.89322831289651], [70.85226683762305, 30.89324029554299], [70.85225989185814, 30.89287954983204], [70.85393313275138, 30.89285557947483], [70.85392618084603, 30.892494834083088], [70.85434448918984, 30.89248883820094], [70.85432362952643, 30.891406602152173], [70.85474193304591, 30.891400605174578], [70.85474888770807, 30.891761350460445], [70.85516719266853, 30.891755352046438], [70.85517414902235, 30.892116097225486], [70.85559245542379, 30.89211009737502], [70.8555994134693, 30.892470842447242], [70.85601772131172, 30.892464841160262], [70.85603164091172, 30.89318633106943], [70.85644995176152, 30.893180328260573], [70.85648476078887, 30.894984052229713], [70.85606644210658, 30.894990055465247], [70.85608732432863, 30.896072289844152], [70.85566900082107, 30.89607829198431], [70.85567596024595, 30.896439036819498], [70.85525763504633, 30.89644503769355], [70.8552715511389, 30.89716652746989], [70.85485322268046, 30.897172527163104], [70.85486017934807, 30.89753327210423], [70.85402351892164, 30.89754526760677], [70.85403047258103, 30.897906012696865], [70.85361214061307, 30.897912008506147]]]}, "properties": {"direction": "decrease", "areaHa": 13.6, "before": -12.548501968383789, "after": -19.961017608642578, "change": -7.412517070770264, "clearObservationsBefore": 3.0, "clearObservationsAfter": 2.0, "centroid": [70.85480367526493, 30.894475412221706]}}, {"type": "Feature", "id": 56, "geometry": {"type": "Polygon", "coordinates": [[[70.866888930374, 30.805705375641274], [70.86687497778817, 30.804983880440208], [70.86645705194344, 30.80498990149572], [70.86645007739868, 30.80462915377715], [70.86519630378857, 30.80464720860745], [70.86517539494373, 30.80356496455133], [70.86559331492785, 30.803558947878106], [70.86557240253597, 30.80247670388531], [70.86515448722993, 30.8024827203015], [70.8651475182433, 30.802121972175183], [70.86431169037284, 30.802134000797107], [70.86430472463043, 30.801773252477965], [70.86388681206606, 30.80177926468375], [70.8638937762492, 30.802140013088497], [70.86347586199997, 30.802146024033515], [70.86350371375093, 30.80358901777974], [70.86392163423753, 30.80358300649232], [70.86392859904856, 30.803943754789472], [70.86267483253386, 30.803961784869124], [70.86268179279213, 30.804322533401503], [70.86226386881007, 30.80432854082065], [70.86225691011126, 30.803967792202716], [70.86267483253386, 30.803961784869124], [70.86264003312493, 30.802158041884432], [70.86222211849916, 30.80216404879032], [70.86220820273256, 30.801442551274725], [70.86346193687778, 30.801424527031287], [70.86346889937612, 30.801785275543164], [70.86388681206606, 30.80177926468375], [70.86385895658921, 30.80033627084951], [70.86469476911873, 30.8003242457766], [70.8647017359179, 30.800684994096194], [70.86553755106326, 30.800672963466834], [70.86554452110644, 30.801033711593576], [70.86638033886743, 30.80102167540764], [70.86638731215471, 30.80138242334145], [70.86680522240583, 30.80137640314329], [70.86682614769988, 30.80245864655838], [70.86724406250302, 30.802452624756654], [70.86725103941188, 30.802813372432862], [70.86766895564853, 30.802807349198968], [70.86769687077964, 30.804250339345515], [70.86727894830545, 30.804256362922512], [70.867306859212, 30.805699353067734], [70.866888930374, 30.805705375641274]]]}, "properties": {"direction": "decrease", "areaHa": 13.28, "before": -7.776014804840088, "after": -18.392709732055664, "change": -10.616695404052734, "clearObservationsBefore": 3.0, "clearObservationsAfter": 2.0, "centroid": [70.86528772306616, 30.802730792634414]}}, {"type": "Feature", "id": 57, "geometry": {"type": "Polygon", "coordinates": [[[70.80691749664014, 30.862487746699497], [70.80691072911387, 30.86212699011938], [70.80523797807734, 30.862150331598897], [70.805217695, 30.861068060733697], [70.80479951162853, 30.861073892480405], [70.80479275241055, 30.86071313539947], [70.80437457048134, 30.86071896571357], [70.80436781294925, 30.860358208528233], [70.80311327112308, 30.860375691123956], [70.80310651840489, 30.860014933668474], [70.80227015970686, 30.86002658181842], [70.8022634102384, 30.859665824175785], [70.80268158808423, 30.85966000085846], [70.80266808638433, 30.858938485674496], [70.80392260980786, 30.8589210081222], [70.80388883422954, 30.85711722102997], [70.80514333309934, 30.85709973257566], [70.80515685234828, 30.857821246979324], [70.80557502152219, 30.85781541462971], [70.80558178289327, 30.8581761717164], [70.80641812400316, 30.858164502802694], [70.8064384182311, 30.859246773435988], [70.8060202430454, 30.859252608816625], [70.80604053367881, 30.860334879505807], [70.80687689331221, 30.860323206896844], [70.8069039617096, 30.861766233517795], [70.80774033336779, 30.861754554845852], [70.807753874555, 30.862476067695315], [70.80691749664014, 30.862487746699497]]]}, "properties": {"direction": "decrease", "areaHa": 13.12, "before": -12.794370651245117, "after": -18.754045486450195, "change": -5.959676742553711, "clearObservationsBefore": 3.0, "clearObservationsAfter": 2.0, "centroid": [70.80510167491327, 30.859775905833875]}}, {"type": "Feature", "id": 58, "geometry": {"type": "Polygon", "coordinates": [[[70.82775072763629, 30.902249362365115], [70.8277438713296, 30.90188861217982], [70.82690716025434, 30.90190043383237], [70.82690030720559, 30.90153968345752], [70.82606359877077, 30.90155149953498], [70.82605674897985, 30.90119074897067], [70.82563839614446, 30.901196654897806], [70.82563154804411, 30.900835904228057], [70.82521319665246, 30.900841808719502], [70.82522004318567, 30.901202559473194], [70.82354663011704, 30.901226164257196], [70.82353978985246, 30.900865413167995], [70.82437649349909, 30.900853613647225], [70.8243696502235, 30.90049286270424], [70.82478800029473, 30.90048696100013], [70.82478115557537, 30.90012621011955], [70.82436280707122, 30.90013211173977], [70.82435596404227, 30.899771360753775], [70.82477431097934, 30.89976545921744], [70.82476746650666, 30.899404708293837], [70.82518581175334, 30.89939880548973], [70.82519950395617, 30.90012030714764], [70.8256178522136, 30.90011440282403], [70.82562470006717, 30.900475153536792], [70.82604304976829, 30.900469247777547], [70.82603620034766, 30.900108497148736], [70.82687289624543, 30.900096681743076], [70.82686604381409, 30.8997359312607], [70.82853942785948, 30.899712284565258], [70.82853256928354, 30.899351534397468], [70.82895091341896, 30.89934561942853], [70.8289440533996, 30.89898486932332], [70.8301990803631, 30.898967116558996], [70.8302059450834, 30.899327866411852], [70.8306242887242, 30.899321946036352], [70.83063802167, 30.90004344550923], [70.8310563683211, 30.900037523613744], [70.83106323654667, 30.900398273233726], [70.83064488832851, 30.900404195213387], [70.8306586220167, 30.90112569455718], [70.82982191894074, 30.901137534798014], [70.82982878283613, 30.901498284605932], [70.82899207613113, 30.901510119608037], [70.82899893701583, 30.90187086956266], [70.82858058191067, 30.901876785120166], [70.8285874413518, 30.90223753513736], [70.82775072763629, 30.902249362365115]]]}, "properties": {"direction": "decrease", "areaHa": 12.96, "before": -12.596251487731934, "after": -20.02764892578125, "change": -7.431396484375, "clearObservationsBefore": 3.0, "clearObservationsAfter": 2.0, "centroid": [70.82788179721015, 30.900583596108927]}}, {"type": "Feature", "id": 59, "geometry": {"type": "Polygon", "coordinates": [[[70.8160921373008, 30.772146226830888], [70.81608535972511, 30.771785467052016], [70.81566756548075, 30.77179131867438], [70.81564046262854, 30.77034827901102], [70.81522267449012, 30.77035412895505], [70.81519557982081, 30.768911088615294], [70.81561336173151, 30.76890523900469], [70.81560658681275, 30.768544478949526], [70.81727770700596, 30.768521067393426], [70.81727092598207, 30.768160307650426], [70.816853147674, 30.768166162473083], [70.8168395891067, 30.76744464275595], [70.81725736430124, 30.767438788100144], [70.81723702269721, 30.76635650861393], [70.81765479309934, 30.766350652863817], [70.81766835715977, 30.76707217237584], [70.8185039038238, 30.767060456507938], [70.81849711861899, 30.766699696929592], [70.81891489021075, 30.766693837062203], [70.81890810357166, 30.766333077545948], [70.81932587348433, 30.766327216417466], [70.81931908541101, 30.765966456963298], [70.81973685364461, 30.76596059457377], [70.8197300641371, 30.7655998351817], [70.82014783069162, 30.765593971531164], [70.82016820425144, 30.76667624939237], [70.819750433027, 30.766682113293594], [70.81975722290188, 30.76704287262135], [70.81933944999828, 30.767048735261497], [70.8193462384389, 30.76740949465136], [70.81892846385614, 30.767415356030423], [70.81893525086244, 30.767776115482356], [70.81851747460051, 30.767781975600276], [70.81855140368405, 30.76958577295595], [70.81813361951552, 30.769591632146653], [70.8181471888918, 30.77031315110585], [70.81731161395989, 30.7703248657868], [70.8173319596, 30.771407144565572], [70.8169141672795, 30.77141300013915], [70.8169209478471, 30.77177375977264], [70.81650315384724, 30.771779614084767], [70.81650993298001, 30.77214037378024], [70.8160921373008, 30.772146226830888]]]}, "properties": {"direction": "decrease", "areaHa": 12.96, "before": -12.00838851928711, "after": -19.285968780517578, "change": -7.277580261230469, "clearObservationsBefore": 3.0, "clearObservationsAfter": 2.0, "centroid": [70.81730464742131, 30.76899516620003]}}, {"type": "Feature", "id": 60, "geometry": {"type": "Polygon", "coordinates": [[[70.86588119516858, 31.01248295517548], [70.86587416532166, 31.01212221891582], [70.86503651087271, 31.012134325722464], [70.86502245786137, 31.011412852794866], [70.8646036335985, 31.011418903990187], [70.86459660885826, 31.01105816740814], [70.86417778604456, 31.01106421716014], [70.86416374009478, 31.010342743759587], [70.86374492030585, 31.01034879198249], [70.8637238570562, 31.009266581462228], [70.8633050418675, 31.009272628070363], [70.86329802261263, 31.008911891101278], [70.86287920887303, 31.008917936266254], [70.86282307198672, 31.006032039049796], [70.86240427072372, 31.006038082171557], [70.8623762116137, 31.004595132701876], [70.86279500657591, 31.004589089923005], [70.86276694318647, 31.003146140450525], [70.86318573172201, 31.003140096657443], [70.86325590973742, 31.006747468833066], [70.86367471389826, 31.006741422825293], [70.86368875416848, 31.007462896829605], [70.86410756135359, 31.007456849292993], [70.86412160528022, 31.008178323039296], [70.86454041548967, 31.00817227397376], [70.86456851116215, 31.00961522086384], [70.86498732754701, 31.009609170097658], [70.86499435335688, 31.00996990668032], [70.86625080647894, 31.0099517459796], [70.86623674553262, 31.009230273307846], [70.86707437401233, 31.009218159730462], [70.86710250901578, 31.010661104300226], [70.86668368853704, 31.01066716211131], [70.8667118192643, 31.01211010667892], [70.86629299235628, 31.012116163476147], [70.86630002377895, 31.012476899649922], [70.86588119516858, 31.01248295517548]]]}, "properties": {"direction": "decrease", "areaHa": 12.64, "before": -12.02505874633789, "after": -19.52899742126465, "change": -7.503937721252441, "clearObservationsBefore": 3.0, "clearObservationsAfter": 2.0, "centroid": [70.86456446555611, 31.008996415371545]}}, {"type": "Feature", "id": 61, "geometry": {"type": "Polygon", "coordinates": [[[70.76462362181609, 31.200823542609673], [70.76461692381675, 31.20046279661977], [70.76377756728708, 31.20047430868299], [70.76376417801352, 31.19975281631313], [70.76334450274993, 31.199758570130218], [70.76331103962715, 31.19795483842196], [70.76457004119432, 31.197937574087288], [70.76457673835044, 31.198298320227977], [70.7649964068894, 31.19829256263284], [70.76498300951609, 31.197571070492664], [70.76456334415865, 31.197576827925044], [70.76454995044863, 31.19685533553593], [70.76413028815212, 31.196861091437842], [70.76412359306843, 31.19650034512961], [70.7628646102285, 31.196517604385093], [70.76285122996605, 31.195796111216083], [70.76243157195995, 31.195801861403293], [70.7624248835998, 31.195441114705197], [70.76284454001531, 31.19543536459928], [70.76285122996605, 31.195796111216083], [70.76369054561725, 31.195784606738705], [70.76368385248537, 31.195423860284514], [70.76410350853983, 31.195418106075678], [70.76411689810514, 31.196139598799842], [70.76453655722038, 31.19613384306066], [70.76452986078692, 31.195773096790706], [70.76536917547485, 31.195761581372107], [70.76540267475308, 31.197565311692536], [70.76582233986954, 31.197559551524673], [70.76583574360585, 31.1982810433392], [70.76667507984016, 31.198269518574428], [70.76666837473022, 31.197908772840847], [70.76750770730062, 31.19789724276794], [70.76752112400418, 31.198618733887624], [70.76710145459774, 31.198624499770947], [70.76710816153968, 31.19898524537996], [70.76668849042181, 31.19899100997697], [70.76669519589355, 31.199351755645928], [70.76627552306422, 31.199357518956585], [70.76629563543031, 31.200439756078556], [70.76587595770772, 31.200445518265713], [70.76588266047995, 31.200806264011394], [70.76462362181609, 31.200823542609673]]]}, "properties": {"direction": "decrease", "areaHa": 12.48, "before": -12.078083038330078, "after": -20.09190559387207, "change": -8.013825416564941, "clearObservationsBefore": 3.0, "clearObservationsAfter": 2.0, "centroid": [70.7649290471539, 31.198432286059962]}}, {"type": "Feature", "id": 62, "geometry": {"type": "Polygon", "coordinates": [[[70.76342291421884, 31.18135473177151], [70.76340953770274, 31.180633237118656], [70.76298994671673, 31.18063898662621], [70.76295651547831, 31.17883524921076], [70.76253693231861, 31.178840996945095], [70.76250351203264, 31.17703725858499], [70.76334266234005, 31.177025762562398], [70.76332260207683, 31.175943519775643], [70.76374217228296, 31.175937769958292], [70.76373548418012, 31.17557702240095], [70.76415505267694, 31.175571271298338], [70.76416174236878, 31.175932018774354], [70.76458131233427, 31.17592626622383], [70.76460138689897, 31.17700850827864], [70.76418181216633, 31.177014261073204], [70.76421526423572, 31.178817997807283], [70.76463484691419, 31.178812244605982], [70.76464153927836, 31.17917299180684], [70.76548070745264, 31.179161481141236], [70.76546731648773, 31.178439987043486], [70.76588689721578, 31.178434229823374], [70.76588020032479, 31.178073482823603], [70.76671935824108, 31.17806196444607], [70.7667528597931, 31.179865698415174], [70.76633327294897, 31.179871458694524], [70.76633997203162, 31.18023220550518], [70.76592038347768, 31.180237964499163], [70.76592708109146, 31.18059871136971], [70.76466830993884, 31.180615980394954], [70.76467500290492, 31.180976727488144], [70.76383581835574, 31.180988233500145], [70.76384250826337, 31.181348980734487], [70.76342291421884, 31.18135473177151]], [[70.76590698861152, 31.17951647069345], [70.76632657398683, 31.17951071186233], [70.76631987514519, 31.179149965008598], [70.76590029135913, 31.179155723758296], [70.76590698861152, 31.17951647069345]]]}, "properties": {"direction": "decrease", "areaHa": 12.48, "before": -12.12204647064209, "after": -19.539241790771484, "change": -7.41719388961792, "clearObservationsBefore": 3.0, "clearObservationsAfter": 2.0, "centroid": [70.76431739200014, 31.178811984514276]}}, {"type": "Feature", "id": 63, "geometry": {"type": "Polygon", "coordinates": [[[70.80741608495237, 30.933568080536112], [70.80740929649849, 30.93320732802094], [70.80699079998875, 30.933213179078006], [70.8069840132269, 30.932852426458226], [70.80740250816692, 30.932846575484263], [70.80738893187065, 30.932125070346455], [70.80697044006999, 30.932130921154176], [70.80696365367493, 30.931770168469914], [70.80654516332163, 30.931776017841102], [70.80653837861846, 30.93141526505225], [70.80611988971253, 30.93142111298694], [70.80613345610189, 30.93214261870929], [70.80529647164498, 30.9321543108506], [70.80528969152849, 30.93179355783407], [70.80487120068642, 30.931799401791533], [70.80485086577856, 30.930717142363978], [70.80443237952315, 30.930722984719004], [70.80437817103058, 30.927836957969422], [70.80395969720857, 30.927842798307275], [70.80396647127353, 30.928203551809148], [70.80354799576014, 30.928209390876738], [70.80353445089091, 30.927487883685597], [70.80395292326565, 30.927482044783922], [70.80393937574594, 30.926760537672727], [70.80561325147013, 30.926737169197967], [70.80562003144595, 30.927097922432313], [70.80603850164094, 30.927092076847664], [70.80607919347727, 30.929256595304114], [70.80649767296612, 30.92925074786787], [70.806511241028, 30.929972253681953], [70.80692972353354, 30.92996640472624], [70.8069500812516, 30.931048663036922], [70.80736856834343, 30.931042812478534], [70.80738893187065, 30.932125070346455], [70.80780742354902, 30.932119218185292], [70.80783458290954, 30.93356222804241], [70.80741608495237, 30.933568080536112]]]}, "properties": {"direction": "decrease", "areaHa": 12.48, "before": -11.366331100463867, "after": -19.162776947021484, "change": -7.796445369720459, "clearObservationsBefore": 3.0, "clearObservationsAfter": 2.0, "centroid": [70.80558816951748, 30.929684467960325]}}, {"type": "Feature", "id": 64, "geometry": {"type": "Polygon", "coordinates": [[[70.70650454017928, 30.76677854384384], [70.70649817281168, 30.76641776246971], [70.70608037709715, 30.766423260195694], [70.70607401140143, 30.766062478721928], [70.70482062824013, 30.76607896359569], [70.70481426733022, 30.765718181865697], [70.70439647427064, 30.76572367405561], [70.7043646792267, 30.763919764695185], [70.70645360445411, 30.76389229225491], [70.7064408716712, 30.763170729144882], [70.70602308996892, 30.763176226165733], [70.70600399632607, 30.762093881106086], [70.70642177335812, 30.762088384320258], [70.70643450545202, 30.762809947557944], [70.70727006539852, 30.762798949638874], [70.70725095808962, 30.76171660522067], [70.7076687332204, 30.76171110447931], [70.70766236279054, 30.761350323042414], [70.70808013624976, 30.761344821034854], [70.70808650823628, 30.761705602393324], [70.70850428313723, 30.761700098962717], [70.70851065679535, 30.76206088022149], [70.70892843313803, 30.7620553753678], [70.70894118391264, 30.76277693766454], [70.70852340445654, 30.762782442675142], [70.7085361525776, 30.763504005043686], [70.70811836989297, 30.763509508866502], [70.70813111536026, 30.764231071306803], [70.707713329447, 30.764236573941737], [70.70772607226031, 30.764958136453767], [70.70730828311832, 30.764963637900763], [70.70733376389614, 30.7664067629831], [70.70691596841135, 30.766412263398838], [70.70692233733601, 30.766773044694613], [70.70650454017928, 30.76677854384384]]]}, "properties": {"direction": "decrease", "areaHa": 12.48, "before": -11.855978965759277, "after": -18.431434631347656, "change": -6.575453758239746, "clearObservationsBefore": 3.0, "clearObservationsAfter": 2.0, "centroid": [70.70663029169744, 30.764190700032806]}}, {"type": "Feature", "id": 65, "geometry": {"type": "Polygon", "coordinates": [[[70.79993503056114, 31.22559264818186], [70.79992135339144, 31.224871172846253], [70.79950157544957, 31.224877048819447], [70.79944688443058, 31.22199114594876], [70.79902711910702, 31.221997019888892], [70.79901345076658, 31.221275543789208], [70.79859368850515, 31.22128141619444], [70.79858685611174, 31.22092067802922], [70.79816709531991, 31.22092654898257], [70.79816026464182, 31.22056581071281], [70.79774050531961, 31.220571680214317], [70.79772684751671, 31.21985020344412], [70.79814660365412, 31.219844334108465], [70.79811245333431, 31.218040642219634], [70.79769270515843, 31.21804651114064], [70.79767904907465, 31.217325034068065], [70.79725930396039, 31.217330901454513], [70.79725247769484, 31.21697016280291], [70.79767222121693, 31.216964295499373], [70.79767904907465, 31.217325034068065], [70.79809879406612, 31.217319165312894], [70.79810562363879, 31.21767990377706], [70.79852537009964, 31.217674033570226], [70.79853903279793, 31.218395510267882], [70.79937853171997, 31.21838376541611], [70.79938536643792, 31.218744503566587], [70.79980511730686, 31.21873862900454], [70.79981879029611, 31.219460105074674], [70.80023854422674, 31.21945422897779], [70.80027957569966, 31.221618656171568], [70.80069933906185, 31.22161277820758], [70.80074038451764, 31.223777204125305], [70.80116015731235, 31.223771324293967], [70.8011670002449, 31.22413206178822], [70.80074722585749, 31.22413794170264], [70.8007677506152, 31.22522015430502], [70.8003479713265, 31.225226033099506], [70.80035481156565, 31.225586770673466], [70.79993503056114, 31.22559264818186]], [[70.79944004860639, 31.2216304079927], [70.7998598122145, 31.22162453276661], [70.79985297492074, 31.22126379487196], [70.79943321290511, 31.221269670015047], [70.79944004860639, 31.2216304079927]]]}, "properties": {"direction": "decrease", "areaHa": 12.16, "before": -11.096022605895996, "after": -19.330883026123047, "change": -8.234861373901367, "clearObservationsBefore": 3.0, "clearObservationsAfter": 2.0, "centroid": [70.79945560309005, 31.22128364138367]}}, {"type": "Feature", "id": 66, "geometry": {"type": "Polygon", "coordinates": [[[70.78264263179021, 31.22150355320265], [70.7826155450087, 31.220060587858303], [70.78219578434681, 31.220066406545342], [70.78217547531648, 31.21898418206388], [70.78175571931007, 31.21898999913543], [70.78172864867645, 31.217547032529314], [70.78130889891756, 31.217552847903328], [70.7812818365999, 31.21610988062333], [70.78086209308812, 31.216115694299965], [70.78084856584348, 31.215394210366224], [70.78210778646115, 31.21537676572323], [70.78211455479895, 31.21573750745438], [70.78253429635353, 31.21573168975386], [70.78254106640516, 31.216092431381238], [70.7833805523333, 31.216080791709707], [70.78338732569095, 31.216441533151034], [70.78380707006448, 31.216435711179958], [70.7838138451361, 31.21679645251744], [70.78423359097995, 31.216790629095378], [70.78424036776562, 31.217151370328995], [70.78382062032958, 31.217157193833348], [70.78382739564488, 31.21751793512768], [70.78424714467315, 31.217512111541044], [70.78427425352199, 31.218955076173426], [70.78385449812453, 31.218960900089204], [70.78388160255376, 31.220403864705467], [70.7834618406648, 31.220409687581483], [70.78348216548866, 31.221491911063918], [70.78264263179021, 31.22150355320265]]]}, "properties": {"direction": "decrease", "areaHa": 12.16, "before": -10.96285343170166, "after": -19.503585815429688, "change": -8.540733337402344, "clearObservationsBefore": 3.0, "clearObservationsAfter": 2.0, "centroid": [70.78275496303493, 31.218069333215375]}}, {"type": "Feature", "id": 67, "geometry": {"type": "Polygon", "coordinates": [[[70.85779652129085, 30.98445410904391], [70.85778952963476, 30.98409336955704], [70.85653340942191, 30.98411143441963], [70.8565194359286, 30.98338995486842], [70.85610073208635, 30.98339597360628], [70.85603787175488, 30.98014931378851], [70.85561918194718, 30.980155330401786], [70.85560521751466, 30.979433850034063], [70.85518653072766, 30.97943986512072], [70.8551795502732, 30.97907912481911], [70.85601692057513, 30.97906709346071], [70.85603787175488, 30.98014931378851], [70.8564565614368, 30.980143295819364], [70.8564705326654, 30.980864775759144], [70.85772661039582, 30.980846713203725], [70.85771961999876, 30.98048597350098], [70.85813831075055, 30.98047995002284], [70.85813131890613, 30.98011921038398], [70.85855000795874, 30.98011318563545], [70.85854301466703, 30.979752446060505], [70.85896170202047, 30.97974642004163], [70.85895470728153, 30.979385680530626], [70.8597920784641, 30.979373624596427], [70.8597850807048, 30.979012885234923], [70.86020376453389, 30.979006855319664], [70.86018976624715, 30.978285376703063], [70.86060844680397, 30.9782793456032], [70.86062244823692, 30.979000824048597], [70.86020376453389, 30.979006855319664], [70.86021076386633, 30.97936759459558], [70.8597920784641, 30.979373624596427], [70.85980607436076, 30.980095103254634], [70.85938738568608, 30.980101132070775], [70.85940837575653, 30.981183350152854], [70.85898968223603, 30.981189377869757], [70.8590106687205, 30.982271596014165], [70.85859197035394, 30.98227762263171], [70.85859896452733, 30.98263836205553], [70.8581802644614, 30.98264438740261], [70.85818725718728, 30.98300512689034], [70.85776855542197, 30.98301115096691], [70.85778253810459, 30.983732630048596], [70.8582012430169, 30.983726605801053], [70.85819425003912, 30.98336586635649], [70.85861295325198, 30.983359840838393], [70.85860595882667, 30.982999101457757], [70.85902466034008, 30.982993074669135], [70.85903165633886, 30.983353813964253], [70.85861295325198, 30.983359840838393], [70.85862694248048, 30.984081319534884], [70.85820823612059, 30.984087345223998], [70.85821522935024, 30.984448084625374], [70.85779652129085, 30.98445410904391]]]}, "properties": {"direction": "decrease", "areaHa": 12.16, "before": -10.660902976989746, "after": -18.71746063232422, "change": -8.056557655334473, "clearObservationsBefore": 3.0, "clearObservationsAfter": 2.0, "centroid": [70.85769825589666, 30.981659026367304]}}, {"type": "Feature", "id": 68, "geometry": {"type": "Polygon", "coordinates": [[[70.83496245670071, 30.84152479684881], [70.83495558987327, 30.841164044734608], [70.83537367986234, 30.841158119020385], [70.8353530754356, 30.84007586280183], [70.83326264768861, 30.840105476623368], [70.83322148904597, 30.837940961077443], [70.83363956546916, 30.83793504151554], [70.83362584378655, 30.83721353633011], [70.83404391696176, 30.837207615588365], [70.83403705474385, 30.836846863047686], [70.83361898313076, 30.836852783705165], [70.83359840190548, 30.835770525701378], [70.83401646883239, 30.83576460529667], [70.83402333067917, 30.83612535790184], [70.8344413990444, 30.8361194360646], [70.83444826257696, 30.83648018856399], [70.83528440206031, 30.836468340676138], [70.83529126884076, 30.836829092985425], [70.83570933995885, 30.836823166934742], [70.83572307701537, 30.837544671320167], [70.83614115113389, 30.837538743752486], [70.83616863298161, 30.838981751927985], [70.83658671322509, 30.83897582267446], [70.83660045801668, 30.839697326464485], [70.83618237464863, 30.83970325588676], [70.83620298807811, 30.840785511663704], [70.83578489989911, 30.84079143999062], [70.83579863967992, 30.841512943903176], [70.83496245670071, 30.84152479684881]]]}, "properties": {"direction": "decrease", "areaHa": 11.68, "before": -12.53663158416748, "after": -19.56559181213379, "change": -7.028961658477783, "clearObservationsBefore": 3.0, "clearObservationsAfter": 2.0, "centroid": [70.83481824422459, 30.838612868993057]}}, {"type": "Feature", "id": 69, "geometry": {"type": "Polygon", "coordinates": [[[70.74167032200275, 31.231086034491007], [70.74166370322851, 31.23072528576012], [70.74082406898683, 31.230736657943815], [70.7408042229386, 31.22965441114004], [70.73912497214869, 31.22967713810918], [70.73913158100567, 31.230037887386363], [70.73787213688519, 31.230054918473712], [70.73785892885024, 31.229333419416662], [70.73827874048914, 31.229327743917448], [70.73827213505646, 31.228966994436824], [70.73869194498327, 31.2289613176483], [70.73869855200924, 31.229322067048727], [70.74037779690131, 31.229299345878694], [70.74037118350208, 31.228938596799246], [70.74163061114261, 31.228921541782814], [70.74162399308247, 31.228560792922774], [70.74204380046473, 31.228555105258668], [70.74203056151497, 31.227833607634746], [70.74161075731917, 31.227839295138157], [70.74160413961604, 31.22747854621355], [70.74328334931218, 31.2274557883049], [70.74329659758307, 31.228177285489544], [70.74245698660032, 31.228188667504266], [70.74247022897465, 31.228910164924415], [70.74372965482965, 31.22889308936571], [70.74372302880315, 31.22853234090762], [70.74498244880598, 31.228515253264998], [70.74498907961228, 31.228876001481673], [70.7445692714706, 31.2288816988125], [70.7445825302543, 31.22960319534225], [70.7441627188068, 31.229608891464522], [70.74418260309629, 31.230691136339107], [70.74376278674949, 31.230696831333212], [70.74376941349092, 31.231057579662146], [70.74167032200275, 31.231086034491007]]]}, "properties": {"direction": "decrease", "areaHa": 11.52, "before": -10.156984329223633, "after": -17.71453094482422, "change": -7.557546138763428, "clearObservationsBefore": 3.0, "clearObservationsAfter": 2.0, "centroid": [70.74206755617841, 31.22953204934028]}}, {"type": "Feature", "id": 70, "geometry": {"type": "Polygon", "coordinates": [[[70.75732165361447, 30.80362919778019], [70.7573150871087, 30.80326842816844], [70.75480742257038, 30.803302412923358], [70.75478775183822, 30.802220102508016], [70.75436981201365, 30.802225761678542], [70.75435670190268, 30.801504221133648], [70.75477463860796, 30.8014985621243], [70.75475496964928, 30.800416251388544], [70.75517290155763, 30.80041059127442], [70.75518601719764, 30.801132131625064], [70.75560395210684, 30.801126470003116], [70.75561051166383, 30.801487240065768], [70.75686432036039, 30.801470246878303], [70.75685775612465, 30.801109477057658], [70.75727569056053, 30.801103810049305], [70.757262559325, 30.80038227050535], [70.75809842160339, 30.800370932771806], [70.75810499028103, 30.800731702392998], [70.7585229228021, 30.80072603142563], [70.75852949315774, 30.801086800944688], [70.75894742711988, 30.801081128549967], [70.75896714357653, 30.802163436736596], [70.75938508209899, 30.802157762752874], [70.75939823011534, 30.802879301275507], [70.75898028847351, 30.802884975420852], [70.75899343384458, 30.803606514019634], [70.75732165361447, 30.80362919778019]]]}, "properties": {"direction": "decrease", "areaHa": 11.52, "before": -11.957061767578125, "after": -18.80433464050293, "change": -6.847272872924805, "clearObservationsBefore": 3.0, "clearObservationsAfter": 2.0, "centroid": [70.7569871922952, 30.802160224387112]}}, {"type": "Feature", "id": 71, "geometry": {"type": "Polygon", "coordinates": [[[70.71574125841595, 31.167204765370805], [70.71573475451363, 31.166844008110857], [70.71489567272656, 31.166855190507842], [70.71488917211813, 31.166494433068248], [70.7123719334819, 31.16652794699575], [70.71236544252092, 31.16616718906071], [70.71194590392778, 31.166172769854615], [70.71193941467196, 31.165812011819185], [70.71026126548591, 31.165834321017307], [70.71025478270033, 31.165473562644884], [70.70899617435131, 31.16549027996212], [70.70898969644739, 31.16512952133179], [70.7085701616863, 31.16513509095976], [70.70857663800184, 31.165495849668872], [70.70773756495345, 31.165506984983868], [70.70774403820873, 31.165867743829022], [70.70732449992146, 31.165873309515984], [70.70731155670408, 31.165151791646778], [70.70773109181461, 31.165146226117255], [70.70771814588628, 31.164424708319693], [70.70813767770375, 31.1644191415815], [70.70813120332598, 31.16405838272929], [70.70897026343488, 31.164047245312098], [70.7089637859971, 31.16368648659597], [70.70938331428854, 31.16368091591704], [70.70938979331456, 31.164041674554372], [70.70980932307768, 31.164036102430547], [70.70981580380851, 31.164396860967614], [70.71023533504332, 31.16439128739888], [70.71024181747904, 31.164752045835662], [70.71150041524851, 31.16473531669621], [70.71150690256579, 31.16509607487492], [70.71276550404986, 31.165079333203586], [70.71277199624888, 31.165440091124054], [70.71528920559288, 31.165406570421666], [70.71529570743886, 31.165767327846552], [70.71571524350868, 31.165761736202207], [70.71572174706, 31.166122493526554], [70.71614128460119, 31.166116900436936], [70.71614778985793, 31.166477657660703], [70.71698686776604, 31.16646646722467], [70.71699988498439, 31.167187981291285], [70.71574125841595, 31.167204765370805]]]}, "properties": {"direction": "decrease", "areaHa": 11.36, "before": -12.067391395568848, "after": -18.388423919677734, "change": -6.3210296630859375, "clearObservationsBefore": 3.0, "clearObservationsAfter": 2.0, "centroid": [70.71196732694283, 31.16555495766597]}}, {"type": "Feature", "id": 72, "geometry": {"type": "Polygon", "coordinates": [[[70.81278255870502, 31.040302824474473], [70.81277572134185, 31.039942078995516], [70.81319468262545, 31.03993619107656], [70.81318100511226, 31.03921470022095], [70.8135999631166, 31.03920881110978], [70.81359312296665, 31.03884806573315], [70.81401207926983, 31.03884217534635], [70.8139983961834, 31.038120684695446], [70.81483630210829, 31.03810890017862], [70.81482945759396, 31.03774815498792], [70.81524840879365, 31.037742260774454], [70.81522102565705, 31.036299280130386], [70.81563997042205, 31.036293384892172], [70.8156194296304, 31.03521114943362], [70.81603836953886, 31.03520525308722], [70.81599043429586, 31.03268003684823], [70.81557150543071, 31.032685932609454], [70.81553043235213, 31.030521460205534], [70.81636827102994, 31.030509668327486], [70.81638196787266, 31.031231158880594], [70.81680089018138, 31.031225260736313], [70.81682144110253, 31.032307496153443], [70.81724036802025, 31.032301596399503], [70.81724722015147, 31.032662341411804], [70.81682829165625, 31.032668241249393], [70.81684884405745, 31.03375047640795], [70.81726777728532, 31.0337445763194], [70.81728148265809, 31.034466066150053], [70.81686254627495, 31.03447196640591], [70.81687624898585, 31.035193456317664], [70.81645730932401, 31.0351993553819], [70.81648470991496, 31.036642335281353], [70.8160657638187, 31.036648233321152], [70.81608631082327, 31.037730468270315], [70.81566735987009, 31.037736365201912], [70.81568790325055, 31.038818600207936], [70.81526894744022, 31.03882449603122], [70.81527579390226, 31.039185241073717], [70.81485683639066, 31.039191135621444], [70.81486368139791, 31.039551880725963], [70.81402576284896, 31.039563665911064], [70.81403260482327, 31.0399244111611], [70.81361364378594, 31.039930301798424], [70.81362048430532, 31.040291047110422], [70.81278255870502, 31.040302824474473]]]}, "properties": {"direction": "decrease", "areaHa": 11.2, "before": -11.535165786743164, "after": -18.680360794067383, "change": -7.145193099975586, "clearObservationsBefore": 3.0, "clearObservationsAfter": 2.0, "centroid": [70.81562535130544, 31.03552559766669]}}, {"type": "Feature", "id": 73, "geometry": {"type": "Polygon", "coordinates": [[[70.8138292188399, 30.896310927912644], [70.81382241633675, 30.89595017459938], [70.81298575041923, 30.89596190419801], [70.81297895117223, 30.89560115069652], [70.81256061959644, 30.895607013385245], [70.8125334301005, 30.894163998831083], [70.81211510466906, 30.894169859835028], [70.81210830916794, 30.893809106059468], [70.81127166107103, 30.893820823846564], [70.81125807670259, 30.893099315897814], [70.81167639767905, 30.893093457846525], [70.81166281066709, 30.892371949978394], [70.8112444928237, 30.89237780786313], [70.81123090943443, 30.89165629974253], [70.81248585319828, 30.891638722534157], [70.81247905698787, 30.89127796869152], [70.81289736976447, 30.891272107002838], [70.81289057211012, 30.890911353222062], [70.8133088831978, 30.890905490265492], [70.81333608081603, 30.892348504926314], [70.81375439804701, 30.892342640285012], [70.81378840565974, 30.894146407710775], [70.81504338011582, 30.894128804427822], [70.81505018670606, 30.894489557598277], [70.81588683886352, 30.894477815152374], [70.81588002913998, 30.894117062148855], [70.81629835346801, 30.894111188982265], [70.81631197617115, 30.894832694800844], [70.81589364870979, 30.89483856813441], [70.81590726877047, 30.895560074034], [70.81423394516432, 30.895583554521462], [70.8142271413396, 30.89522280124863], [70.81380881169821, 30.895228667908395], [70.81382241633675, 30.89595017459938], [70.81424074911166, 30.895944307772808], [70.8142475531816, 30.89630506100268], [70.8138292188399, 30.896310927912644]], [[70.81210151378929, 30.89344835226241], [70.81251983608746, 30.893442491425102], [70.81249944598652, 30.89236023015498], [70.81208112838802, 30.892366090742343], [70.81210151378929, 30.89344835226241]]]}, "properties": {"direction": "decrease", "areaHa": 11.2, "before": -11.875625610351562, "after": -19.398754119873047, "change": -7.523128986358643, "clearObservationsBefore": 3.0, "clearObservationsAfter": 2.0, "centroid": [70.81338788119866, 30.893827269016636]}}, {"type": "Feature", "id": 74, "geometry": {"type": "Polygon", "coordinates": [[[70.85862757268958, 30.810876032286778], [70.85862062577162, 30.81051528328709], [70.8582026740208, 30.8105212786923], [70.85818183869821, 30.80943903130803], [70.85776389150193, 30.80944502511037], [70.85775000503267, 30.808723526575935], [70.8585858930606, 30.80871153796588], [70.85857894689416, 30.80835078883709], [70.86025071520766, 30.808326795797747], [70.86024376292734, 30.807966046989065], [70.86107964321253, 30.807954042560038], [70.86108659861239, 30.808314791197784], [70.86192248151548, 30.808302781210966], [70.86192944016034, 30.808663529656187], [70.86318326825327, 30.80864550431899], [70.86317630492906, 30.80828475613042], [70.86359424581585, 30.808278745076837], [70.86360817570943, 30.80900024126125], [70.86277228757109, 30.809012262364053], [70.86280709890379, 30.810816003304247], [70.85862757268958, 30.810876032286778]], [[70.85903162904454, 30.81014853759922], [70.8598675287999, 30.810136540225447], [70.85986057745271, 30.809775791438927], [70.86027852558249, 30.809769790817253], [70.86026462014435, 30.809048293350546], [70.85859283935231, 30.809072287073157], [70.85860673231147, 30.809793785223153], [70.85902468081717, 30.809787788641867], [70.85903162904454, 30.81014853759922]]]}, "properties": {"direction": "decrease", "areaHa": 11.2, "before": -9.153732299804688, "after": -19.211339950561523, "change": -10.057607650756836, "clearObservationsBefore": 3.0, "clearObservationsAfter": 2.0, "centroid": [70.86069200044298, 30.809531871216336]}}, {"type": "Feature", "id": 75, "geometry": {"type": "Polygon", "coordinates": [[[70.86571926532815, 30.939595673535027], [70.8656631966346, 30.93670975001086], [70.86524469855969, 30.9367157902208], [70.86523068578839, 30.935994308952342], [70.86481219072682, 30.936000347637204], [70.86480518610023, 30.935639606884823], [70.8643866924822, 30.935645644130428], [70.86437968955151, 30.935284903270716], [70.86396119737704, 30.935290939077102], [70.86394019405083, 30.93420871611132], [70.8635217064592, 30.9342147503071], [70.8635077080115, 30.933493268050594], [70.86308922343295, 30.933499300721575], [70.86306823141562, 30.93241707691792], [70.86264975141957, 30.932423107978508], [70.86265674706313, 30.932783849353633], [70.86223826537156, 30.932789879146547], [70.86223127129749, 30.93242913768577], [70.86181279104939, 30.93243516603972], [70.86179880641815, 30.931713682882172], [70.861380329183, 30.93171970971158], [70.86137333862575, 30.931358968014816], [70.86053638691648, 30.931371017442604], [70.86054337433491, 30.93173175931054], [70.86012489672203, 30.931737782080084], [70.86011092514984, 30.93101629815157], [70.86052939962393, 30.931010275553128], [70.86051542541647, 30.930288791709426], [70.85967848261984, 30.9303008352109], [70.85967149884353, 30.929940093085612], [70.85925302882578, 30.92994611272101], [70.85924604674456, 30.929585370488645], [70.85966451519303, 30.929579350938752], [70.85965753166835, 30.929218608770324], [70.86049446504931, 30.929206565782117], [70.8605014517125, 30.92956730777946], [70.86091991978343, 30.929561284170052], [70.86093389662598, 30.930282767928883], [70.86177083866727, 30.930270716308172], [70.86178482229079, 30.930992199638318], [70.86220329626117, 30.9309861716269], [70.8622242773494, 30.932068396203412], [70.86306123432864, 30.932056335606884], [70.86306823141562, 30.93241707691792], [70.86348671128563, 30.932411044504022], [70.86349371006817, 30.932771785707786], [70.86391219138157, 30.93276575185486], [70.86391919185971, 30.933126492951356], [70.86433767461651, 30.933120457659378], [70.86435167909023, 30.93384193961613], [70.86477016486, 30.9338359027993], [70.8647771688557, 30.93419664365956], [70.86519565606886, 30.934190605403572], [70.86520266176035, 30.934551346156486], [70.86562115041694, 30.934545306461306], [70.86563516531785, 30.9352667877308], [70.86605365698752, 30.935260746510586], [70.86613777583611, 30.939589631285024], [70.86571926532815, 30.939595673535027]]]}, "properties": {"direction": "decrease", "areaHa": 11.04, "before": -12.322820663452148, "after": -19.076444625854492, "change": -6.753623962402344, "clearObservationsBefore": 3.0, "clearObservationsAfter": 2.0, "centroid": [70.86334178783163, 30.933534933161102]}}, {"type": "Feature", "id": 76, "geometry": {"type": "Polygon", "coordinates": [[[70.85533446126999, 30.7917982141643], [70.85532060264947, 30.791076712669298], [70.85573847095363, 30.791070729947673], [70.85573154027236, 30.790709979253116], [70.8561494068931, 30.79070399527092], [70.85614247477838, 30.790343244640106], [70.85656033971568, 30.790337259397358], [70.8565534061676, 30.789976508830296], [70.8569712694215, 30.789970522327064], [70.85695739958376, 30.78924902129896], [70.85737525959593, 30.789243033620565], [70.85735445110242, 30.78816078217297], [70.8577723063147, 30.788154793404782], [70.85776536884215, 30.787794042964546], [70.85818322237114, 30.78778805293604], [70.85816240602962, 30.786705801742265], [70.85858025475903, 30.78669981062416], [70.85853167676878, 30.78417455768342], [70.85894951446699, 30.784168565817254], [70.85896339638292, 30.784890066594272], [70.85938123707183, 30.78488407321192], [70.85940206555853, 30.78596632396005], [70.85898422019561, 30.78597231759853], [70.85899116171686, 30.786333067890265], [70.85940900863784, 30.7863270741664], [70.85941595184235, 30.786687824351247], [70.85983380019621, 30.786681829196432], [70.85985463523548, 30.787764079365736], [70.85943678220717, 30.787770074776756], [70.85947150198622, 30.789573825055772], [70.85905364104144, 30.789579819548074], [70.85906058381457, 30.789940569624726], [70.85864272118624, 30.789946562856684], [70.85863577997145, 30.789585812694664], [70.8582179187763, 30.78959180449553], [70.85822485843275, 30.789952554742904], [70.8578069955541, 30.78995854528337], [70.85781393377732, 30.79031929559457], [70.85697820452798, 30.790331272808864], [70.85699207511608, 30.791052773707957], [70.85740994292014, 30.7910467856031], [70.85740300600513, 30.7906860352496], [70.85782087212566, 30.79068004588426], [70.8578278105991, 30.791040796152448], [70.85740994292014, 30.7910467856031], [70.85741687996025, 30.79140753593509], [70.85699901059773, 30.79141352412523], [70.85699207511608, 30.791052773707957], [70.85657420718695, 30.791058760466996], [70.85658807515837, 30.791780261450604], [70.85533446126999, 30.7917982141643]]]}, "properties": {"direction": "decrease", "areaHa": 10.88, "before": -13.078437805175781, "after": -19.07615852355957, "change": -5.997722148895264, "clearObservationsBefore": 3.0, "clearObservationsAfter": 2.0, "centroid": [70.85811759254145, 30.78853195178595]}}, {"type": "Feature", "id": 77, "geometry": {"type": "Polygon", "coordinates": [[[70.8397936801321, 30.83171331098778], [70.83977303382622, 30.830631055878687], [70.83851890347186, 30.830648866124932], [70.8385120263028, 30.830288114125416], [70.83893006831667, 30.83028217880911], [70.83890255463413, 30.828839170933993], [70.8384845188663, 30.8288451059124], [70.83847764231712, 30.82848435380542], [70.83805960798678, 30.828490287351507], [70.83805273312296, 30.82812953513857], [70.8384707658919, 30.82812360167694], [70.83844326143071, 30.826680592948065], [70.83886128783027, 30.82667465847651], [70.83885441046361, 30.826313906325016], [70.8392724351779, 30.82630797059019], [70.83927931410585, 30.826668722657185], [70.83969734025742, 30.826662785490132], [70.83969045976819, 30.826302033507638], [70.8405265085766, 30.826290155299368], [70.84051962508894, 30.82592940346446], [70.84093764774578, 30.825923462423308], [70.84097207423154, 30.827727220960007], [70.83929995163379, 30.827750978729192], [70.83930683105783, 30.828111730710194], [70.83888879853686, 30.82811766686748], [70.83890255463413, 30.828839170933993], [70.84015666119346, 30.828821357911615], [70.8401635441125, 30.82918210965909], [70.84099961765462, 30.829170227402418], [70.84100650382074, 30.829530978959276], [70.84142454196709, 30.829525035724533], [70.84143831779483, 30.830246538604566], [70.84185635894006, 30.830240593852718], [70.8418701383877, 30.83096209647753], [70.8410340497267, 30.830973984971713], [70.84104782342459, 30.831695487848943], [70.8397936801321, 30.83171331098778]]]}, "properties": {"direction": "decrease", "areaHa": 10.72, "before": -16.43805503845215, "after": -20.736148834228516, "change": -4.298095226287842, "clearObservationsBefore": 3.0, "clearObservationsAfter": 2.0, "centroid": [70.8399629558918, 30.8289722427882]}}, {"type": "Feature", "id": 78, "geometry": {"type": "Polygon", "coordinates": [[[70.79076840768376, 31.140202427505137], [70.79076162667657, 31.139841683243503], [70.78992281646508, 31.13985334555218], [70.7899092611608, 31.139131856634215], [70.78907045680569, 31.13914351315463], [70.78906368250846, 31.138782768498366], [70.78864428173407, 31.13878859462931], [70.78863750914468, 31.13842784986905], [70.7882181098344, 31.13843367455303], [70.78819102703895, 31.136990694966787], [70.78861042000561, 31.136984870612494], [70.78861719210761, 31.13734561545896], [70.7890365865383, 31.137339789657787], [70.78904336034802, 31.137700534400256], [70.78946275624273, 31.137694707152168], [70.78947630739964, 31.13841619640754], [70.79031510516698, 31.138404537487983], [70.7903083263557, 31.13804379303605], [70.79072772347051, 31.13803796161202], [70.79070738301077, 31.136955728374456], [70.79112677524597, 31.13694989583355], [70.79111999375087, 31.13658915146046], [70.79153938427824, 31.136583317637673], [70.79152581848255, 31.13586182899194], [70.79194520571632, 31.135855993969887], [70.79193842141581, 31.13549524969725], [70.7923578069418, 31.135489413393426], [70.79232387934191, 31.13368569211987], [70.7927432568176, 31.133679854864745], [70.7927228969661, 31.132597622089772], [70.793561642038, 31.132585943982576], [70.79357522149226, 31.133307432190247], [70.79315584584636, 31.13331327209123], [70.79320336668515, 31.135838480717528], [70.79278397981766, 31.135844319832685], [70.79279755512796, 31.136565807982873], [70.7923781649668, 31.136571645898883], [70.79239173759396, 31.137293134128054], [70.79197234413907, 31.137298970844846], [70.79197912904992, 31.1376597150097], [70.79155973388707, 31.137665550444623], [70.7915733009032, 31.1383870388748], [70.79115390244647, 31.138392873110377], [70.7911878141926, 31.14019659422138], [70.79076840768376, 31.140202427505137]]]}, "properties": {"direction": "decrease", "areaHa": 10.56, "before": -11.372647285461426, "after": -18.141101837158203, "change": -6.768453121185303, "clearObservationsBefore": 3.0, "clearObservationsAfter": 2.0, "centroid": [70.79117182831564, 31.13698210394458]}}, {"type": "Feature", "id": 79, "geometry": {"type": "Polygon", "coordinates": [[[70.80332952076866, 31.094561472779652], [70.8033090722703, 31.093479239731], [70.80372827049955, 31.093473373503006], [70.80372145299643, 31.093112629193424], [70.8033022563495, 31.09311849533834], [70.80329544055138, 31.092757750924136], [70.80245705005422, 31.09276947896169], [70.80244342515503, 31.092047989736407], [70.80202423288706, 31.092053851546094], [70.8020038012044, 31.090971617297456], [70.80242298872577, 31.090965755736832], [70.80241617682788, 31.090605011027193], [70.80283536264449, 31.090599148187668], [70.80282854928709, 31.090238403539516], [70.80240936505258, 31.09024426629601], [70.80240255339987, 31.089883521543268], [70.8028217360523, 31.089877658869813], [70.80281492294012, 31.089516914178557], [70.80365328471294, 31.089505184912113], [70.80361920517159, 31.08770146196318], [70.80403837796416, 31.087695595702627], [70.804031560842, 31.08733485113127], [70.80445073193003, 31.087328983592062], [70.80444391334872, 31.08696823908226], [70.80486308273215, 31.08696237026443], [70.80485626269174, 31.086601625816193], [70.80611376536002, 31.086584011441914], [70.8061274150546, 31.087305499817838], [70.80486990289532, 31.08732311469112], [70.80487672318124, 31.087683859096238], [70.80445755063407, 31.087689728080317], [70.80447118841029, 31.088411216992135], [70.80572871517504, 31.088393605455753], [70.80574236293401, 31.08911509378248], [70.8053231843046, 31.089120965822737], [70.80533000678629, 31.08948171003694], [70.80491082645207, 31.089487580798522], [70.80490400555239, 31.089126836501165], [70.80448482667742, 31.089132705817764], [70.80449164599507, 31.089493450198248], [70.80407246541536, 31.089499318236108], [70.80409291935848, 31.090581551497547], [70.80367373390983, 31.09058741842283], [70.80368055055413, 31.0909481628833], [70.80326136340067, 31.090954028529755], [70.80328180932312, 31.092036262031044], [70.80412019300057, 31.09202452887769], [70.8041474686061, 31.09346750591295], [70.80456666658995, 31.093461636960814], [70.80458030829381, 31.094183125182866], [70.80374190587389, 31.09419486205751], [70.8037487237451, 31.094555606302418], [70.80332952076866, 31.094561472779652]]]}, "properties": {"direction": "decrease", "areaHa": 10.56, "before": -12.40629768371582, "after": -18.598602294921875, "change": -6.192306995391846, "clearObservationsBefore": 3.0, "clearObservationsAfter": 2.0, "centroid": [70.8038536626831, 31.090360787005814]}}, {"type": "Feature", "id": 80, "geometry": {"type": "Polygon", "coordinates": [[[70.8116896893801, 31.04897837136491], [70.81166918300457, 31.047896135663827], [70.81125018650356, 31.04790201998084], [70.81124335286987, 31.047541274620663], [70.81082435782454, 31.04754715749466], [70.81081752589257, 31.047186412029532], [70.8112365193592, 31.047180529238915], [70.81122968597155, 31.046819783835623], [70.8116486777365, 31.04681389976884], [70.81164184289322, 31.046453154427404], [70.81206083295649, 31.046447269084485], [70.81205399665767, 31.046086523804924], [70.81247298501927, 31.046080637185913], [70.81245247212556, 31.044998401468295], [70.81329043900821, 31.044986624652555], [70.81329727967338, 31.045347369746366], [70.81371626450851, 31.045341479215818], [70.81370942226484, 31.044980734205495], [70.81412840539828, 31.04497484239898], [70.81415578142627, 31.046417821976874], [70.81373679197863, 31.046423714117456], [70.81372994936541, 31.04606296917179], [70.81331096137316, 31.04606885986934], [70.8133178024078, 31.04642960489851], [70.81289881271381, 31.04643549432003], [70.81291249199526, 31.047156984480676], [70.8137504775746, 31.04714520394413], [70.81374363471502, 31.04678445904157], [70.81416262574129, 31.04677856681747], [70.81416947017952, 31.0471393116365], [70.81458846266122, 31.047133417969313], [70.81458161664433, 31.046772673233804], [70.81583858861391, 31.046754984325574], [70.81585914124233, 31.0478372177152], [70.81544014597308, 31.047843115628286], [70.81544699551716, 31.048203860132], [70.81460900145133, 31.04821565204651], [70.81461584796119, 31.048576396695797], [70.81419684916463, 31.04858229069716], [70.81420369421896, 31.04894303540845], [70.8116896893801, 31.04897837136491]], [[70.81335885120185, 31.048594074620947], [70.81377785024485, 31.048588183338875], [70.8137710068925, 31.04822743852252], [70.81419000423352, 31.048221545964324], [70.81417631474098, 31.047500056434004], [70.8133383262506, 31.047511839856718], [70.81335885120185, 31.048594074620947]]]}, "properties": {"direction": "decrease", "areaHa": 10.56, "before": -11.142576217651367, "after": -18.348878860473633, "change": -7.206303119659424, "clearObservationsBefore": 3.0, "clearObservationsAfter": 2.0, "centroid": [70.81325716918104, 31.04725055390193]}}, {"type": "Feature", "id": 81, "geometry": {"type": "Polygon", "coordinates": [[[70.73635892820312, 30.753752006052466], [70.73635245282156, 30.75339122962383], [70.73509925377452, 30.753408000882263], [70.73507337208686, 30.7519648939983], [70.7354910989958, 30.751959305241616], [70.73548462730986, 30.75159852854701], [70.73590235254623, 30.751592938525974], [70.73589587942128, 30.751232161889746], [70.7363136029851, 30.7512265706044], [70.736300653974, 30.75050501742741], [70.73462977146407, 30.75052737386737], [70.73462330335649, 30.750166596928203], [70.73629417964364, 30.750144240806943], [70.736300653974, 30.75050501742741], [70.73713609452832, 30.750493831143675], [70.73712961708658, 30.750133054682667], [70.74088907979274, 30.750082650598703], [70.7408955712356, 30.750443426341153], [70.74131329028462, 30.7504378190878], [70.74131978340027, 30.750798594729], [70.74090206279557, 30.75080420206228], [70.74090855447263, 30.75116497776209], [70.73881994191443, 30.751192994668436], [70.73882642592979, 30.751553770746312], [70.73799097697604, 30.751564968260563], [70.73800393913443, 30.752286520671632], [70.7371684834898, 30.75229771312894], [70.73717496163265, 30.75265848946204], [70.73675723207917, 30.75266408375436], [70.73675075549218, 30.752303307341506], [70.73591529914648, 30.752314491734502], [70.73592824621382, 30.75303604485775], [70.73676370878302, 30.75302486014589], [70.73677666254117, 30.753746412865027], [70.73635892820312, 30.753752006052466]]]}, "properties": {"direction": "decrease", "areaHa": 10.56, "before": -13.392318725585938, "after": -18.877357482910156, "change": -5.485038757324219, "clearObservationsBefore": 3.0, "clearObservationsAfter": 2.0, "centroid": [70.7375815755066, 30.751329872255482]}}, {"type": "Feature", "id": 82, "geometry": {"type": "Polygon", "coordinates": [[[70.7816271511414, 31.212135904681986], [70.78162038561248, 31.2117751626529], [70.78078093691776, 31.211786789403163], [70.78077417469407, 31.21142604718822], [70.77993472869647, 31.211437668300402], [70.7799279697779, 31.211076925899647], [70.77950824818853, 31.21108273432098], [70.77950149098324, 31.210721991816584], [70.77908177086405, 31.210727798787413], [70.77906826000142, 31.210006313549798], [70.77864854294414, 31.21001211898812], [70.7786350357507, 31.20929063350015], [70.77821532175523, 31.209296437406056], [70.77819506665067, 31.208214208766275], [70.77777535730847, 31.208220011057858], [70.77774160918648, 31.206416295816904], [70.77816131057142, 31.206410493935323], [70.77816806154445, 31.20677123694465], [70.77858776439938, 31.20676543361287], [70.77859451708522, 31.2071261765186], [70.77901422141014, 31.207120371736583], [70.7790277303291, 31.207841857319295], [70.77944743771545, 31.207836051004932], [70.77945419394864, 31.20819679368188], [70.779873902805, 31.208190985917188], [70.77988741881897, 31.20891247104221], [70.78030713073689, 31.208906661745054], [70.78031389051776, 31.209267404193113], [70.78073360390567, 31.20926159344552], [70.7807471270154, 31.2099830781127], [70.78116684346496, 31.2099772658325], [70.7811736067939, 31.210338008051593], [70.7815933247135, 31.210332194320863], [70.78160008975576, 31.210692936436242], [70.78201980914538, 31.21068712125495], [70.78202657590101, 31.21104786326656], [70.78244629676068, 31.21104204663467], [70.78246660253306, 31.212124272293483], [70.7816271511414, 31.212135904681986]]]}, "properties": {"direction": "decrease", "areaHa": 10.4, "before": -11.838214874267578, "after": -19.24020767211914, "change": -7.401994228363037, "clearObservationsBefore": 3.0, "clearObservationsAfter": 2.0, "centroid": [70.77983925867194, 31.209615393437776]}}, {"type": "Feature", "id": 83, "geometry": {"type": "Polygon", "coordinates": [[[70.80558544336142, 31.080817972819542], [70.80557180125078, 31.08009648350131], [70.80431438361781, 31.08011408930095], [70.80424622786474, 31.076506638922694], [70.80466535138693, 31.076500772515285], [70.80467216799124, 31.07686151756696], [70.80509129297175, 31.07685564971527], [70.8050776567238, 31.076134159756602], [70.80549677841957, 31.07612829071002], [70.80548313950057, 31.075406800831427], [70.8059022579117, 31.075400930590046], [70.80588179571112, 31.07431869586003], [70.80630090925686, 31.074312824507096], [70.806287265242, 31.073591334745693], [70.80670637550335, 31.07358546219813], [70.80672002267981, 31.07430695179312], [70.80630090925686, 31.074312824507096], [70.80636913669892, 31.077920272020993], [70.80595000734343, 31.077926144205776], [70.8059704732273, 31.07900837828924], [70.80638960732628, 31.079002505854874], [70.80641007905898, 31.08008473949479], [70.80682921777885, 31.080078865449504], [70.8068360435167, 31.08043960986982], [70.80725518369502, 31.08043373437997], [70.80726201113704, 31.0807944786955], [70.80558544336142, 31.080817972819542]]]}, "properties": {"direction": "decrease", "areaHa": 10.4, "before": -13.238862991333008, "after": -20.17900848388672, "change": -6.94014310836792, "clearObservationsBefore": 3.0, "clearObservationsAfter": 2.0, "centroid": [70.80552906879718, 31.078007010672785]}}, {"type": "Feature", "id": 84, "geometry": {"type": "Polygon", "coordinates": [[[70.86089820404686, 30.820225489964358], [70.86089124606812, 30.819864741951342], [70.85963727061434, 30.81988275099399], [70.85963031744306, 30.81952200270308], [70.85879433630173, 30.819534001824042], [70.85876653735498, 30.818091007761932], [70.8591845217459, 30.818085009216695], [70.85917757076191, 30.817724260732756], [70.85959555346697, 30.817718260925705], [70.8595677445424, 30.81627526711644], [70.8591497680792, 30.816281266581836], [70.85914281772182, 30.815920517990293], [70.85872484269369, 30.81592651602316], [70.85871789402198, 30.81556576732472], [70.85829992042895, 30.815571763925092], [70.85829297344286, 30.81521101511975], [70.85787500128491, 30.81521701028766], [70.85786805598438, 30.81485626137546], [70.85828602658202, 30.81485026629289], [70.85827907984643, 30.814489517444517], [70.85911501754534, 30.814477523408964], [70.85912196740149, 30.814838272086586], [70.85953993762328, 30.814832272962832], [70.85954688916507, 30.815193021533503], [70.86038283235325, 30.815181019073933], [70.86037587769086, 30.814820270674126], [70.86162978685172, 30.814802257138144], [70.86160890957468, 30.813720012578965], [70.86119094466056, 30.81372601818152], [70.86117703022357, 30.813004521530118], [70.86201295368565, 30.812992509320093], [70.86204775632109, 30.814796249932037], [70.86162978685172, 30.814802257138144], [70.86164370566377, 30.815523753403305], [70.85997181404927, 30.81554776944099], [70.85999962821273, 30.816990763080707], [70.86041760754608, 30.816984760750138], [70.86044542995757, 30.818427753703695], [70.8608634154076, 30.818421749684052], [70.86087037288455, 30.818782497783157], [70.86128835976972, 30.818776492330766], [70.86129531893273, 30.819137240322853], [70.86171330725303, 30.819131233437684], [70.86172722907678, 30.81985272918628], [70.86130923763518, 30.819858736242473], [70.86131619717463, 30.820219484169993], [70.86089820404686, 30.820225489964358]], [[70.86004135321913, 30.81915525289463], [70.86045934191576, 30.819149250051325], [70.86045238587397, 30.818788501888275], [70.86003439873797, 30.818794504646117], [70.86004135321913, 30.81915525289463]]]}, "properties": {"direction": "decrease", "areaHa": 10.4, "before": -8.9979829788208, "after": -18.249435424804688, "change": -9.251449584960938, "clearObservationsBefore": 3.0, "clearObservationsAfter": 2.0, "centroid": [70.86010567361807, 30.81698650230806]}}, {"type": "Feature", "id": 85, "geometry": {"type": "Polygon", "coordinates": [[[70.85046147543616, 30.777433853469958], [70.85044766107112, 30.77671234838326], [70.84919423824255, 30.77673023386668], [70.8491873359189, 30.776369481036276], [70.8483517231921, 30.77638139779678], [70.84833792514746, 30.775659891731923], [70.84875572845847, 30.775653934193972], [70.84874882806552, 30.77529318121419], [70.84958443119964, 30.775281262273054], [70.84957752781668, 30.77492050944163], [70.8491597278691, 30.77492646949976], [70.84914592459103, 30.774204963602585], [70.84872812763335, 30.774210922145954], [70.84872122773817, 30.77385016908024], [70.84913902313869, 30.77384421062176], [70.84913212181083, 30.773483457619466], [70.84954991552976, 30.773477497901006], [70.84954301276927, 30.773116744962113], [70.84912522060743, 30.773122704595668], [70.84911831952849, 30.772761951550386], [70.84870052879926, 30.772767909754176], [70.84870742832113, 30.773128662884346], [70.84787184337526, 30.773140575427085], [70.84785115452522, 30.7720583154629], [70.84868673012882, 30.77204640342937], [70.84869362940182, 30.77240715660251], [70.849946996545, 30.772389278211342], [70.84994009260097, 30.772028525292967], [70.85077566695988, 30.77201659981128], [70.85078257401793, 30.772377352559744], [70.85036478534374, 30.77238331605797], [70.85037169096933, 30.77274406886993], [70.84995390061354, 30.77275003110827], [70.84996080480661, 30.77311078398369], [70.85037859671945, 30.773104821660397], [70.85039240859335, 30.773826327176874], [70.85081020349584, 30.77382036333877], [70.85082401898225, 30.774541868599353], [70.85040622096544, 30.774547832607414], [70.85041312733833, 30.774908585290444], [70.85124872636175, 30.774896655759402], [70.85125563597364, 30.775257408250965], [70.85167343685568, 30.775251441382984], [70.85168725956784, 30.77597294613162], [70.85126945557128, 30.775978913169634], [70.85129709626196, 30.777421922749078], [70.85046147543616, 30.777433853469958]], [[70.8495706245582, 30.774559756588694], [70.84998842282408, 30.774553795270524], [70.84998151813294, 30.77419304248105], [70.84956372142422, 30.774199003714273], [70.8495706245582, 30.774559756588694]]]}, "properties": {"direction": "decrease", "areaHa": 10.4, "before": -16.33407974243164, "after": -20.060958862304688, "change": -3.726879119873047, "clearObservationsBefore": 3.0, "clearObservationsAfter": 2.0, "centroid": [70.84987371853737, 30.774774736738223]}}, {"type": "Feature", "id": 86, "geometry": {"type": "Polygon", "coordinates": [[[70.81135954137474, 31.05367394281336], [70.8113458702933, 31.052952452760973], [70.8109268515642, 31.052958336885858], [70.81090635060212, 31.051876101395482], [70.81132536459396, 31.051870217520793], [70.81130486000198, 31.05078798208666], [70.81172386913376, 31.050782097102374], [70.81171703293691, 31.05042135199798], [70.81213604036668, 31.050415465737352], [70.81212920271398, 31.050054720694835], [70.81296721404638, 31.050042944261264], [70.8129740548569, 31.05040368913687], [70.81339306191731, 31.050397798797007], [70.81342727571217, 31.05220152243427], [70.81384629054436, 31.052195630317122], [70.81381206885453, 31.050391907097403], [70.81465008235935, 31.050380119618975], [70.81467062447737, 31.05146235311423], [70.81508963578177, 31.051456457084704], [70.81510333430153, 31.05217794580665], [70.81468431983906, 31.052183842003313], [70.81469116770481, 31.052544586415504], [70.81385313525196, 31.052556374896398], [70.81385998008277, 31.052917119454133], [70.81344096209241, 31.052923011738308], [70.8134478054673, 31.053283756358002], [70.8130287857746, 31.05328964736579], [70.81303562769354, 31.053650392047423], [70.81135954137474, 31.05367394281336]]]}, "properties": {"direction": "decrease", "areaHa": 10.24, "before": -12.811708450317383, "after": -19.098567962646484, "change": -6.286860466003418, "clearObservationsBefore": 3.0, "clearObservationsAfter": 2.0, "centroid": [70.81279286973917, 31.051900346523574]}}, {"type": "Feature", "id": 87, "geometry": {"type": "Polygon", "coordinates": [[[70.76917965645973, 31.197513420943093], [70.7691729420468, 31.197152675655577], [70.76875327948608, 31.197158446683776], [70.76874656678459, 31.196797701293136], [70.7683269056938, 31.196803470872066], [70.76828664156339, 31.194638997586395], [70.76912594453748, 31.194627458039605], [70.76911251776443, 31.19390596709825], [70.77037146177723, 31.19388864801088], [70.77036474380061, 31.193527902752717], [70.77120403602426, 31.193516350020104], [70.77119059407211, 31.192794859765726], [70.77161023682191, 31.192789081511528], [70.77160351443685, 31.192428336433693], [70.77202315547545, 31.192422556893717], [70.77202987945081, 31.192783301889833], [70.77244952195878, 31.192777520900687], [70.77245624764542, 31.19313826579355], [70.77161695932789, 31.1931498265678], [70.77163712757128, 31.194232061607323], [70.77121747845996, 31.19423784018826], [70.7712309213792, 31.19495933027024], [70.77081126896606, 31.194965107646976], [70.77084487042698, 31.196768832883095], [70.77042520994013, 31.19677460930048], [70.77043192900427, 31.197135354364708], [70.77001226680592, 31.19714112949604], [70.77001898440022, 31.197501874620354], [70.76917965645973, 31.197513420943093]]]}, "properties": {"direction": "decrease", "areaHa": 9.92, "before": -15.265432357788086, "after": -20.433683395385742, "change": -5.168250560760498, "clearObservationsBefore": 3.0, "clearObservationsAfter": 2.0, "centroid": [70.76996339611176, 31.19524450583633]}}, {"type": "Feature", "id": 88, "geometry": {"type": "Polygon", "coordinates": [[[70.71189735591327, 30.835271417447355], [70.71188454633834, 30.83454986434102], [70.71230263556689, 30.834544336963045], [70.71228341738365, 30.833462007379712], [70.7127015018098, 30.833456478889303], [70.71268868714067, 30.832734925884544], [70.71101636124091, 30.83275703112631], [70.71100996032834, 30.832396254277324], [70.71142804041426, 30.832390730068102], [70.71142163805493, 30.832029953276432], [70.71183971646329, 30.832024427797485], [70.71182050539156, 30.83094209753054], [70.71223857899817, 30.830936570939222], [70.71224498413535, 30.83129734763753], [70.71391728365498, 30.831275227474517], [70.71392369515601, 30.83163600383665], [70.71475984734656, 30.831624935507744], [70.71476626208741, 30.83198571169102], [70.71560241693956, 30.831974637811193], [70.71560883492033, 30.832335413815525], [70.71477267694391, 30.832346487852966], [70.71482399995963, 30.835232696381123], [70.7144059082998, 30.83523823200757], [70.71438666598844, 30.83415590373305], [70.7135504916959, 30.834166970467855], [70.7135697246332, 30.835249299214915], [70.71315163262653, 30.835254830795815], [70.71314522309422, 30.834894054489375], [70.71230904185896, 30.834905113448194], [70.71231544826652, 30.835265889912026], [70.71189735591327, 30.835271417447355]], [[70.71272072467993, 30.834538808236577], [70.71313881367746, 30.834533278161626], [70.71311958612047, 30.833450949050476], [70.7127015018098, 30.833456478889303], [70.71272072467993, 30.834538808236577]], [[70.71353767031559, 30.833445417863228], [70.71395575439512, 30.83343988532755], [70.7139493423161, 30.833079109072], [70.71353125979878, 30.833084641528938], [70.71353767031559, 30.833445417863228]], [[70.71309395099549, 30.832007843270514], [70.71351202894185, 30.832002312398163], [70.71350561888734, 30.83164153597862], [70.7130875425031, 30.83164706677224], [70.71309395099549, 30.832007843270514]]]}, "properties": {"direction": "decrease", "areaHa": 9.76, "before": -10.443985939025879, "after": -17.66295623779297, "change": -7.21897029876709, "clearObservationsBefore": 3.0, "clearObservationsAfter": 2.0, "centroid": [70.71334083864545, 30.832977727192397]}}, {"type": "Feature", "id": 89, "geometry": {"type": "Polygon", "coordinates": [[[70.73421549857092, 31.19077272459691], [70.73420891855908, 31.190411972174452], [70.73378927788586, 31.19041762807843], [70.73378269958262, 31.190056875554514], [70.73420233866561, 31.190051219730503], [70.73419575889046, 31.18969046726506], [70.73335648378662, 31.189701777385757], [70.73334990731021, 31.189341024738923], [70.7346088150179, 31.189324057746646], [70.7346022338893, 31.18896330531819], [70.735021867965, 31.188957646999317], [70.73503503352092, 31.189679151674753], [70.73587430767778, 31.18966783061486], [70.73586113576117, 31.18894632625952], [70.73544150192231, 31.188951987313107], [70.73542833365975, 31.188230482711713], [70.7345890719872, 31.18824180039678], [70.73457591055859, 31.187520295389387], [70.73541516587092, 31.187508978024344], [70.73540199855574, 31.186787473250984], [70.73582162285432, 31.18678181267759], [70.73581503778439, 31.186421060338706], [70.73665428284625, 31.186409735250326], [70.73666087109605, 31.186770487429108], [70.73833936615729, 31.18674782052528], [70.73834596088548, 31.18710857236209], [70.73750671041205, 31.18711990870875], [70.73751330207887, 31.187480660684326], [70.73667404795118, 31.18749199172217], [70.73669381412267, 31.18857424800051], [70.73711344601597, 31.18856858292496], [70.7371398089311, 31.190011590674732], [70.73672017067717, 31.190017256070664], [70.73672676011209, 31.19037800803445], [70.73504819955046, 31.190400656264195], [70.73505478274282, 31.190761408526676], [70.73421549857092, 31.19077272459691]]]}, "properties": {"direction": "decrease", "areaHa": 9.28, "before": -9.186906814575195, "after": -17.71284294128418, "change": -8.525935173034668, "clearObservationsBefore": 3.0, "clearObservationsAfter": 2.0, "centroid": [70.73584131685843, 31.188654198713262]}}, {"type": "Feature", "id": 90, "geometry": {"type": "Polygon", "coordinates": [[[70.82337703645118, 30.870195600050053], [70.82337020521496, 30.86983484719598], [70.82295198799987, 30.86984073907174], [70.82293149972398, 30.86875848012924], [70.82334971224505, 30.86875258850487], [70.82333605088068, 30.86803108260333], [70.82375426014944, 30.86802518979656], [70.82374059614844, 30.867303683976704], [70.82415880216496, 30.867297789987603], [70.82415196878466, 30.86693703712927], [70.82457017311353, 30.866931141874076], [70.82456333829192, 30.866570389078095], [70.82539974345111, 30.86655859468567], [70.82540658140167, 30.866919347313893], [70.82582478536088, 30.866913448008916], [70.82581110645411, 30.866191942898816], [70.82664750774491, 30.866180140574826], [70.82664066534761, 30.865819388155405], [70.82622246632828, 30.865825289908386], [70.8262156256187, 30.86546453738352], [70.82663382307365, 30.86545863571448], [70.82662698092301, 30.865097883252062], [70.82746337233425, 30.86508607603239], [70.82747706301627, 30.865807580599835], [70.82705886424361, 30.865813485052556], [70.82706570820531, 30.866174237388012], [70.82748390854238, 30.86616833285132], [70.82749759996469, 30.8668898372898], [70.82707939649875, 30.866895741994465], [70.82708624083051, 30.86725649426545], [70.82666803567672, 30.86726239770416], [70.82667487856732, 30.867623150037613], [70.82583846476074, 30.867634953033075], [70.8258521446537, 30.868356457971252], [70.82543393443633, 30.868362357611847], [70.82544077300314, 30.868723110132617], [70.82502256109792, 30.868729008507113], [70.82501572409572, 30.86836825590246], [70.82459751363189, 30.86837415284306], [70.82462485612142, 30.869817163468205], [70.82378842230693, 30.86982895397014], [70.82379525510787, 30.870189706740387], [70.82337703645118, 30.870195600050053]]]}, "properties": {"direction": "decrease", "areaHa": 9.28, "before": -11.589924812316895, "after": -19.15097427368164, "change": -7.561046600341797, "clearObservationsBefore": 3.0, "clearObservationsAfter": 2.0, "centroid": [70.82513961167456, 30.867675928067882]}}, {"type": "Feature", "id": 91, "geometry": {"type": "Polygon", "coordinates": [[[70.82728219666662, 30.789309950194745], [70.82727537270222, 30.788949193620443], [70.8268575068747, 30.78895508423633], [70.82685068459173, 30.78859432755665], [70.82643282019957, 30.788600216742886], [70.82642599959799, 30.788239459957857], [70.82600813664116, 30.788245347714458], [70.82600131772091, 30.78788459082411], [70.82558345619945, 30.78789047715113], [70.82555618798106, 30.786447449039766], [70.8251383325697, 30.786453333685746], [70.82513151738063, 30.78609257652044], [70.82471366340454, 30.78609845973697], [70.82470684989654, 30.785737702466385], [70.82428899735575, 30.7857435842535], [70.82428218552874, 30.785382826877683], [70.82344648319494, 30.785394586247573], [70.823439674607, 30.78503382868278], [70.82302182481403, 30.78503970626561], [70.82301501790695, 30.784678948595644], [70.82385071425396, 30.784667192251884], [70.82383709457591, 30.783945677182533], [70.82341924957987, 30.783951555859687], [70.82341244148307, 30.783590798209094], [70.82299459792225, 30.78359667545701], [70.82298098521287, 30.782875159923982], [70.82256314464523, 30.782881035658992], [70.82255634003256, 30.782520277776594], [70.82172066164502, 30.782532025042865], [70.82169345688432, 30.781088992629382], [70.82211128990802, 30.781083120003633], [70.82211809247204, 30.78144387805551], [70.82253592693088, 30.781438004000716], [70.8225427311754, 30.78179876194746], [70.82296056706936, 30.78179288646357], [70.82296737299444, 30.78215364430516], [70.82338521032354, 30.782147767392157], [70.82339882565776, 30.78286928284351], [70.82381666597986, 30.7828634044176], [70.82382347538909, 30.783224162027366], [70.82424131714633, 30.78321828217223], [70.82425493944913, 30.783939797159864], [70.82467278419952, 30.783933915791668], [70.8246795970932, 30.784294673169526], [70.82509744327874, 30.784288790372027], [70.82511107255081, 30.78501030489576], [70.82552892172959, 30.78500442058508], [70.82554255460947, 30.785725934855332], [70.82596040678156, 30.785720049031397], [70.8259808616979, 30.786802320024307], [70.82639871842159, 30.786796432603193], [70.8264123587638, 30.78751794632344], [70.82683021848099, 30.787512057388874], [70.82683704039488, 30.787872814132932], [70.82725490154735, 30.787866923768757], [70.82726172514259, 30.78822768040745], [70.82767958773033, 30.788221788613644], [70.82770006392948, 30.789304058149156], [70.82728219666662, 30.789309950194745]], [[70.8238575242772, 30.785027949754383], [70.82427537382459, 30.785022069480412], [70.82426856224328, 30.784661312061683], [70.82385071425396, 30.784667192251884], [70.8238575242772, 30.785027949754383]]]}, "properties": {"direction": "decrease", "areaHa": 9.28, "before": -10.819356918334961, "after": -19.150060653686523, "change": -8.330706596374512, "clearObservationsBefore": 3.0, "clearObservationsAfter": 2.0, "centroid": [70.82463056737083, 30.785129095066225]}}, {"type": "Feature", "id": 92, "geometry": {"type": "Polygon", "coordinates": [[[70.83780808993833, 30.85916602428081], [70.83780120766012, 30.858805273726453], [70.8373830416978, 30.858811210320578], [70.83736928064108, 30.858089708978472], [70.83904193123576, 30.85806595518103], [70.83902815816538, 30.857344454428706], [70.83944631737637, 30.85733851277484], [70.83942565401081, 30.856256261738626], [70.83984380840674, 30.85625031898902], [70.83983003032328, 30.85552881835973], [70.84066633248831, 30.855516929150845], [70.8406594405058, 30.855156178973075], [70.84107758983846, 30.855150232429317], [70.84108448338449, 30.855510982522482], [70.84066633248831, 30.855516929150845], [70.84067322459505, 30.855877679307095], [70.84109137705478, 30.855871732594135], [70.84111205881119, 30.856953982680047], [70.84194837273945, 30.85694208469846], [70.84196906499638, 30.858024334083], [70.84155090340333, 30.858030284002393], [70.84155779950721, 30.858391033838846], [70.84072147282076, 30.858402929798597], [70.8407283659214, 30.858763679782772], [70.8398920356104, 30.85877557051396], [70.83989892570767, 30.859136320645778], [70.83780808993833, 30.85916602428081]]]}, "properties": {"direction": "decrease", "areaHa": 9.12, "before": -12.431167602539062, "after": -20.629512786865234, "change": -8.198346138000488, "clearObservationsBefore": 3.0, "clearObservationsAfter": 2.0, "centroid": [70.83995433087755, 30.857619342174647]}}, {"type": "Feature", "id": 93, "geometry": {"type": "Polygon", "coordinates": [[[70.80205517882764, 31.160251842320623], [70.80204834970651, 31.15989110141962], [70.8028873307877, 31.159879353391318], [70.80288049861423, 31.159518612634916], [70.8032999873829, 31.159512736655426], [70.80328632022957, 31.158791255244104], [70.80370580570022, 31.158785378065282], [70.80368530112978, 31.15770315603583], [70.80284633959042, 31.15771490852916], [70.80283950815435, 31.15735416764328], [70.80200054929826, 31.157365914508397], [70.80198006525158, 31.15628369122274], [70.80156059040138, 31.156289562357898], [70.80153328640783, 31.154846597342708], [70.80111381778389, 31.1548524667803], [70.80109334583959, 31.153770242543253], [70.80151280970202, 31.153764373354736], [70.80152646071643, 31.15448585603496], [70.8019459276304, 31.154479985315056], [70.80195275490897, 31.154840726539753], [70.8023722232873, 31.154834854371426], [70.80237905227594, 31.155195595491477], [70.80279852211862, 31.155189721874713], [70.80280535281737, 31.155550462890087], [70.80322482412443, 31.155544587824828], [70.80323848906514, 31.15626606962463], [70.80365796342386, 31.156260193027727], [70.80367846651887, 31.157342415316176], [70.80451742439159, 31.157330657527122], [70.80453110008607, 31.158052138612188], [70.80495058201278, 31.15804625750305], [70.80498478133931, 31.159849959422065], [70.8028873307877, 31.159879353391318], [70.80289416308408, 31.16024009412614], [70.80205517882764, 31.160251842320623]]]}, "properties": {"direction": "decrease", "areaHa": 8.96, "before": -13.23297119140625, "after": -18.67800521850586, "change": -5.445034503936768, "clearObservationsBefore": 3.0, "clearObservationsAfter": 2.0, "centroid": [70.80313891802919, 31.157337108655415]}}, {"type": "Feature", "id": 94, "geometry": {"type": "Polygon", "coordinates": [[[70.81860627388942, 31.082078291651673], [70.81858566236525, 31.080996065662838], [70.81900480225472, 31.08099015188776], [70.81899793041269, 31.080629409932108], [70.81857879210452, 31.080635323623415], [70.81855131229803, 31.079192355250004], [70.81897044428129, 31.079186441893782], [70.81896357305762, 31.078825699830276], [70.81938270333603, 31.078819785196554], [70.8193689580975, 31.07809830117239], [70.81978808508998, 31.078092385345045], [70.8197812110752, 31.07773164338441], [70.8202003363629, 31.07772572627968], [70.82018658554242, 31.077004242461335], [70.82060570754432, 31.076998324163107], [70.82059883073873, 31.076637582305413], [70.82101795103588, 31.076631662729902], [70.8210110727731, 31.07627092093451], [70.82143019136552, 31.07626500008175], [70.82142331164562, 31.075904258348658], [70.82184242853329, 31.07589833621869], [70.82183554735633, 31.07553759454791], [70.8226737775983, 31.075525746372577], [70.82266000929256, 31.074804263302024], [70.82349823271554, 31.074792410018294], [70.82349134558693, 31.074431668618587], [70.8239104555317, 31.074425740019187], [70.82393112203188, 31.075507963901615], [70.82435023659514, 31.07550203368918], [70.82436401804367, 31.07622351600156], [70.82352578246962, 31.076235375401396], [70.82351889484514, 31.075874634087985], [70.82309977845306, 31.07588056166228], [70.82310666449662, 31.076241303059664], [70.82268754639969, 31.076247229356834], [70.82270131569672, 31.076968712254786], [70.82228219431397, 31.076974637358727], [70.82228907756736, 31.077335378859292], [70.8218699544797, 31.077341302686012], [70.8218630728073, 31.076980561101536], [70.82060570754432, 31.076998324163107], [70.82061946152686, 31.077719807813768], [70.8202003363629, 31.07772572627968], [70.8202278394889, 31.07916869365747], [70.81980870787675, 31.079174611097514], [70.81982245701987, 31.079896094824623], [70.8194033221216, 31.079902011071002], [70.81941019529754, 31.080262752986016], [70.81899105869431, 31.080268667954883], [70.81899793041269, 31.080629409932108], [70.81983620665795, 31.080617578465443], [70.81984995679096, 31.08133906201996], [70.81943081556756, 31.081344978601592], [70.81943768923833, 31.08170572043029], [70.81901854630986, 31.08171163573433], [70.81902541852295, 31.082072377625266], [70.81860627388942, 31.082078291651673]]]}, "properties": {"direction": "decrease", "areaHa": 8.96, "before": -13.652070045471191, "after": -19.368391036987305, "change": -5.716319561004639, "clearObservationsBefore": 3.0, "clearObservationsAfter": 2.0, "centroid": [70.82108427933746, 31.0777583837432]}}, {"type": "Feature", "id": 95, "geometry": {"type": "Polygon", "coordinates": [[[70.85407166056062, 30.813106407779955], [70.85405779966992, 30.81238490814127], [70.85447576047198, 30.81237892577863], [70.85446189696093, 30.811657426224247], [70.85404393927904, 30.811663408416543], [70.85403700927104, 30.81130265852192], [70.85361905302426, 30.811308639282153], [70.8535982684299, 30.810226389213746], [70.8531803167382, 30.810232368371683], [70.85317339034987, 30.809871618220726], [70.85442724037036, 30.80985367696187], [70.85442030942716, 30.80949292704486], [70.8548382576242, 30.809486944016804], [70.85483132524608, 30.80912619416349], [70.85524927175823, 30.809120209873853], [70.85525620569622, 30.809480959641967], [70.85567415364324, 30.809474973920327], [70.85568802501413, 30.810196473221588], [70.85610597595591, 30.810190485982666], [70.85613372643839, 30.81163348398601], [70.85655168349507, 30.811627495059188], [70.85655862298849, 30.81198824442096], [70.85697658148015, 30.811982254061967], [70.85699046396255, 30.812703752550405], [70.85615454061367, 30.812715732262625], [70.85616147892229, 30.81307648164514], [70.85407166056062, 30.813106407779955]]]}, "properties": {"direction": "decrease", "areaHa": 8.96, "before": -8.882468223571777, "after": -19.285306930541992, "change": -10.402838706970215, "clearObservationsBefore": 3.0, "clearObservationsAfter": 2.0, "centroid": [70.85510491415445, 30.81131959633942]}}, {"type": "Feature", "id": 96, "geometry": {"type": "Polygon", "coordinates": [[[70.76739994192971, 31.237229930952346], [70.76739322378462, 31.23686918754658], [70.7669733853513, 31.23687495933263], [70.76695995261115, 31.236153472293363], [70.76654011724467, 31.23615924254655], [70.76652668817506, 31.23543775525804], [70.76694652035404, 31.235431985167853], [70.76691965728895, 31.233989010658103], [70.7673394829725, 31.233983239524235], [70.76733276591453, 31.233622495924415], [70.7681724137321, 31.233610949710705], [70.76816569360778, 31.233250206252418], [70.76942515964711, 31.23323287690412], [70.76945878538127, 31.235036592755943], [70.76903895552098, 31.235042370983116], [70.7690658519101, 31.236485343602883], [70.76864601555395, 31.236491120786713], [70.7686594612863, 31.237212607130413], [70.76739994192971, 31.237229930952346]]]}, "properties": {"direction": "decrease", "areaHa": 8.8, "before": -12.948616981506348, "after": -20.700849533081055, "change": -7.752236843109131, "clearObservationsBefore": 3.0, "clearObservationsAfter": 2.0, "centroid": [70.76808347999547, 31.235190018451785]}}, {"type": "Feature", "id": 97, "geometry": {"type": "Polygon", "coordinates": [[[70.73617538576688, 31.183168627181207], [70.73616880029167, 31.182807874707414], [70.73574919359945, 31.182813535767526], [70.73573602618362, 31.182092030595335], [70.73531642255222, 31.18209769012838], [70.73529667708529, 31.18101543196884], [70.73445747900467, 31.181026746453984], [70.73445090059813, 31.18066599353116], [70.73487049810812, 31.180660337052046], [70.73485733847112, 31.179938831301893], [70.73611612075412, 31.179921854143164], [70.73610953634493, 31.179561101475905], [70.73652912861301, 31.179555439769313], [70.7365357146116, 31.179916192356504], [70.73737490197117, 31.179904864682577], [70.73736831279375, 31.179544112255552], [70.73820749650041, 31.179532779274407], [70.73821408885662, 31.17989353154118], [70.73905327526775, 31.17988219293231], [70.73905987092138, 31.18024294501727], [70.7386402761857, 31.1802486150853], [70.73864687036854, 31.18060936722893], [70.73822727392479, 31.18061503601023], [70.73823386663675, 31.18097578821251], [70.73781426848493, 31.180981455707048], [70.73782745108556, 31.18170296020741], [70.73698824806816, 31.18171429141615], [70.73699483636717, 31.182075043794292], [70.73657523309112, 31.182080707428298], [70.73658181991904, 31.18244145986503], [70.7370014247847, 31.182435796150944], [70.73701460197526, 31.183157300799753], [70.73617538576688, 31.183168627181207]]]}, "properties": {"direction": "decrease", "areaHa": 8.64, "before": -10.027628898620605, "after": -18.0435791015625, "change": -8.015950202941895, "clearObservationsBefore": 3.0, "clearObservationsAfter": 2.0, "centroid": [70.7366176311671, 31.180997614960713]}}, {"type": "Feature", "id": 98, "geometry": {"type": "Polygon", "coordinates": [[[70.86252513091804, 30.94758026046117], [70.86251113256066, 30.9468587792874], [70.86125550303296, 30.94687687056449], [70.86124850875518, 30.946516129688312], [70.86082996689787, 30.94652215732024], [70.86083695960504, 30.946882898282006], [70.85999987237133, 30.946894949654766], [70.85999288280536, 30.946534208521854], [70.86041142491457, 30.946528183598087], [70.86040443390392, 30.946167442529152], [70.85873027099404, 30.946191533757638], [70.85871630191485, 30.94547005087079], [70.85913483969004, 30.945464030265764], [70.85912086797315, 30.944742547463616], [70.85870233333891, 30.944748567897637], [70.85868836526623, 30.944027084838197], [70.8591068967596, 30.94402106457517], [70.85909991134159, 30.943660323098577], [70.85993697081003, 30.943648278681753], [70.85994395936879, 30.944009019987277], [70.86119955233833, 30.9439909429509], [70.86123452057758, 30.94579464787124], [70.86165305916779, 30.94578861905648], [70.86166005476414, 30.946149359890192], [70.86207859479889, 30.94614332963577], [70.86207159763201, 30.945782588887706], [70.86249013597016, 30.945776557364887], [70.8624971347076, 30.946137298027306], [70.86291567449021, 30.946131265064782], [70.86292967548445, 30.946852746153528], [70.86334821828211, 30.94684671166557], [70.86336222292205, 30.9475681924966], [70.86252513091804, 30.94758026046117]]]}, "properties": {"direction": "decrease", "areaHa": 8.64, "before": -11.681877136230469, "after": -18.149940490722656, "change": -6.468062877655029, "clearObservationsBefore": 3.0, "clearObservationsAfter": 2.0, "centroid": [70.86064056043422, 30.945549277940938]}}, {"type": "Feature", "id": 99, "geometry": {"type": "Polygon", "coordinates": [[[70.85035839839527, 30.815685443380456], [70.85034456384152, 30.814963942511405], [70.84992659086949, 30.814969911999402], [70.84991967534, 30.81460916144764], [70.84908373214257, 30.814621096212456], [70.84907681985838, 30.814260345469258], [70.84865884963301, 30.814266310746124], [70.84865193903372, 30.8139055598965], [70.84823397024401, 30.813911523741385], [70.84822706132957, 30.81355077278535], [70.84780909397556, 30.813556735198308], [70.84780218674588, 30.813195984135874], [70.84738422082755, 30.813201945116933], [70.84735659939483, 30.811758940312714], [70.84652067966593, 30.81177085755509], [70.84651377773916, 30.8114101061306], [70.84860356832719, 30.811380303347022], [70.84861047805435, 30.811741054347173], [70.84944639653783, 30.811729123635505], [70.84945330950978, 30.812089874444283], [70.84987127012468, 30.8120839069831], [70.8498781847814, 30.8124446576854], [70.85029614683175, 30.81243868879229], [70.85031689623054, 30.813520940515232], [70.84989892949964, 30.81352690966329], [70.84990584465508, 30.813887660279583], [70.85032381294621, 30.81388169104652], [70.8503376467517, 30.814603192044615], [70.85075561803869, 30.814597221294516], [70.85076253668882, 30.814957971676293], [70.85118050941138, 30.814951999494088], [70.8511874297466, 30.815312749769333], [70.85076945546369, 30.81531872203656], [70.8507763743633, 30.81567947237533], [70.85035839839527, 30.815685443380456]]]}, "properties": {"direction": "decrease", "areaHa": 8.32, "before": -14.116673469543457, "after": -20.091203689575195, "change": -5.974526405334473, "clearObservationsBefore": 3.0, "clearObservationsAfter": 2.0, "centroid": [70.84895791539762, 30.81308928687252]}}, {"type": "Feature", "id": 100, "geometry": {"type": "Polygon", "coordinates": [[[70.80552047896757, 31.05519918365267], [70.80550685112166, 31.05447769144101], [70.80592587776462, 31.054471824662166], [70.80589861722784, 31.053028840312937], [70.80631763743129, 31.053022972506785], [70.80631082102464, 31.05266222644879], [70.80672983952624, 31.05265635736592], [70.80673665751202, 31.05301710334073], [70.80757469730526, 31.05300536092892], [70.80756105513996, 31.052283869290594], [70.80798007169416, 31.05227799621133], [70.80797324921662, 31.051917250443097], [70.80839226406894, 31.05191137608723], [70.80839908812555, 31.0522721217722], [70.8088181044341, 31.05226624597322], [70.80883858207838, 31.053348482649017], [70.80841956103247, 31.053354358697845], [70.80842638558046, 31.053715104296632], [70.80968345308713, 31.05369747182052], [70.80969711202704, 31.054418962453642], [70.80927808648927, 31.05442484147227], [70.8092917427624, 31.055146332185853], [70.80803465593601, 31.055163961581574], [70.80802100913861, 31.054442470368286], [70.80676393068246, 31.05446008702454], [70.80677756800415, 31.055181578737194], [70.80552047896757, 31.05519918365267]]]}, "properties": {"direction": "decrease", "areaHa": 8.16, "before": -13.285102844238281, "after": -18.891883850097656, "change": -5.606781005859375, "clearObservationsBefore": 3.0, "clearObservationsAfter": 2.0, "centroid": [70.807602734904, 31.053836319365452]}}, {"type": "Feature", "id": 101, "geometry": {"type": "Polygon", "coordinates": [[[70.77373111419865, 31.171470415744295], [70.77372438941215, 31.171109669885567], [70.7728852959777, 31.171121231623538], [70.77283152745605, 31.168235262670198], [70.77325106152587, 31.168229483138305], [70.77323089556008, 31.167147244670588], [70.773650424744, 31.167141464017803], [70.77364370140896, 31.166780717900565], [70.77406322888368, 31.166774935963467], [70.77406995380697, 31.16713568199894], [70.77448948274898, 31.167129898613975], [70.77450966300968, 31.16821213634571], [70.77492919659565, 31.168206351349216], [70.77497629922523, 31.170731571396487], [70.77455675452005, 31.170737356965713], [70.77456348236274, 31.17109810268238], [70.77414393594795, 31.171103886967128], [70.77415066232305, 31.171464632744073], [70.77373111419865, 31.171470415744295]]]}, "properties": {"direction": "decrease", "areaHa": 8.0, "before": -13.328268051147461, "after": -20.00724220275879, "change": -6.678977012634277, "clearObservationsBefore": 3.0, "clearObservationsAfter": 2.0, "centroid": [70.77388294842183, 31.169260002791816]}}, {"type": "Feature", "id": 102, "geometry": {"type": "Polygon", "coordinates": [[[70.75891735391437, 30.822372164745037], [70.75890419933464, 30.821650628207347], [70.75848617631281, 30.821656303860042], [70.75847960076197, 30.821295535478335], [70.75806157918274, 30.82130120970256], [70.75804185792492, 30.820218904186856], [70.759295908257, 30.820201878198343], [70.7592761740167, 30.81911957321743], [70.76011219761236, 30.81910821630544], [70.76012535989796, 30.8198297526574], [70.76096138926296, 30.819818390031696], [70.76096797370582, 30.820179158013843], [70.76180400571803, 30.82016778983598], [70.7618237691255, 30.821250093168608], [70.76140574849549, 30.821255778174145], [70.76141892157204, 30.821977313784185], [70.75974682537547, 30.822000040976782], [70.75975340584705, 30.822360809073288], [70.75891735391437, 30.822372164745037]]]}, "properties": {"direction": "decrease", "areaHa": 8.0, "before": -8.156266212463379, "after": -17.984210968017578, "change": -9.827942848205566, "clearObservationsBefore": 3.0, "clearObservationsAfter": 2.0, "centroid": [70.75993517210847, 30.82086439049064]}}, {"type": "Feature", "id": 103, "geometry": {"type": "Polygon", "coordinates": [[[70.76596228519574, 31.25023977018613], [70.7659555690802, 31.249879027230637], [70.76637546527256, 31.24987325662091], [70.76636874768293, 31.249512513725357], [70.76552895836721, 31.2495240534113], [70.765522244088, 31.249163310331205], [70.76594213721141, 31.249157541254974], [70.76592870582562, 31.24843605519305], [70.76634859563869, 31.248430284909276], [70.76633516154641, 31.24770879892407], [70.76675504804926, 31.247703027432827], [70.76674161125071, 31.24698154152437], [70.76716149444344, 31.24697576882576], [70.76719509531935, 31.248779483027548], [70.76887465877589, 31.24875637689772], [70.76886793198, 31.248395634426792], [70.76970770979318, 31.24838407330226], [70.76970097992879, 31.24802333097302], [70.77012086705916, 31.248017548436724], [70.77011413572107, 31.247656806167583], [70.77053402113573, 31.247651022342527], [70.77052728832399, 31.247290280133498], [70.77094717202293, 31.247284495019713], [70.77095390642933, 31.24764523714705], [70.77053402113573, 31.247651022342527], [70.77055422029729, 31.248733248840203], [70.77013433009844, 31.248739032910304], [70.77014106179963, 31.24909977511473], [70.76972116988499, 31.24910555789601], [70.76972790011241, 31.24946630016053], [70.76888811273051, 31.249477861774874], [70.76889483988924, 31.249838604181086], [70.76847494442201, 31.249844383014075], [70.76848167010681, 31.250205125480342], [70.76596228519574, 31.25023977018613]]]}, "properties": {"direction": "decrease", "areaHa": 7.84, "before": -11.11960506439209, "after": -18.96154022216797, "change": -7.8419365882873535, "clearObservationsBefore": 3.0, "clearObservationsAfter": 2.0, "centroid": [70.76788868378107, 31.248972449832344]}}, {"type": "Feature", "id": 104, "geometry": {"type": "Polygon", "coordinates": [[[70.72625537530483, 31.19160146226688], [70.72624882527292, 31.19124070837147], [70.72582917917582, 31.191246338453013], [70.72580953455784, 31.190164076399093], [70.72622917588401, 31.19015844655632], [70.72619642925858, 31.188354676434738], [70.72913385958502, 31.18831523203529], [70.72914041980542, 31.188675985544915], [70.72956005382756, 31.18867034508159], [70.72956661575611, 31.189031098489977], [70.72914698014382, 31.18903673903305], [70.72916010117461, 31.189758245944848], [70.72748154482412, 31.189780795080882], [70.72748809915556, 31.190141548823345], [70.7270684581829, 31.190147182768445], [70.72707501104195, 31.19050793656907], [70.72791429604993, 31.190496667152104], [70.72792085220746, 31.190857420771923], [70.72834049612489, 31.190851783932565], [70.72834705399066, 31.19121253745119], [70.7279274084829, 31.191218174370245], [70.72793396487627, 31.191578927947088], [70.72709467032628, 31.19159019784203], [70.72708811711365, 31.19122944410586], [70.7266684712522, 31.191235076922414], [70.72667502287449, 31.191595830738216], [70.72625537530483, 31.19160146226688]]]}, "properties": {"direction": "decrease", "areaHa": 7.84, "before": -11.122840881347656, "after": -18.307382583618164, "change": -7.184543609619141, "clearObservationsBefore": 3.0, "clearObservationsAfter": 2.0, "centroid": [70.72739944365968, 31.18974139791316]}}, {"type": "Feature", "id": 105, "geometry": {"type": "Polygon", "coordinates": [[[70.80704301666314, 31.024867123190578], [70.80703620509098, 31.02450637570225], [70.80661730991983, 31.024512241015387], [70.80660369029717, 31.0237907458078], [70.80618479815716, 31.02379660959625], [70.80617799010659, 31.023435861876997], [70.80575909942084, 31.023441724223982], [70.8057386807349, 31.022359480687655], [70.80615756669032, 31.022353618590078], [70.80614395169232, 31.021632122957808], [70.80656283437173, 31.021626259668267], [70.8065492167107, 31.020904764116192], [70.80696809611422, 31.020898899634755], [70.80694766581239, 31.019816656394685], [70.80736654036356, 31.019810790804634], [70.80731886291571, 31.017285556406534], [70.80815658958001, 31.017273822317037], [70.80817021740023, 31.01799531763415], [70.80775135097669, 31.018001185524337], [70.80777178889791, 31.01908342858819], [70.80819066005074, 31.019077560448334], [70.80821791863588, 31.02052055056584], [70.8077990411769, 31.020526419038585], [70.80783992327574, 31.022690904068238], [70.80742103623405, 31.02269677168208], [70.8074278487698, 31.02305751919487], [70.80700896002868, 31.023063385533618], [70.80703620509098, 31.02450637570225], [70.80745510013948, 31.024500509030723], [70.80746191328856, 31.024861256435866], [70.80704301666314, 31.024867123190578]], [[70.80737335191809, 31.02017153848965], [70.80779222792314, 31.02016567145828], [70.80778541479206, 31.019804923856448], [70.80736654036356, 31.019810790804634], [70.80737335191809, 31.02017153848965]]]}, "properties": {"direction": "decrease", "areaHa": 7.84, "before": -9.172636985778809, "after": -18.164060592651367, "change": -8.991423606872559, "clearObservationsBefore": 3.0, "clearObservationsAfter": 2.0, "centroid": [70.80714249351831, 31.021305202544262]}}, {"type": "Feature", "id": 106, "geometry": {"type": "Polygon", "coordinates": [[[70.7726947648154, 30.75289960107676], [70.77268154368966, 30.752178062171588], [70.77142838477091, 30.75219518374047], [70.77142177905401, 30.751834414011775], [70.77100406073178, 30.75184011843216], [70.7709710417127, 30.750036269061624], [70.77389501301843, 30.749996312744194], [70.77390162747294, 30.75035708209143], [70.7747370498837, 30.750345653743256], [70.77474366756867, 30.750706422906195], [70.7743259548674, 30.750712137833688], [70.77434580397166, 30.751794445438733], [70.77351036887724, 30.751805871750715], [70.77352359598734, 30.752527410373002], [70.77310587514977, 30.75253312167591], [70.773112487328, 30.752893891036425], [70.7726947648154, 30.75289960107676]]]}, "properties": {"direction": "decrease", "areaHa": 7.68, "before": -11.824505805969238, "after": -17.86685562133789, "change": -6.042349338531494, "clearObservationsBefore": 3.0, "clearObservationsAfter": 2.0, "centroid": [70.77267110306903, 30.75113321334011]}}, {"type": "Feature", "id": 107, "geometry": {"type": "Polygon", "coordinates": [[[70.7438224317124, 31.23394356551861], [70.74379592164831, 31.232500572762593], [70.7425364479905, 31.232517650733683], [70.74254307054703, 31.23287839919623], [70.74212324416263, 31.232884089194282], [70.7421298652446, 31.23324483771567], [70.74003072356926, 31.23327326756205], [70.74000427182726, 31.23183027174095], [70.74042409402594, 31.231824588832243], [70.74043732284622, 31.232546086625263], [70.74169679828984, 31.23252902919936], [70.74167694089599, 31.231446783200386], [70.7429364009266, 31.231429714170737], [70.74294302471935, 31.23179046261746], [70.74336284608488, 31.231784770121266], [70.7433694715903, 31.23214551846604], [70.7446289397525, 31.232128432518277], [70.74462230946652, 31.231767684414848], [70.74504213035533, 31.231761986440112], [70.74503549859509, 31.231401238395662], [70.74629495576542, 31.23138413649528], [70.74630822896617, 31.232105632079474], [70.7446289397525, 31.232128432518277], [70.7446355701577, 31.23248918060017], [70.74505539423357, 31.232483482464453], [70.74506202635158, 31.232844230444332], [70.74548185190177, 31.23283853085843], [70.74548848573262, 31.233199278736254], [70.74590831275714, 31.233193577700142], [70.74591494830092, 31.233554325475904], [70.74423563311275, 31.233577121724146], [70.74424226240119, 31.233937869800403], [70.7438224317124, 31.23394356551861]]]}, "properties": {"direction": "decrease", "areaHa": 7.52, "before": -11.647540092468262, "after": -17.740774154663086, "change": -6.093231201171875, "clearObservationsBefore": 3.0, "clearObservationsAfter": 2.0, "centroid": [70.74322891933676, 31.232519768752955]}}, {"type": "Feature", "id": 108, "geometry": {"type": "Polygon", "coordinates": [[[70.72449504529476, 31.001458818683464], [70.72446257395129, 30.9996549940772], [70.72404376878046, 30.99966058740669], [70.72403727643783, 30.99929982234187], [70.72361847272529, 30.999305414234772], [70.72359251082453, 30.997862353444138], [70.7248489027096, 30.997845574645993], [70.7248424078014, 30.997484809632898], [70.72567999865652, 30.997473617140475], [70.72568649671486, 30.997834381994767], [70.72610529354198, 30.99782878363342], [70.72611179329245, 30.99818954838687], [70.7265305915776, 30.99818394858891], [70.72653709302023, 30.998544713241518], [70.72611829315997, 30.99855031311892], [70.72612479314454, 30.998911077829565], [70.72570599159206, 30.998916676429214], [70.7257254875225, 30.999998970671044], [70.72614429380062, 30.999993371833078], [70.72616379551026, 31.00107566564393], [70.72532617338524, 31.001086862439145], [70.72533267103854, 31.00144762715881], [70.72449504529476, 31.001458818683464]]]}, "properties": {"direction": "decrease", "areaHa": 7.52, "before": -8.810673713684082, "after": -17.91411781311035, "change": -9.10344409942627, "clearObservationsBefore": 3.0, "clearObservationsAfter": 2.0, "centroid": [70.72502198132008, 30.99929051694707]}}, {"type": "Feature", "id": 109, "geometry": {"type": "Polygon", "coordinates": [[[70.85050547223186, 30.95388726585453], [70.8504985164101, 30.95352652316871], [70.85091709125521, 30.953520527771648], [70.85090317684529, 30.952799042505575], [70.85132174842279, 30.95279304592435], [70.85131478983472, 30.95243230334411], [70.85173335971577, 30.952426305493614], [70.85172639968197, 30.95206556297697], [70.85214496786656, 30.952059563857254], [70.85213104503302, 30.951338078929663], [70.85254960995017, 30.95133207862596], [70.85253568447627, 30.950610593782496], [70.85295424612607, 30.950604592294887], [70.85293335414315, 30.94952236512362], [70.85335191095484, 30.949516362537416], [70.85334494564059, 30.9491556201891], [70.85376350075597, 30.949149616333912], [70.85374956736226, 30.948428131743075], [70.85416811921057, 30.94842212670422], [70.85415418317737, 30.947700642197656], [70.85499128021448, 30.947688628398577], [70.85501219387702, 30.948770854614228], [70.85459364070901, 30.94877686244679], [70.8546006106102, 30.949137604560846], [70.85418205574585, 30.94914361112449], [70.85418902420177, 30.94950435330228], [70.85377046764106, 30.949510358596978], [70.85377743465165, 30.949871100838468], [70.85335887639457, 30.949877104864186], [70.85336584195976, 30.950237847169355], [70.85378440178773, 30.9502318430584], [70.85379136904932, 30.95059258525675], [70.85420993032271, 30.95058657970622], [70.85423083757344, 30.951668805916032], [70.85381227158713, 30.9516748117224], [70.85382620723988, 30.952396295924995], [70.85340763798597, 30.95240230054754], [70.85341460442953, 30.952763042701736], [70.85215889120171, 30.952781048698586], [70.85215192947145, 30.95242030628871], [70.85173335971577, 30.952426305493614], [70.85175424056943, 30.953508532914118], [70.85091709125521, 30.953520527771648], [70.85092404864814, 30.95388127037233], [70.85050547223186, 30.95388726585453]]]}, "properties": {"direction": "decrease", "areaHa": 7.52, "before": -13.471169471740723, "after": -19.112035751342773, "change": -5.640867710113525, "clearObservationsBefore": 3.0, "clearObservationsAfter": 2.0, "centroid": [70.85316163285644, 30.950966321868417]}}, {"type": "Feature", "id": 110, "geometry": {"type": "Polygon", "coordinates": [[[70.80156819501195, 31.001127972109984], [70.80156141043066, 31.000767222204598], [70.80030503218892, 31.000784748751943], [70.80029147284301, 31.000063248379313], [70.79987268300162, 31.000069087681823], [70.79986590508679, 30.9997083373804], [70.79902832818784, 30.99972001174851], [70.79902155354502, 30.999359261259958], [70.7986027664875, 30.99936509632561], [70.7985959935416, 30.99900434573276], [70.79817720793706, 30.9990101793586], [70.79816366556095, 30.998288677942824], [70.7985824480157, 30.998282844482514], [70.79857567543569, 30.997922093825142], [70.80025079773532, 30.99789874674518], [70.80026435561624, 30.998620247375936], [70.80068313903575, 30.998614407047786], [70.80068991973424, 30.998975157248047], [70.80110870460655, 30.99896931548], [70.80111548700208, 30.99933006557585], [70.80153427332718, 30.999324222367893], [70.80154784163459, 31.000045722329265], [70.80196663098747, 31.00003987759841], [70.8019598451977, 30.99967912771141], [70.8023786328534, 30.999673281706414], [70.80238542021816, 31.00003403151048], [70.80280420932661, 31.000028184065464], [70.80281778757283, 31.000749683443146], [70.80239899531433, 31.000755531054075], [70.80240578304577, 31.0011162807936], [70.80156819501195, 31.001127972109984]]]}, "properties": {"direction": "decrease", "areaHa": 7.36, "before": -14.071844100952148, "after": -19.946924209594727, "change": -5.875082969665527, "clearObservationsBefore": 3.0, "clearObservationsAfter": 2.0, "centroid": [70.80040789036991, 30.999473291244392]}}, {"type": "Feature", "id": 111, "geometry": {"type": "Polygon", "coordinates": [[[70.79869902219252, 30.780688389660806], [70.7986923072321, 30.780327626888926], [70.79827447205679, 30.780333423924155], [70.7982476196572, 30.778890372292118], [70.79741196140546, 30.77890196166593], [70.79740525172363, 30.778541198539276], [70.79656959610325, 30.778552782366784], [70.79655618333322, 30.77783125571914], [70.79739183272298, 30.777819672221703], [70.7973985421628, 30.7781804353912], [70.7994876713073, 30.778151452692715], [70.7994809540793, 30.77779068993615], [70.8007344254396, 30.777773284421805], [70.80072770365993, 30.77741252189184], [70.80156334751219, 30.777400911654798], [70.80157679742315, 30.77812243636251], [70.80115897244245, 30.778128242319077], [70.80117914354554, 30.779210529468152], [70.80201480273173, 30.779198915713348], [70.80203498427277, 30.780281202173278], [70.80119931573999, 30.780292816424478], [70.80117914354554, 30.779210529468152], [70.79992565385682, 30.779227940010426], [70.79991893470766, 30.77886717740078], [70.79866544860148, 30.77888457558725], [70.7986855923928, 30.779966864095627], [70.79910342588924, 30.77996106579762], [70.79911014228634, 30.780321828508317], [70.79994581203138, 30.78031022771092], [70.79995253166527, 30.780670990234917], [70.79869902219252, 30.780688389660806]]]}, "properties": {"direction": "decrease", "areaHa": 7.36, "before": -9.225105285644531, "after": -17.440841674804688, "change": -8.215736389160156, "clearObservationsBefore": 3.0, "clearObservationsAfter": 2.0, "centroid": [70.79960952082163, 30.77884009159029]}}, {"type": "Feature", "id": 112, "geometry": {"type": "Polygon", "coordinates": [[[70.78734972867517, 31.248500762260832], [70.7873225415547, 31.24705780668633], [70.78648278352148, 31.247069482432465], [70.78646919707265, 31.246348004185872], [70.78772882437191, 31.246330489005874], [70.78771522884469, 31.24560901116761], [70.78687548381197, 31.245620688994745], [70.78686868942057, 31.2452599498783], [70.7864488183154, 31.245265786654034], [70.78645561111236, 31.245626525852916], [70.78603573829061, 31.245632361340803], [70.78602894708813, 31.245271622059526], [70.78560907573872, 31.245277456094758], [70.78562265507688, 31.24599893480052], [70.78520278041647, 31.246004767630247], [70.78518920426724, 31.24528328875975], [70.78560907573872, 31.245277456094758], [70.78560228625274, 31.24491671670949], [70.78686189515136, 31.244899210740257], [70.7868415130766, 31.243816993196585], [70.78768124216543, 31.243805316194027], [70.78768803925685, 31.244166055231922], [70.7885277710455, 31.244154372583715], [70.78854137197246, 31.244875850264762], [70.78896124087213, 31.244870006720333], [70.78896804311343, 31.24523074544593], [70.78854817261934, 31.24523658907289], [70.78856857529368, 31.24631880536769], [70.78772882437191, 31.246330489005874], [70.78773562231885, 31.24669122789261], [70.78857537642968, 31.246679544089424], [70.78858897906854, 31.247401021468107], [70.7881690988851, 31.24740686421988], [70.78818269882385, 31.24812834167719], [70.78776281532892, 31.24813418322359], [70.78776961388701, 31.248494922002354], [70.78734972867517, 31.248500762260832]]]}, "properties": {"direction": "decrease", "areaHa": 7.2, "before": -14.08715534210205, "after": -18.868783950805664, "change": -4.78162956237793, "clearObservationsBefore": 3.0, "clearObservationsAfter": 2.0, "centroid": [70.7874719748744, 31.245824896430815]}}, {"type": "Feature", "id": 113, "geometry": {"type": "Polygon", "coordinates": [[[70.80192208550437, 31.086642678363273], [70.80189485085926, 31.08519969802893], [70.8023140130697, 31.085193837796506], [70.80230720313308, 31.08483309274207], [70.80272636363928, 31.084827231231042], [70.80273317515757, 31.08518797620245], [70.80315233712287, 31.085182113246766], [70.80313871104549, 31.084460623448457], [70.80188123427195, 31.084478207732474], [70.80187442616209, 31.084117462551905], [70.80229358362755, 31.084111602568505], [70.8022867740586, 31.083750857449406], [70.8035442409747, 31.08373326957889], [70.80355105528844, 31.08409401444886], [70.80522768245247, 31.084070544560685], [70.80525496624053, 31.08551352249522], [70.80441664025061, 31.08552526082751], [70.80442345834106, 31.085886005423525], [70.80400429358029, 31.085891872630302], [70.80401111021169, 31.086252617287876], [70.80359194374645, 31.08625848321608], [70.80359875891875, 31.086619227935177], [70.80192208550437, 31.086642678363273]]]}, "properties": {"direction": "decrease", "areaHa": 7.2, "before": -12.136741638183594, "after": -18.064756393432617, "change": -5.928013801574707, "clearObservationsBefore": 3.0, "clearObservationsAfter": 2.0, "centroid": [70.80344551964414, 31.08516598525129]}}, {"type": "Feature", "id": 114, "geometry": {"type": "Polygon", "coordinates": [[[70.72403952897672, 30.78928095612197], [70.72403309045976, 30.788920179319124], [70.72361520133234, 30.78892573717075], [70.72360876449021, 30.788564960267422], [70.72319087680543, 30.788570516693863], [70.72318444163808, 30.788209739690075], [70.72276655539596, 30.78821529469137], [70.72276012190333, 30.787854517587128], [70.72234223710385, 30.787860071163305], [70.72232937358392, 30.78713851673268], [70.72191149178572, 30.787144068804697], [70.72190506175832, 30.786783291478315], [70.72148718140274, 30.78678884212532], [70.72148075304989, 30.786428064698566], [70.72106287413693, 30.7864336139206], [70.72105644745854, 30.786072836393476], [70.71813130273394, 30.786111642709376], [70.71812488708106, 30.785750864608104], [70.71770701035874, 30.78575640290504], [70.71769418251708, 30.785034846480826], [70.71727630879604, 30.78504038327413], [70.71726989660716, 30.784679604951183], [70.7189413845634, 30.784657450018564], [70.71894780298602, 30.78501822802588], [70.72020142241318, 30.78500159745841], [70.72020784562696, 30.78536237520749], [70.72062572009615, 30.785356828914324], [70.72063214498425, 30.78571760656309], [70.72188577237195, 30.785700959371333], [70.72189863184691, 30.78642251413064], [70.72231651052797, 30.78641696221681], [70.72232937358392, 30.78713851673268], [70.72274725526614, 30.78713296331472], [70.72275368852674, 30.78749374046158], [70.72400733755299, 30.78747707189463], [70.72402021377415, 30.7881986256495], [70.72443809966803, 30.788193066610233], [70.72445741954675, 30.789275396845124], [70.72403952897672, 30.78928095612197]]]}, "properties": {"direction": "decrease", "areaHa": 7.2, "before": -11.720035552978516, "after": -17.868566513061523, "change": -6.148533344268799, "clearObservationsBefore": 3.0, "clearObservationsAfter": 2.0, "centroid": [70.72085376991093, 30.78642435741334]}}, {"type": "Feature", "id": 115, "geometry": {"type": "Polygon", "coordinates": [[[70.75058794429191, 30.755004178245787], [70.75058141553826, 30.754643404624037], [70.7497459451496, 30.7546546788481], [70.74973941962566, 30.7542939050443], [70.74806848365988, 30.75431643704148], [70.74806196447744, 30.753955662895187], [70.74764423174788, 30.7539612924539], [70.74762467957379, 30.75287896964623], [70.74804240763565, 30.752873340328257], [70.74805544541258, 30.753594888727537], [70.74930863822782, 30.75357799222756], [70.74930211461287, 30.75321721827944], [70.74888438534799, 30.75322285170988], [70.7488778634066, 30.752862077660126], [70.74846013557995, 30.752867709666216], [70.74845361531202, 30.752506935514845], [70.74887134158284, 30.752501303589032], [70.74885177681746, 30.751418981247777], [70.74968721967151, 30.751407713845925], [70.74970026895383, 30.75212926177353], [70.75011799331585, 30.752123625895962], [70.75013104618061, 30.752845173577537], [70.75054877353652, 30.752839536195236], [70.75055530170135, 30.75320030992367], [70.75139075917158, 30.753189030966166], [70.75139729056592, 30.75354980451248], [70.75181502068021, 30.753544162937203], [70.75182155374827, 30.753904936381762], [70.75140382207809, 30.75391057803745], [70.75141035370807, 30.75427135154108], [70.75099262036413, 30.754276991933075], [70.75099915055597, 30.75463776549579], [70.75141688545588, 30.75463212502339], [70.7514234173215, 30.754992898484364], [70.75058794429191, 30.755004178245787]]]}, "properties": {"direction": "decrease", "areaHa": 7.2, "before": -10.56065559387207, "after": -17.861188888549805, "change": -7.300532817840576, "clearObservationsBefore": 3.0, "clearObservationsAfter": 2.0, "centroid": [70.74971890430135, 30.753416086901478]}}, {"type": "Feature", "id": 116, "geometry": {"type": "Polygon", "coordinates": [[[70.81266975667398, 31.0785535126458], [70.81262867496491, 31.07638905215552], [70.8130477960279, 31.076383158525154], [70.81304094792675, 31.076022415118132], [70.81346006728553, 31.076016520210143], [70.8134532177267, 31.075655776865055], [70.81387233538126, 31.0756498806795], [70.813879186521, 31.076010623941045], [70.81555566222953, 31.075987025253564], [70.8155488047661, 31.075626282326333], [70.81680615550887, 31.07560856927005], [70.8167992934262, 31.0752478265722], [70.81721840851259, 31.075241919581625], [70.81722527217613, 31.075602662195788], [70.81680615550887, 31.07560856927005], [70.81681301771505, 31.07596931194633], [70.81639389934334, 31.075975217743174], [70.81641448196004, 31.077057445893594], [70.8155762353604, 31.07706925390581], [70.81558309331756, 31.077429996746773], [70.81474484306212, 31.077441799481537], [70.8147311335953, 31.07672031344365], [70.81431201144456, 31.076726212602118], [70.81433257108671, 31.077808441877316], [70.81349431692897, 31.077820236612055], [70.81350801764938, 31.07854172302188], [70.81266975667398, 31.0785535126458]]]}, "properties": {"direction": "decrease", "areaHa": 7.04, "before": -12.750665664672852, "after": -19.04119110107422, "change": -6.290524482727051, "clearObservationsBefore": 3.0, "clearObservationsAfter": 2.0, "centroid": [70.81441818279744, 31.076798525501694]}}, {"type": "Feature", "id": 117, "geometry": {"type": "Polygon", "coordinates": [[[70.70922819798083, 30.779012066834166], [70.70922181735926, 30.77865128665425], [70.70838612128364, 30.778662302235546], [70.70837974389309, 30.778301521877378], [70.70879759043046, 30.77829601483796], [70.708791211597, 30.77793523453697], [70.70920905646138, 30.777929726230532], [70.70920267618504, 30.777568945986733], [70.70962051937643, 30.777563436413324], [70.70960775605324, 30.776841876018892], [70.71002559601379, 30.776836365257058], [70.71001283003535, 30.7761148049345], [70.70959499319044, 30.776120315539295], [70.70958861193168, 30.775759535267575], [70.70917077652943, 30.775765044448484], [70.70913250073981, 30.77360036190011], [70.70996815273709, 30.77358934313502], [70.70996177072638, 30.7732285627928], [70.7103795949948, 30.773223051470914], [70.7104115139877, 30.775026952576447], [70.70999368193112, 30.775032464291016], [70.71001283003535, 30.7761148049345], [70.71043066676515, 30.77610929298433], [70.7104434358592, 30.776830853149804], [70.71127911520456, 30.77681982489902], [70.71129189099068, 30.777541384665046], [70.71170973360628, 30.77753586836434], [70.7117225129691, 30.778257427888015], [70.71130466723766, 30.778262944345926], [70.71129827905658, 30.777902164516124], [70.71088043476784, 30.777907679549973], [70.71088682139101, 30.778268459458346], [70.71005112935215, 30.77827948564668], [70.71006389671214, 30.779001045713756], [70.70922819798083, 30.779012066834166]], [[70.70921543685279, 30.77829050645303], [70.70963328316003, 30.77828499672261], [70.70962690121068, 30.777924216578608], [70.70920905646138, 30.777929726230532], [70.70921543685279, 30.77829050645303]], [[70.71046259036393, 30.777913193238327], [70.71088043476784, 30.777907679549973], [70.71087404825987, 30.777546899620305], [70.71045620541388, 30.7775524132301], [70.71046259036393, 30.777913193238327]]]}, "properties": {"direction": "decrease", "areaHa": 7.04, "before": -12.881043434143066, "after": -18.222862243652344, "change": -5.341817855834961, "clearObservationsBefore": 3.0, "clearObservationsAfter": 2.0, "centroid": [70.70998079605573, 30.776451514121376]}}, {"type": "Feature", "id": 118, "geometry": {"type": "Polygon", "coordinates": [[[70.7591593770783, 31.13233876998466], [70.75915271778845, 31.131978019092724], [70.759572095307, 31.13197229010433], [70.75956543455145, 31.131611539271983], [70.76040418605791, 31.13160007736469], [70.76039752225121, 31.131239326673047], [70.76081689623909, 31.131233593754192], [70.76081023096681, 31.130872843122177], [70.76122960324932, 31.130867108920288], [70.76123627010706, 31.13122785947116], [70.76165564385508, 31.131222123823907], [70.76164897541186, 31.130861373354218], [70.76248771937696, 31.13084989812953], [70.76248104788287, 31.13048914780074], [70.76583600625598, 31.130443192985414], [70.76584937473127, 31.131164692320695], [70.76626874715787, 31.131158941667323], [70.76627543316138, 31.13151969122131], [70.76501731076438, 31.13153693933295], [70.7650039483904, 31.130815439715267], [70.76416520586648, 31.130826931310036], [70.76418524009487, 31.13190918119222], [70.76166898110148, 31.13194362469876], [70.76167564990466, 31.132304375103917], [70.76125627140009, 31.132310110994695], [70.76124960418244, 31.131949360508347], [70.7599914727057, 31.131966559751707], [70.75999813516667, 31.132327310481468], [70.7591593770783, 31.13233876998466]]]}, "properties": {"direction": "decrease", "areaHa": 6.88, "before": -8.681653022766113, "after": -17.604551315307617, "change": -8.922898292541504, "clearObservationsBefore": 3.0, "clearObservationsAfter": 2.0, "centroid": [70.76282319886627, 31.131319422133]}}, {"type": "Feature", "id": 119, "geometry": {"type": "Polygon", "coordinates": [[[70.80299949307492, 31.054873610169487], [70.80298588442564, 31.05415211691777], [70.80256685850394, 31.05415797409371], [70.80255325350305, 31.053436480589802], [70.8029722762663, 31.05343062357991], [70.80295186494591, 31.052348383411573], [70.80378990063002, 31.052336665810213], [70.80377628737916, 31.051615172589123], [70.80419530187929, 31.051609311914767], [70.80418849385862, 31.051248565354975], [70.8050265193331, 31.051236840092972], [70.80501970827696, 31.05087609367785], [70.8054387192513, 31.050870229090247], [70.8054523446442, 31.051591721732716], [70.80587135865392, 31.051585855619038], [70.80587817311338, 31.051946601824838], [70.80545915752461, 31.05195246802166], [70.80547278365337, 31.05267396053488], [70.80505376478375, 31.052679825538103], [70.80506057645296, 31.05304057184554], [70.80464155588156, 31.053046435571982], [70.80465517642949, 31.053767928288444], [70.80423615257712, 31.053773790821154], [70.80425657958068, 31.05485602998358], [70.80299949307492, 31.054873610169487]]]}, "properties": {"direction": "decrease", "areaHa": 6.88, "before": -11.493041038513184, "after": -18.229034423828125, "change": -6.735995292663574, "clearObservationsBefore": 3.0, "clearObservationsAfter": 2.0, "centroid": [70.80409842070412, 31.052932362885244]}}, {"type": "Feature", "id": 120, "geometry": {"type": "Polygon", "coordinates": [[[70.85791071533198, 31.033526546084193], [70.85789670417063, 31.032805072622107], [70.85831562359583, 31.03279903945921], [70.85830861662699, 31.032438302781294], [70.85872753434867, 31.032432268345264], [70.85871351763477, 31.031710795095723], [70.85913243207565, 31.031704759472177], [70.85912542233069, 31.031344022900566], [70.8595443350681, 31.031337986004], [70.85953732387209, 31.030977249496367], [70.85995623490602, 31.03097121132681], [70.85994922225905, 31.03061047488318], [70.86036813158951, 31.030604435440672], [70.86036111749158, 31.03024369906105], [70.86078002511859, 31.030237658345634], [70.86075196368121, 31.028794712953626], [70.86117086487349, 31.028788671222348], [70.86116384825287, 31.02842793490598], [70.86200164710431, 31.02841584753941], [70.862008666879, 31.02877658368439], [70.86242756769222, 31.02877053787772], [70.86243458917035, 31.02913127391535], [70.8620156867801, 31.029137319807745], [70.86203674724166, 31.030219528048146], [70.86161783999366, 31.03022557283917], [70.86163187777893, 31.03094704506278], [70.8612129672502, 31.03095308866665], [70.86121998475515, 31.031313824831717], [70.86080107252283, 31.031319867162697], [70.86080808857686, 31.03168060339182], [70.86038917464097, 31.031686644449838], [70.86039618924401, 31.032047380743006], [70.85997727360454, 31.03205342052804], [70.85998428675656, 31.03241415688521], [70.85956536941347, 31.03242019539723], [70.85957238111442, 31.03278093181841], [70.85873454289488, 31.032793004937623], [70.85874155156726, 31.033153741508375], [70.85832263069082, 31.033159776115514], [70.85832963791198, 31.033520512750215], [70.85791071533198, 31.033526546084193]]]}, "properties": {"direction": "decrease", "areaHa": 6.88, "before": -11.657439231872559, "after": -19.292400360107422, "change": -7.6349616050720215, "clearObservationsBefore": 3.0, "clearObservationsAfter": 2.0, "centroid": [70.86040701280318, 31.030851440132267]}}, {"type": "Feature", "id": 121, "geometry": {"type": "Polygon", "coordinates": [[[70.70270957108373, 31.16593444190367], [70.70270311688924, 31.16557368211515], [70.7031226548672, 31.16556813153487], [70.7031097436498, 31.16484661205049], [70.70352927833488, 31.16484106026109], [70.70352282131206, 31.164480300565263], [70.70394235429266, 31.164474747488246], [70.70392943741895, 31.16375322818936], [70.70309037769468, 31.163764332663124], [70.70308392260857, 31.163403572824453], [70.704342507256, 31.163386914300315], [70.7043360475214, 31.163026154675833], [70.70559462635832, 31.163009484092907], [70.70558816197541, 31.162648724682775], [70.70600768643368, 31.162643165168355], [70.70600122057891, 31.162282405815432], [70.70767931089591, 31.162260154412287], [70.70768578310322, 31.162620913450468], [70.70810530697959, 31.16261534710596], [70.70811178089149, 31.16297610604397], [70.70769225542695, 31.162981672467215], [70.70769872786713, 31.163342431462514], [70.70685967341241, 31.163353560368314], [70.70686614279258, 31.163714319499572], [70.70602708469589, 31.163725443098485], [70.70603355101595, 31.164086202365635], [70.70519448927745, 31.164097320657493], [70.70518802613388, 31.16373656123308], [70.70476849667847, 31.163742118251267], [70.70477495823376, 31.164102877754278], [70.70435542707385, 31.16410843348496], [70.70436188715709, 31.16446919304511], [70.70394235429266, 31.164474747488246], [70.70395527163114, 31.16519626670136], [70.70437480767222, 31.165190712101094], [70.70438772865225, 31.1659122310713], [70.70270957108373, 31.16593444190367]]]}, "properties": {"direction": "decrease", "areaHa": 6.72, "before": -12.800614356994629, "after": -17.83344268798828, "change": -5.032828330993652, "clearObservationsBefore": 3.0, "clearObservationsAfter": 2.0, "centroid": [70.70527836249828, 31.163761141030246]}}, {"type": "Feature", "id": 122, "geometry": {"type": "Polygon", "coordinates": [[[70.84283769046405, 30.772129674698814], [70.84283081311345, 30.77176892031766], [70.84324860091107, 30.771762981195867], [70.84322796493261, 30.770680718177427], [70.8436457479353, 30.77067477796474], [70.84354943967033, 30.765624215841424], [70.84313167846162, 30.765630154869143], [70.84310417250663, 30.76418713600798], [70.84268641739976, 30.764193073352747], [70.84266579390484, 30.763110808727568], [70.84224804334308, 30.763116744474154], [70.8422274256329, 30.762034479401937], [70.84180967961603, 30.76204041355044], [70.84180280885013, 30.761679658398858], [70.84222055331077, 30.761673724334926], [70.8422274256329, 30.762034479401937], [70.84264517152582, 30.76202854390913], [70.84265891965453, 30.76275005380956], [70.84307666853599, 30.76274411680323], [70.84309042027327, 30.76346562644855], [70.84350817214336, 30.763459687928616], [70.84352880534861, 30.76454195198165], [70.84394656176383, 30.76453601186339], [70.84398784086285, 30.766700538881736], [70.84440560649308, 30.76669459691101], [70.8444468993995, 30.76885912264813], [70.84402912442917, 30.76886506512693], [70.84406353081391, 30.770668836407303], [70.8436457479353, 30.77067477796474], [70.84367326904925, 30.77211779494112], [70.84283769046405, 30.772129674698814]]]}, "properties": {"direction": "decrease", "areaHa": 6.72, "before": -13.505279541015625, "after": -19.668710708618164, "change": -6.163435459136963, "clearObservationsBefore": 3.0, "clearObservationsAfter": 2.0, "centroid": [70.84351156113505, 30.76676753144824]}}, {"type": "Feature", "id": 123, "geometry": {"type": "Polygon", "coordinates": [[[70.80962434075145, 31.22726079748189], [70.8095968378987, 31.22581785481532], [70.80917705801404, 31.2258237625283], [70.80916331051503, 31.225102290898384], [70.80874353369235, 31.22510819707534], [70.80872978987318, 31.224386725192044], [70.80831001611237, 31.224392629833055], [70.80828940608836, 31.22331042159574], [70.80912894393047, 31.22329861144523], [70.80912207098434, 31.222937875489738], [70.80954183812743, 31.222931968444435], [70.80954871266616, 31.223292704316457], [70.81038824976663, 31.22328088595188], [70.81039512761423, 31.223641621635323], [70.8095555873285, 31.223653440166874], [70.80956246211447, 31.224014175995656], [70.80998223391181, 31.224008267330927], [70.80998911041408, 31.22436900305462], [70.81040888368045, 31.224363092937338], [70.81041576189907, 31.224723828555916], [70.81083553663446, 31.224717916986048], [70.81084929662828, 31.225439387991315], [70.8104295187074, 31.22544529972821], [70.81043639729708, 31.225806035281924], [70.8112759562007, 31.225794210271943], [70.81128972012249, 31.226515680980405], [70.81045015484753, 31.226527506324494], [70.81046391289276, 31.227248977280563], [70.80962434075145, 31.22726079748189]]]}, "properties": {"direction": "decrease", "areaHa": 6.56, "before": -15.42954158782959, "after": -20.382356643676758, "change": -4.952815532684326, "clearObservationsBefore": 3.0, "clearObservationsAfter": 2.0, "centroid": [70.8097509406216, 31.225036825674614]}}, {"type": "Feature", "id": 124, "geometry": {"type": "Polygon", "coordinates": [[[70.82496914828657, 31.217301451223715], [70.82494835425409, 31.216219251808386], [70.82452862036442, 31.21622520799044], [70.82452169086153, 31.215864474724565], [70.82410195843923, 31.21587042945389], [70.82408810299114, 31.21514896268893], [70.82366837362814, 31.21515491588145], [70.82364759616593, 31.214072715319382], [70.82448704521615, 31.21406080807059], [70.8244731878302, 31.213339341257527], [70.82489290898484, 31.21333338574873], [70.82488597888701, 31.2129726523939], [70.82530569832527, 31.212966695600848], [70.82529183532009, 31.212245228994632], [70.82571155145028, 31.212239271001543], [70.82567688816059, 31.210435604528296], [70.8260965962081, 31.210429645587865], [70.82615900669865, 31.21367624409233], [70.8257392843262, 31.21368220379064], [70.82575315151226, 31.214403670055372], [70.82491370002606, 31.214415585683383], [70.82492756134337, 31.2151370521983], [70.82534729033256, 31.215131094900183], [70.82538888682771, 31.21729549342053], [70.82496914828657, 31.217301451223715]]]}, "properties": {"direction": "decrease", "areaHa": 6.56, "before": -10.506908416748047, "after": -18.3844051361084, "change": -7.87749719619751, "clearObservationsBefore": 3.0, "clearObservationsAfter": 2.0, "centroid": [70.82508650055352, 31.214083127252955]}}, {"type": "Feature", "id": 125, "geometry": {"type": "Polygon", "coordinates": [[[70.7427377425196, 31.22060725076065], [70.74273112241826, 31.22024650164672], [70.74315089280604, 31.220240811723475], [70.74314427123117, 31.21988006266843], [70.7435640399073, 31.219874371456584], [70.74355079392969, 31.21915287344275], [70.74313102843864, 31.219158564493778], [70.74312440722099, 31.21879781537416], [70.74270464320337, 31.218803504975824], [70.74269802369724, 31.218442755754303], [70.74479683463206, 31.21841429445872], [70.74478358005273, 31.21769279675542], [70.74520333869744, 31.21768710055053], [70.74520996751991, 31.218047849332464], [70.7456297276378, 31.218042151678187], [70.74562309722293, 31.217681402976762], [70.74646261391618, 31.217670003722624], [70.7464758812348, 31.218391500781784], [70.74605611976298, 31.218397201254383], [70.74606938437388, 31.219118698388552], [70.74648914903062, 31.219112997754856], [70.74649578310748, 31.2194737462091], [70.74733531524807, 31.219462340673704], [70.7473419526293, 31.219823088945272], [70.7444035769022, 31.2198629849259], [70.7444102032548, 31.220223733739637], [70.74315089280604, 31.220240811723475], [70.74315751449998, 31.220601560757007], [70.7427377425196, 31.22060725076065]], [[70.74481008968812, 31.219135792075942], [70.7452298547026, 31.219130095549097], [70.7452165964616, 31.218408598092857], [70.74479683463206, 31.21841429445872], [70.74481008968812, 31.219135792075942]]]}, "properties": {"direction": "decrease", "areaHa": 6.4, "before": -10.240514755249023, "after": -17.607898712158203, "change": -7.367383003234863, "clearObservationsBefore": 3.0, "clearObservationsAfter": 2.0, "centroid": [70.74488254671404, 31.21908068003247]}}, {"type": "Feature", "id": 126, "geometry": {"type": "Polygon", "coordinates": [[[70.82057179567613, 31.097205756751833], [70.82053738612781, 31.095402052870046], [70.8209565887974, 31.095396130295043], [70.82094282268017, 31.094674648758993], [70.82136202206105, 31.094668724989646], [70.82132760102407, 31.092865021191322], [70.8217467923695, 31.092859096479437], [70.82170548172044, 31.090694651712724], [70.82212466344903, 31.0906887261424], [70.82211089105985, 31.089967244548674], [70.82253006950044, 31.08996131778437], [70.82251629444302, 31.08923983627221], [70.82293546959568, 31.089233908313982], [70.8229905854569, 31.092119833172934], [70.8234097731421, 31.092113903181055], [70.82341666476492, 31.092474643607325], [70.82257828610618, 31.092486502397072], [70.82258517468857, 31.092847242969693], [70.822165983591, 31.092853170405565], [70.82218664533522, 31.093935392245786], [70.82176744936686, 31.093941318571446], [70.82178810747952, 31.095023540469228], [70.82136890664013, 31.095029465684565], [70.82137579134313, 31.09539020635791], [70.8209565887974, 31.095396130295043], [70.82099100625831, 31.09719983375746], [70.82057179567613, 31.097205756751833]]]}, "properties": {"direction": "decrease", "areaHa": 6.4, "before": -12.597322463989258, "after": -19.619762420654297, "change": -7.022442817687988, "clearObservationsBefore": 3.0, "clearObservationsAfter": 2.0, "centroid": [70.8219950134133, 31.092684228020538]}}, {"type": "Feature", "id": 127, "geometry": {"type": "Polygon", "coordinates": [[[70.85416957208496, 30.905120909973625], [70.85416261591912, 30.904760165314507], [70.85374425417679, 30.904766162743215], [70.8537303453558, 30.904044673189848], [70.85331198662277, 30.90405066909626], [70.85329112903283, 30.90296843434893], [70.85370948306411, 30.902962438698168], [70.8537025292175, 30.902601693824522], [70.8541208815563, 30.90259569690723], [70.85410001606685, 30.901513462412673], [70.85451836357895, 30.9015074643994], [70.85451140709938, 30.901146719610047], [70.85492975291905, 30.90114072033036], [70.85492279499779, 30.900779975604717], [70.85534113912504, 30.900773975058645], [70.85537593782064, 30.902577698044897], [70.85579428965796, 30.902571695720617], [70.85580821314845, 30.903293184593622], [70.85538985817675, 30.903299187088532], [70.85540377903453, 30.90402067604596], [70.8549854208029, 30.904026677359674], [70.85499933902776, 30.90474816640149], [70.85458097753613, 30.904754166533927], [70.8545879352693, 30.90511491110779], [70.85416957208496, 30.905120909973625]]]}, "properties": {"direction": "decrease", "areaHa": 6.4, "before": -13.687626838684082, "after": -19.723026275634766, "change": -6.035398006439209, "clearObservationsBefore": 3.0, "clearObservationsAfter": 2.0, "centroid": [70.85456936557051, 30.903067394406275]}}, {"type": "Feature", "id": 128, "geometry": {"type": "Polygon", "coordinates": [[[70.81728850854644, 31.188904428800726], [70.81727471946857, 31.188182956272993], [70.81685510755554, 31.188188882651847], [70.81682753724678, 31.186745937001866], [70.81640793156875, 31.186751861678562], [70.81638725990776, 31.185669651962847], [70.81680686081688, 31.185663727537424], [70.81673794744096, 31.182056361251103], [70.81715753233156, 31.182050436296464], [70.81714374796516, 31.181328962947386], [70.81798291101732, 31.181317109272968], [70.81800359728865, 31.182399318761348], [70.81758401105668, 31.182405246533364], [70.81761158813062, 31.18384819255052], [70.81719199541706, 31.183854119290913], [70.81721267475609, 31.184936328828226], [70.81763227223814, 31.184930401836453], [70.81767364380158, 31.187094819824704], [70.81725403678179, 31.187100747319263], [70.81726782511566, 31.1878222199767], [70.81768743531491, 31.187816292314537], [70.81770812351513, 31.18889850088715], [70.81728850854644, 31.188904428800726]]]}, "properties": {"direction": "decrease", "areaHa": 6.24, "before": -9.25951099395752, "after": -18.09262466430664, "change": -8.833118438720703, "clearObservationsBefore": 3.0, "clearObservationsAfter": 2.0, "centroid": [70.817206321781, 31.18488557791869]}}, {"type": "Feature", "id": 129, "geometry": {"type": "Polygon", "coordinates": [[[70.76869652727858, 31.171539705173277], [70.7686697051101, 31.170096717689646], [70.7682501617697, 31.170102482601404], [70.76824345811765, 31.169741735595125], [70.76866299986953, 31.169735970764876], [70.76865629474958, 31.1693752238186], [70.76907583479235, 31.169369457703663], [70.76906912820453, 31.169008710817387], [70.76948866653822, 31.169002943417784], [70.76949537471447, 31.16936369022249], [70.7707539937567, 31.16934637958167], [70.77074728081509, 31.168985633021766], [70.77116681866592, 31.168979860157368], [70.77115338996812, 31.168258367136243], [70.77157292452134, 31.168252593068978], [70.77155949312997, 31.16753110012503], [70.7719790243857, 31.167525324854953], [70.77199917641904, 31.168607563993532], [70.77157964039823, 31.168613339508642], [70.7716132215949, 31.17041707138387], [70.77035458898057, 31.170434390956814], [70.77037472485104, 31.171516630558283], [70.76869652727858, 31.171539705173277]], [[70.76993504453426, 31.170440161415247], [70.77035458898057, 31.170434390956814], [70.77034116567057, 31.169712897781462], [70.7695020830114, 31.169724437005655], [70.769508791429, 31.1700851837673], [70.76992833440744, 31.170079414756735], [70.76993504453426, 31.170440161415247]]]}, "properties": {"direction": "decrease", "areaHa": 6.24, "before": -12.74458122253418, "after": -18.913421630859375, "change": -6.168842315673828, "clearObservationsBefore": 3.0, "clearObservationsAfter": 2.0, "centroid": [70.77013594309462, 31.169960909992653]}}, {"type": "Feature", "id": 130, "geometry": {"type": "Polygon", "coordinates": [[[70.79881347713429, 31.099676345234247], [70.79880667653909, 31.099315600295327], [70.79838745151807, 31.09932145150401], [70.79833986185741, 31.09679623574816], [70.79875907579932, 31.096790385119473], [70.79874547668932, 31.096068894875273], [70.80000310828511, 31.096051335313014], [70.80000991252668, 31.096412080197194], [70.80042912439633, 31.096406224202415], [70.80046315535438, 31.098209947885447], [70.8000439355714, 31.098215804294917], [70.80005754564651, 31.09893729378313], [70.79963832257552, 31.098943148996074], [70.79964512621397, 31.099303893790786], [70.79922590143774, 31.099309747724256], [70.79923270361579, 31.099670492580287], [70.79881347713429, 31.099676345234247]]]}, "properties": {"direction": "decrease", "areaHa": 6.24, "before": -10.407126426696777, "after": -20.21256446838379, "change": -9.805439949035645, "clearObservationsBefore": 3.0, "clearObservationsAfter": 2.0, "centroid": [70.79934092803236, 31.097712125894326]}}, {"type": "Feature", "id": 131, "geometry": {"type": "Polygon", "coordinates": [[[70.80032452414615, 31.068622960484472], [70.8002973329637, 31.067179974845722], [70.8007164164917, 31.067174122844932], [70.8007028184741, 31.06645263006217], [70.8011218987192, 31.066446776866588], [70.80109469783186, 31.065003791374313], [70.80067562390745, 31.065009644238142], [70.80066882557172, 31.06464889772829], [70.80108789791602, 31.064643044947392], [70.80108109812261, 31.064282298498938], [70.80150016876443, 31.064276444440452], [70.80147976537849, 31.063194205214696], [70.80189883115786, 31.063188350044623], [70.80192604223741, 31.06463133530399], [70.80276418606897, 31.06461962021846], [70.8027709923052, 31.06498036631344], [70.80319006561731, 31.064974506646845], [70.80320368161756, 31.065695998606135], [70.80278460514518, 31.065701858438796], [70.80279141174894, 31.066062604469153], [70.80237233357386, 31.06606846302424], [70.80237913871993, 31.066429209116073], [70.80154097884189, 31.066440922310377], [70.80156138553349, 31.067523160954543], [70.80114230067, 31.067529015759632], [70.8011559025826, 31.068250508247292], [70.80073681443598, 31.068256361857554], [70.80074361399552, 31.06861710815202], [70.80032452414615, 31.068622960484472]]]}, "properties": {"direction": "decrease", "areaHa": 6.24, "before": -13.142074584960938, "after": -18.817527770996094, "change": -5.675454139709473, "clearObservationsBefore": 3.0, "clearObservationsAfter": 2.0, "centroid": [70.80158951811237, 31.065880491842194]}}, {"type": "Feature", "id": 132, "geometry": {"type": "Polygon", "coordinates": [[[70.83726932748974, 31.049699061811644], [70.83726239523054, 31.049338321788618], [70.83684339839407, 31.04934428946241], [70.83683646783841, 31.04898354933321], [70.83599847694872, 31.048995480432815], [70.83600540434689, 31.049356220731124], [70.83474841234087, 31.049374107436968], [70.83472764472894, 31.048291885716722], [70.83514663745278, 31.048285925094532], [70.83513278984393, 31.04756444400876], [70.83555177928581, 31.047558482196003], [70.83554485408973, 31.04719774170525], [70.83596384182836, 31.0471917786175], [70.83595691517837, 31.04683103818968], [70.83637590121371, 31.046825073826945], [70.83636897310988, 31.04646433346208], [70.83720694164931, 31.0464524008273], [70.83721387291023, 31.046813141023012], [70.83805184410762, 31.04680120278112], [70.83805877865045, 31.047161942786033], [70.8376397915356, 31.047167912671345], [70.83765365783854, 31.047889392785635], [70.83723466744165, 31.047895361480638], [70.83726239523054, 31.049338321788618], [70.83768139194223, 31.049332352755208], [70.83768832578018, 31.049693092693627], [70.83726932748974, 31.049699061811644]], [[70.83557255562205, 31.04864070353878], [70.83599154967524, 31.048634740112927], [70.83598462252648, 31.048273999771435], [70.83556563005196, 31.04827996311277], [70.83557255562205, 31.04864070353878]]]}, "properties": {"direction": "decrease", "areaHa": 6.24, "before": -11.80751895904541, "after": -18.132307052612305, "change": -6.324790000915527, "clearObservationsBefore": 3.0, "clearObservationsAfter": 2.0, "centroid": [70.83635073452803, 31.048032858489783]}}, {"type": "Feature", "id": 133, "geometry": {"type": "Polygon", "coordinates": [[[70.80165184420544, 30.938700422550387], [70.8016247722007, 30.937257408916444], [70.80204328756679, 30.93725157454348], [70.80201621123275, 30.935808560897247], [70.80243472019684, 30.93580272550211], [70.80242117962165, 30.935081218715847], [70.80200267379742, 30.935087053945214], [70.80199590526267, 30.93472630043696], [70.80241440951701, 30.934720465290486], [70.80240763953435, 30.93435971184365], [70.80324464453743, 30.934348037655745], [70.8032581909042, 30.93506954419628], [70.80367669636246, 30.93506370490607], [70.80368347129877, 30.935424458061163], [70.80410197820488, 30.93541861733439], [70.8041087548332, 30.935779370385017], [70.80369024635716, 30.935785211194762], [70.8036970215376, 30.936145964306867], [70.80327851136957, 30.936151803845927], [70.8032988329332, 30.937234063302174], [70.8037173478113, 30.93722822351428], [70.80372412347998, 30.937588976540432], [70.80330560703182, 30.937594816411277], [70.80331238125247, 30.937955569498897], [70.80289386311215, 30.937961408098925], [70.8029006358847, 30.938322161247985], [70.80248211605223, 30.93832799857716], [70.80248888737665, 30.93868875178764], [70.80165184420544, 30.938700422550387]]]}, "properties": {"direction": "decrease", "areaHa": 6.24, "before": -12.71518611907959, "after": -18.393714904785156, "change": -5.678526878356934, "clearObservationsBefore": 3.0, "clearObservationsAfter": 2.0, "centroid": [70.80270121784774, 30.936562353351114]}}, {"type": "Feature", "id": 134, "geometry": {"type": "Polygon", "coordinates": [[[70.84275018592628, 30.8551264327617], [70.84272948727218, 30.85404418336887], [70.84231134312708, 30.854050135055637], [70.84226306156334, 30.8515248851268], [70.84184492823714, 30.85153083487181], [70.84183113774992, 30.850809334529266], [70.84224926794974, 30.850803384953547], [70.84225616469438, 30.85116413505093], [70.84267429633306, 30.85115818404152], [70.84266739802526, 30.850797434028802], [70.84308552797641, 30.850791481755035], [70.8430924278474, 30.851152231683063], [70.84267429633306, 30.85115818404152], [70.84268809332173, 30.851879684002412], [70.84352436247889, 30.851867777597676], [70.84353816621804, 30.852589277133763], [70.84395630373656, 30.852583321738333], [70.8439701111, 30.853304821018895], [70.84438825162073, 30.853298864104865], [70.84440896828939, 30.854381112610124], [70.84399082307849, 30.854387069778408], [70.84400463168636, 30.85510856884385], [70.84275018592628, 30.8551264327617]]]}, "properties": {"direction": "decrease", "areaHa": 6.24, "before": -15.156352996826172, "after": -20.252609252929688, "change": -5.096251487731934, "clearObservationsBefore": 3.0, "clearObservationsAfter": 2.0, "centroid": [70.84313733986689, 30.85321953964948]}}, {"type": "Feature", "id": 135, "geometry": {"type": "Polygon", "coordinates": [[[70.72342858003378, 30.778463198322047], [70.72342214655734, 30.77810242080074], [70.72258646145339, 30.778113527717768], [70.72258003120875, 30.777752750016877], [70.72174434875667, 30.7777638513939], [70.72173792174372, 30.77740307351354], [70.72132008190167, 30.777408622104822], [70.72131365656246, 30.7770478441241], [70.72173149484668, 30.777042295611867], [70.72171864140033, 30.776320739744627], [70.72130080623168, 30.776326288098748], [70.72129438124013, 30.77596551005411], [70.72087654751336, 30.775971056983813], [70.72086370099329, 30.77524950067256], [70.72044587026609, 30.775255046098888], [70.7204394487375, 30.77489426783229], [70.72002161945214, 30.7748998118343], [70.72001519959701, 30.77453903346741], [70.71917954379425, 30.774550117277606], [70.71916671066178, 30.773828560164045], [70.71958453550582, 30.773823019089495], [70.7195909535718, 30.77418379757796], [70.72084443208205, 30.774167166045917], [70.72086370099329, 30.77524950067256], [70.72128153160465, 30.77524395390093], [70.72128795636445, 30.775604731988164], [70.72212362035489, 30.77559363425084], [70.72213004834602, 30.775954412158647], [70.72338354813523, 30.775937755225364], [70.72339641381184, 30.776659310502392], [70.72297857754923, 30.77666486431709], [70.72298500900376, 30.777025642002773], [70.72340284682417, 30.777020088108927], [70.72340927995253, 30.777380865694166], [70.72382711921473, 30.777375310375774], [70.72383998893527, 30.77809686532403], [70.72425783119715, 30.778091308501878], [70.72426426778941, 30.77845208586486], [70.72342858003378, 30.778463198322047]]]}, "properties": {"direction": "decrease", "areaHa": 6.24, "before": -11.841776847839355, "after": -17.983503341674805, "change": -6.141725063323975, "clearObservationsBefore": 3.0, "clearObservationsAfter": 2.0, "centroid": [70.7220150243381, 30.776413966131887]}}, {"type": "Feature", "id": 136, "geometry": {"type": "Polygon", "coordinates": [[[70.75965711172094, 31.249965421909877], [70.75965041964926, 31.249604677712817], [70.76007031605498, 31.24959892774267], [70.76006362250874, 31.249238183605254], [70.76048351719926, 31.249232432345767], [70.76047012727821, 31.24851094416869], [70.76089001865873, 31.24850519170116], [70.76087662602967, 31.247783703600312], [70.7612965141003, 31.247777949924803], [70.76128981637164, 31.247417205923302], [70.76170970272713, 31.247411450958605], [70.76170300352423, 31.24705070701682], [70.7621228881646, 31.247044950762987], [70.76211618748749, 31.246684206880936], [70.76253607041274, 31.246678449338017], [70.7625293682615, 31.24631770551571], [70.76294924947162, 31.24631194668374], [70.7629425458463, 31.245951202921194], [70.7633624253413, 31.2459454428002], [70.76335572024196, 31.24558469909745], [70.76377559802185, 31.24557893768748], [70.76376889144854, 31.24521819404453], [70.76418876751332, 31.245212431345614], [70.76420889237868, 31.246294661965607], [70.76378901153024, 31.246300424908682], [70.76380242552098, 31.24702191204364], [70.7633825413627, 31.24702767377908], [70.76338924694429, 31.247388417395594], [70.76296936107077, 31.24739417784198], [70.76297606517822, 31.24775492151828], [70.76255617758949, 31.247760680675576], [70.76256288022275, 31.248121424411643], [70.76214299091876, 31.24812718227981], [70.76214969207778, 31.24848792607563], [70.76172980105855, 31.248493682654626], [70.76173650074327, 31.24885442651019], [70.76131660800878, 31.248860181799962], [70.76132330621914, 31.24922092571523], [70.7609034117694, 31.249226679715765], [70.76091680536169, 31.24994816764414], [70.75965711172094, 31.249965421909877]]]}, "properties": {"direction": "decrease", "areaHa": 6.08, "before": -13.643089294433594, "after": -19.825525283813477, "change": -6.182435989379883, "clearObservationsBefore": 3.0, "clearObservationsAfter": 2.0, "centroid": [70.76212291971387, 31.247643188362936]}}, {"type": "Feature", "id": 137, "geometry": {"type": "Polygon", "coordinates": [[[70.82392925531747, 30.943439800840974], [70.82387443374608, 30.94055381098957], [70.82429295831085, 30.940547904031764], [70.82430666610358, 30.94126940145593], [70.82472519368544, 30.941263492976436], [70.82470462747078, 30.94018124705964], [70.82596019534292, 30.940163514253445], [70.82597391545066, 30.94088501104911], [70.82639244096806, 30.940879097238074], [70.82641302676748, 30.941961342018146], [70.82557596618722, 30.941973168790273], [70.82559654367682, 30.94305541388055], [70.82475947317992, 30.943067235740678], [70.82476632944933, 30.943427984228954], [70.82392925531747, 30.943439800840974]]]}, "properties": {"direction": "decrease", "areaHa": 6.08, "before": -10.019587516784668, "after": -18.512788772583008, "change": -8.493202209472656, "clearObservationsBefore": 3.0, "clearObservationsAfter": 2.0, "centroid": [70.82499836462189, 30.941724941279542]}}, {"type": "Feature", "id": 138, "geometry": {"type": "Polygon", "coordinates": [[[70.84152592886859, 30.878598943737714], [70.84150522473466, 30.87751669752451], [70.84066873196186, 30.877528599753973], [70.84066183396311, 30.877167850803964], [70.84024358895546, 30.87717379980843], [70.84023669264624, 30.876813050752283], [70.83940020538854, 30.876824944540793], [70.8393864194037, 30.876103446025702], [70.83980465996432, 30.876097499975767], [70.83979776559309, 30.875736750770496], [70.84021600446432, 30.875730803454765], [70.84022290040069, 30.876091552575456], [70.841477620964, 30.876073702272294], [70.84147072033225, 30.875712953405447], [70.84105248183394, 30.87571890477224], [70.84104558289167, 30.875358155799248], [70.84188205663372, 30.875346251884594], [70.84189586090307, 30.8760677494705], [70.841477620964, 30.876073702272294], [70.8414845217201, 30.876434451117635], [70.84232100460417, 30.876422543994355], [70.84231410071776, 30.876061795318336], [70.842732340408, 30.87605583981582], [70.84273924585958, 30.87641658840714], [70.84232100460417, 30.876422543994355], [70.842327908615, 30.876783292648845], [70.84274615143559, 30.87677733697693], [70.84275305713606, 30.87713808552521], [70.84358954553423, 30.877126169960743], [70.84359645448963, 30.877486918318045], [70.84317820878755, 30.877492876860224], [70.84318511630221, 30.87785362528075], [70.84276686891037, 30.87785958255719], [70.84277377498422, 30.8782203310409], [70.84193727669665, 30.878232241711782], [70.84194417976433, 30.878592990343343], [70.84152592886859, 30.878598943737714]]]}, "properties": {"direction": "decrease", "areaHa": 6.08, "before": -16.337661743164062, "after": -20.46166229248047, "change": -4.124002456665039, "clearObservationsBefore": 3.0, "clearObservationsAfter": 2.0, "centroid": [70.84149397090212, 30.87692810805074]}}, {"type": "Feature", "id": 139, "geometry": {"type": "Polygon", "coordinates": [[[70.84174614124335, 30.82446856975833], [70.84173925369288, 30.824107818069695], [70.84132123909008, 30.82411376138325], [70.84130746748376, 30.823392257772284], [70.84172547896443, 30.823386314627946], [70.84171170473267, 30.822664811100204], [70.84212971296719, 30.822658866777534], [70.84211593611023, 30.821937363333035], [70.8425339410987, 30.821931417832108], [70.84252705129559, 30.821570666162252], [70.84294505459894, 30.82156471939849], [70.8429381633592, 30.821203967791796], [70.84335616497742, 30.821198019765248], [70.8433492723011, 30.820837268221716], [70.84376727223423, 30.820831318932424], [70.84375348413278, 30.820109815950264], [70.84417148082004, 30.82010386548296], [70.844164585395, 30.819743114044336], [70.8445825803972, 30.819737162314375], [70.84461016908642, 30.82118016760095], [70.84419216784107, 30.821186119669832], [70.8441990637634, 30.82154687102245], [70.84378106083288, 30.821552821828604], [70.84378795531863, 30.821913573244426], [70.84336995070292, 30.821919522787812], [70.84339063022321, 30.8230017771604], [70.84297262080037, 30.823007725610324], [70.84299329675609, 30.82408998004345], [70.8425752825259, 30.82409592739981], [70.84258217319856, 30.824456678919177], [70.84174614124335, 30.82446856975833]]]}, "properties": {"direction": "decrease", "areaHa": 5.92, "before": -14.246100425720215, "after": -19.8580265045166, "change": -5.611926078796387, "clearObservationsBefore": 3.0, "clearObservationsAfter": 2.0, "centroid": [70.84293197198616, 30.822359763326766]}}, {"type": "Feature", "id": 140, "geometry": {"type": "Polygon", "coordinates": [[[70.79496307585559, 30.804556650348637], [70.79495636849532, 30.804195888165083], [70.79453842923215, 30.804201677186008], [70.79453172355248, 30.803840914898583], [70.79494966125597, 30.803835125960102], [70.79494295413757, 30.803474363733724], [70.79452501799372, 30.803480152589756], [70.79449819696781, 30.802037103140236], [70.7957519863216, 30.80201973352169], [70.79575869607531, 30.80238049566884], [70.79659455815866, 30.802368909025393], [70.79660127115248, 30.802729670986125], [70.79701920357216, 30.80272387556202], [70.7970259182466, 30.803084637418785], [70.79786178584186, 30.803073042365725], [70.7978752217925, 30.803794565684736], [70.79745728493619, 30.803800364049703], [70.79746400153354, 30.80416112575965], [70.79537430763753, 30.804190097797505], [70.79538101655754, 30.804550859898594], [70.79496307585559, 30.804556650348637]]]}, "properties": {"direction": "decrease", "areaHa": 5.92, "before": -8.781661987304688, "after": -18.131500244140625, "change": -9.349838256835938, "clearObservationsBefore": 3.0, "clearObservationsAfter": 2.0, "centroid": [70.79592778083837, 30.80327053627319]}}, {"type": "Feature", "id": 141, "geometry": {"type": "Polygon", "coordinates": [[[70.74350014939786, 31.14770711055287], [70.74349354537216, 31.14734635749669], [70.74307409658063, 31.147352036652716], [70.74306749426054, 31.146991283494696], [70.74348694146528, 31.146985604419015], [70.7434803376772, 31.146624851319835], [70.74431922855666, 31.14661348923397], [70.7443126217139, 31.146252736274068], [70.74473206538862, 31.146247053263945], [70.74472545707802, 31.145886300362946], [70.7451448990471, 31.145880616068204], [70.74513828926872, 31.14551986322616], [70.74555772953222, 31.145514177646834], [70.74556434089729, 31.14587493040843], [70.74598378262853, 31.14586924338363], [70.74597716967678, 31.145508490702497], [70.74639660970234, 31.145502802393164], [70.74638999528294, 31.14514204977101], [70.74722887180376, 31.14513066921835], [70.7472222543301, 31.144769916735733], [70.74848056345849, 31.14475283591108], [70.74848718569197, 31.145113588152018], [70.74806774784834, 31.145119283205776], [70.74807436861434, 31.14548003550579], [70.74723548939646, 31.145491421679477], [70.74724872493907, 31.14621292653723], [70.74682928197815, 31.146218617737627], [70.74683589834133, 31.146579370214784], [70.74557756398428, 31.14659643586716], [70.7455841757062, 31.146957188564286], [70.74516472909582, 31.146962874465395], [70.7451713393499, 31.14732362722147], [70.74475189103377, 31.147329311837943], [70.74475849981997, 31.147690064652952], [70.74350014939786, 31.14770711055287]]]}, "properties": {"direction": "decrease", "areaHa": 5.76, "before": -10.572452545166016, "after": -17.75809097290039, "change": -7.185636520385742, "clearObservationsBefore": 3.0, "clearObservationsAfter": 2.0, "centroid": [70.7456299231636, 31.14627497624339]}}, {"type": "Feature", "id": 142, "geometry": {"type": "Polygon", "coordinates": [[[70.75415338073778, 31.133850419643693], [70.75414009937548, 31.133128916067424], [70.75455948308681, 31.13312320320753], [70.75455284099924, 31.132762451467997], [70.75497222300542, 31.13275673732466], [70.75496557945176, 31.132395985644504], [70.75538495975279, 31.132390270217744], [70.75537831473308, 31.132029518596966], [70.75663645016195, 31.132012364373836], [70.75662980050517, 31.13165161297432], [70.75704917715666, 31.131645892252397], [70.757042526034, 31.131285140912347], [70.75830065051377, 31.131267970804174], [70.75832061851064, 31.132350224030798], [70.75748185946392, 31.13236167261986], [70.75748851253121, 31.132722423814403], [70.75664974983448, 31.132733867108335], [70.75665639985023, 31.133094618443334], [70.75707578284405, 31.13308889739754], [70.7570824345651, 31.133449648630073], [70.7566630499856, 31.133455369756817], [70.75666970024066, 31.133816121048817], [70.75625031395582, 31.133821840892175], [70.75624366528646, 31.133461089519237], [70.75540489552931, 31.13347252495107], [70.75541154102729, 31.13383327648585], [70.75415338073778, 31.133850419643693]]]}, "properties": {"direction": "decrease", "areaHa": 5.76, "before": -9.15805435180664, "after": -18.032894134521484, "change": -8.874839782714844, "clearObservationsBefore": 3.0, "clearObservationsAfter": 2.0, "centroid": [70.75628657251893, 31.13262856261548]}}, {"type": "Feature", "id": 143, "geometry": {"type": "Polygon", "coordinates": [[[70.7873454367832, 31.114269538806443], [70.78731839295378, 31.11282655311642], [70.78689910593133, 31.112832369223614], [70.78689234686205, 31.112471622664938], [70.78647306130188, 31.112477437326667], [70.78645278957539, 31.111395197274387], [70.78687207038394, 31.11138938285961], [70.78686531180115, 31.111028636214773], [70.78770386988576, 31.111017003460702], [70.78771739350825, 31.111738496399475], [70.78855595744142, 31.11172685786365], [70.78856948788612, 31.112448350386718], [70.78898877283787, 31.11244252890934], [70.7890023069374, 31.113164021181383], [70.78942159493523, 31.113158198176002], [70.78942836375164, 31.11351894419729], [70.78900907416984, 31.1135247672851], [70.78901584152405, 31.113885513367272], [70.78859655023646, 31.113891335174323], [70.78860331612842, 31.114252081317375], [70.7873454367832, 31.114269538806443]]]}, "properties": {"direction": "decrease", "areaHa": 5.76, "before": -12.647417068481445, "after": -18.014739990234375, "change": -5.36732292175293, "clearObservationsBefore": 3.0, "clearObservationsAfter": 2.0, "centroid": [70.78782860606255, 31.112699198365675]}}, {"type": "Feature", "id": 144, "geometry": {"type": "Polygon", "coordinates": [[[70.82080432656286, 30.888995964696147], [70.8207497165858, 30.886109945512136], [70.82033142806827, 30.88611583170267], [70.82031095605444, 30.88503357390298], [70.81989267211182, 30.88503945849155], [70.81987902784924, 30.88431795301695], [70.82029730866012, 30.88431206859571], [70.82028366175767, 30.883590563202485], [70.81986538407847, 30.883596447456394], [70.81985174079944, 30.882874941809863], [70.82027001534709, 30.882869057723298], [70.8202768384909, 30.883229810473633], [70.82069511448134, 30.883223924952585], [70.82070876426945, 30.883945430221427], [70.82112704326849, 30.88393954318218], [70.82114069668032, 30.884661048197632], [70.82155897868805, 30.884655159640076], [70.8216204392255, 30.887901930392193], [70.8212021431237, 30.887907819703297], [70.82122262748626, 30.888990076484962], [70.82080432656286, 30.888995964696147]]]}, "properties": {"direction": "decrease", "areaHa": 5.6, "before": -11.952845573425293, "after": -19.935264587402344, "change": -7.982419490814209, "clearObservationsBefore": 3.0, "clearObservationsAfter": 2.0, "centroid": [70.82086789789628, 30.885721679800184]}}, {"type": "Feature", "id": 145, "geometry": {"type": "Polygon", "coordinates": [[[70.85205157710284, 30.88205716848697], [70.85204463521707, 30.881696422108284], [70.85162637322617, 30.8817024086804], [70.85161943303105, 30.881341662195037], [70.85036465100461, 30.881359613552284], [70.85035771563106, 30.880998866790144], [70.84993945627109, 30.881004847789605], [70.84993252258802, 30.880644100920893], [70.84867774845489, 30.880662035560565], [70.84866389085626, 30.879940541248494], [70.84908214589464, 30.87993456455583], [70.84906135573708, 30.878852323181203], [70.84947960595446, 30.878846345393], [70.84946574334326, 30.87812485120561], [70.84988399030513, 30.878118872236954], [70.84987012506309, 30.877397378133463], [70.85028836876954, 30.877391397984425], [70.85028143477074, 30.877030650985418], [70.85069967678702, 30.87702466957102], [70.85071354804, 30.877746163377385], [70.85029530289331, 30.8777521449619], [70.85030223714205, 30.878112891917837], [70.84988399030513, 30.878118872236954], [70.84989785604692, 30.878840366254305], [70.84947960595446, 30.878846345393], [70.84948653744743, 30.87920709245442], [70.84990478910524, 30.8792011132307], [70.84991865559672, 30.87992260711886], [70.85033691026035, 30.879916626374538], [70.85034384525893, 30.880277373201274], [70.85201686892502, 30.88025343637814], [70.85203769345641, 30.881335675708048], [70.85245595375667, 30.881329687870426], [70.8524698405342, 30.882051180479067], [70.85205157710284, 30.88205716848697]]]}, "properties": {"direction": "decrease", "areaHa": 5.6, "before": -14.45801830291748, "after": -19.933988571166992, "change": -5.475967884063721, "clearObservationsBefore": 3.0, "clearObservationsAfter": 2.0, "centroid": [70.85041747077854, 30.880064977247667]}}, {"type": "Feature", "id": 146, "geometry": {"type": "Polygon", "coordinates": [[[70.80785046562043, 31.04542382293099], [70.80783682545443, 31.04470233055435], [70.80825580873126, 31.04469645786355], [70.80824216589946, 31.043974965567266], [70.80866114589654, 31.043969091683543], [70.80864750039913, 31.0432475994676], [70.80906647711659, 31.04324172439104], [70.80904600505667, 31.042159486155434], [70.80946497691629, 31.042153609969397], [70.80945132633406, 31.041432117871206], [70.80903235763095, 31.041437993890632], [70.8090391812824, 31.041798740033805], [70.8086202108782, 31.04180461477723], [70.8085997450271, 31.040722376033266], [70.80901871069663, 31.040716501539674], [70.80899824121644, 31.03963426285168], [70.80941720202875, 31.039628387248747], [70.80941037753628, 31.039267641059638], [70.80982933664765, 31.039261764180843], [70.80989077570675, 31.042508478357526], [70.80947180239171, 31.042514355986185], [70.80951275782478, 31.044678831634467], [70.80909377491646, 31.044684708403615], [70.80910059967357, 31.045045454352906], [70.80826263033137, 31.04505720397941], [70.80826945205428, 31.045417950073702], [70.80785046562043, 31.04542382293099]]]}, "properties": {"direction": "decrease", "areaHa": 5.44, "before": -11.975004196166992, "after": -18.365737915039062, "change": -6.390734672546387, "clearObservationsBefore": 3.0, "clearObservationsAfter": 2.0, "centroid": [70.80912515003452, 31.04243434507727]}}, {"type": "Feature", "id": 147, "geometry": {"type": "Polygon", "coordinates": [[[70.80032188702614, 30.934749627486873], [70.80030160099146, 30.933667365839153], [70.8007201010239, 30.933661536355512], [70.80069304840418, 30.932218520855677], [70.8002745546507, 30.932224350008095], [70.80025427117415, 30.93114208790923], [70.79983578200776, 30.93114791545982], [70.79982226343823, 30.93042640712093], [70.80065923537096, 30.93041475099754], [70.8006524731298, 30.93005399696146], [70.80107095734391, 30.93004816695252], [70.80109124914149, 30.931130428747835], [70.80150973794238, 30.931124597137018], [70.801523269556, 30.93184610472745], [70.80194176137422, 30.93184027159751], [70.8019620644179, 30.93292253257345], [70.80154356789062, 30.932928365951984], [70.80155033424596, 30.933289119650528], [70.80113183602703, 30.933294951758413], [70.80114536596383, 30.93401645925674], [70.80156386732234, 30.93401062698316], [70.80157740088637, 30.93473213422984], [70.80032188702614, 30.934749627486873]]]}, "properties": {"direction": "decrease", "areaHa": 5.44, "before": -12.05666446685791, "after": -17.534587860107422, "change": -5.477921009063721, "clearObservationsBefore": 3.0, "clearObservationsAfter": 2.0, "centroid": [70.80093009874788, 30.93238504468786]}}, {"type": "Feature", "id": 148, "geometry": {"type": "Polygon", "coordinates": [[[70.86510678352091, 31.015741689063695], [70.86509975568669, 31.01538095282683], [70.86426207236626, 31.015393055748056], [70.86421290313207, 31.012867900283304], [70.86463173382434, 31.01286185010227], [70.86463875919704, 31.013222586576255], [70.86589525524217, 31.01320442762996], [70.86590228546883, 31.01356516382478], [70.86632111880657, 31.01355910804156], [70.86632815073567, 31.013919844128875], [70.86674698552264, 31.0139137869021], [70.86676105291247, 31.01463525884006], [70.86634221497371, 31.014641316238656], [70.86634924728267, 31.015002052261124], [70.86593040764137, 31.015008108387907], [70.86594446948718, 31.015729580539794], [70.86510678352091, 31.015741689063695]]]}, "properties": {"direction": "decrease", "areaHa": 5.28, "before": -13.814287185668945, "after": -19.317771911621094, "change": -5.503484725952148, "clearObservationsBefore": 3.0, "clearObservationsAfter": 2.0, "centroid": [70.8653015298159, 31.014333796496818]}}, {"type": "Feature", "id": 149, "geometry": {"type": "Polygon", "coordinates": [[[70.7008007515662, 30.96460511657126], [70.7007943555873, 30.96424434515615], [70.69995704399128, 30.964255365659557], [70.69990590546612, 30.96136919231822], [70.70032454874243, 30.961363683370006], [70.70033094222738, 30.961724455034183], [70.70074958696081, 30.961718944652468], [70.70075598213327, 30.96207971621705], [70.70117462832386, 30.962074204401773], [70.70118102518389, 30.962434975866756], [70.7015996728316, 30.962429462617894], [70.70161247004218, 30.96315100532722], [70.70244977128144, 30.963139974450293], [70.70243696778124, 30.962418432054196], [70.70327426226962, 30.962407396069203], [70.70328066710684, 30.962768167121233], [70.70286201834793, 30.962773685869745], [70.70286842172811, 30.96313445697878], [70.70244977128144, 30.963139974450293], [70.70245617320452, 30.963500745616308], [70.70203752107008, 30.963506261810764], [70.702043921536, 30.96386703303375], [70.7016252677138, 30.963872547951134], [70.70163806584647, 30.964594090489623], [70.7008007515662, 30.96460511657126]], [[70.7007943555873, 30.96424434515615], [70.70121301121253, 30.964238832871313], [70.70120661377632, 30.96387806151311], [70.70078795972363, 30.96388357371969], [70.7007943555873, 30.96424434515615]]]}, "properties": {"direction": "decrease", "areaHa": 5.28, "before": -12.724944114685059, "after": -17.459762573242188, "change": -4.7348198890686035, "clearObservationsBefore": 3.0, "clearObservationsAfter": 2.0, "centroid": [70.701021488532, 30.963098647921367]}}, {"type": "Feature", "id": 150, "geometry": {"type": "Polygon", "coordinates": [[[70.85770488355813, 30.893162311726588], [70.85769095142696, 30.89244082250032], [70.85727264408638, 30.892446829192107], [70.85726567977544, 30.892086084461248], [70.8568473738757, 30.89209208971646], [70.85683344876294, 30.891370600019386], [70.85641514587036, 30.89137660375271], [70.85639426384091, 30.89029436878941], [70.85597596552162, 30.890300370915607], [70.85596900666219, 30.889939625799425], [70.85555070978369, 30.889945626489215], [70.85554375261582, 30.889584881266174], [70.8551254571781, 30.8895908805196], [70.85511154635073, 30.888869389838298], [70.8546932539199, 30.88887538757014], [70.85468630026028, 30.888514642111893], [70.85552288186445, 30.888502645467756], [70.8555298386562, 30.888863390755443], [70.85594813083631, 30.88885739032158], [70.85595508931954, 30.889218135502396], [70.85637338294036, 30.88921213363219], [70.85638034311512, 30.889572878706147], [70.8572169331127, 30.88956087074192], [70.85723086010319, 30.890282360483763], [70.8576491580461, 30.890276354304305], [70.85767005417168, 30.891358588499298], [70.85808835668779, 30.89135258071253], [70.85812319390597, 30.893156303512768], [70.85770488355813, 30.893162311726588]]]}, "properties": {"direction": "decrease", "areaHa": 5.28, "before": -13.483410835266113, "after": -19.82762908935547, "change": -6.3442182540893555, "clearObservationsBefore": 3.0, "clearObservationsAfter": 2.0, "centroid": [70.85676218445796, 30.890633541151313]}}, {"type": "Feature", "id": 151, "geometry": {"type": "Polygon", "coordinates": [[[70.71830540821044, 30.772396523163266], [70.71829899539561, 30.772035744331493], [70.71704554283792, 30.772052350229043], [70.7170327268997, 30.771330792028316], [70.71577928264634, 30.771347385346594], [70.71576007362196, 30.77026504717644], [70.71617788381657, 30.77025951765185], [70.7161650752632, 30.769537958922868], [70.71700068907671, 30.76952689615384], [70.71701350385919, 30.770248454567522], [70.71743131370717, 30.770242921007778], [70.71743772282909, 30.770603700103806], [70.71869115635124, 30.770587091117562], [70.71871039842694, 30.771669427567847], [70.71912821404176, 30.771663888312155], [70.71914104578553, 30.772385445681305], [70.71830540821044, 30.772396523163266]]]}, "properties": {"direction": "decrease", "areaHa": 5.28, "before": -12.364544868469238, "after": -18.25789451599121, "change": -5.893349647521973, "clearObservationsBefore": 3.0, "clearObservationsAfter": 2.0, "centroid": [70.71737596052304, 30.77104739713334]}}, {"type": "Feature", "id": 152, "geometry": {"type": "Polygon", "coordinates": [[[70.74548388605106, 31.210105675275415], [70.74547725825893, 31.209744926100527], [70.74589698163969, 31.20973922892932], [70.74589035237503, 31.209378479813424], [70.74714951702661, 31.209361380330797], [70.74713624930477, 31.208639882517748], [70.74587709420334, 31.208656981517077], [70.74588372322957, 31.209017730676006], [70.74546400303227, 31.209023427686184], [70.74544412108618, 31.20794117990328], [70.74712298206016, 31.207918384618615], [70.74711634861679, 31.20755763563676], [70.74879520131562, 31.20753481878103], [70.74880184112534, 31.207895567440417], [70.74838212653809, 31.20790127378747], [70.74841531941952, 31.209705017164783], [70.74589698163969, 31.20973922892932], [70.74590361102358, 31.210099978023703], [70.74548388605106, 31.210105675275415]]]}, "properties": {"direction": "decrease", "areaHa": 5.12, "before": -9.482013702392578, "after": -17.58328628540039, "change": -8.101272583007812, "clearObservationsBefore": 3.0, "clearObservationsAfter": 2.0, "centroid": [70.74717580281418, 31.208650619538286]}}, {"type": "Feature", "id": 153, "geometry": {"type": "Polygon", "coordinates": [[[70.82032941157375, 31.194273937091737], [70.82031559651188, 31.193552466386684], [70.81947632659887, 31.19356433943413], [70.81946942243468, 31.19320360388134], [70.8190497888821, 31.193209538270093], [70.81902908190499, 31.19212733123033], [70.81860945299871, 31.192133264000095], [70.81859565214815, 31.19141179236443], [70.8181760262979, 31.19141772359921], [70.81815533072286, 31.190335515732], [70.81773570951859, 31.19034144534802], [70.81772191626878, 31.189619973160816], [70.81856115219352, 31.189608112896906], [70.81856805193625, 31.18996884883364], [70.81898767130242, 31.189962916567055], [70.8190014743401, 31.190684388207952], [70.81942109676206, 31.1906784544064], [70.81944871068713, 31.192121397093228], [70.81986833934509, 31.192115461588823], [70.81988215023289, 31.19283693263471], [70.82030178194691, 31.192830995595152], [70.82030868916728, 31.19319173100172], [70.82072832234725, 31.193185792510857], [70.82073523128204, 31.19354652781187], [70.82115486592794, 31.193540587869673], [70.82116177657721, 31.193901323065102], [70.82158141268904, 31.193895381671542], [70.82158832505286, 31.194256116761352], [70.82032941157375, 31.194273937091737]]]}, "properties": {"direction": "decrease", "areaHa": 5.12, "before": -10.110260009765625, "after": -18.50173568725586, "change": -8.391475677490234, "clearObservationsBefore": 3.0, "clearObservationsAfter": 2.0, "centroid": [70.81934102155947, 31.191976345624774]}}, {"type": "Feature", "id": 154, "geometry": {"type": "Polygon", "coordinates": [[[70.81596106288293, 31.075259636470154], [70.81595420408549, 31.07489889358346], [70.816373317838, 31.07489298939865], [70.81636645758319, 31.074532246574005], [70.8172046815561, 31.074520434288615], [70.81719781826318, 31.074159691609747], [70.81845514855362, 31.074141963225166], [70.81844828064192, 31.07378122077591], [70.81886738891079, 31.073775308676133], [70.81886051954197, 31.073414566289067], [70.81927962610646, 31.0734086529121], [70.8192727552806, 31.073047910587235], [70.82011096487713, 31.07303607991804], [70.8201178388644, 31.073396822075292], [70.8205369450578, 31.073390904615458], [70.82052319404562, 31.072669420447053], [70.82094229695389, 31.07266350179398], [70.82093542005279, 31.07230275976127], [70.82135452125667, 31.072296839831147], [70.82134764289873, 31.071936097860746], [70.82218584177382, 31.071924254085634], [70.82219272329296, 31.072284995888232], [70.82261182412532, 31.072279071875432], [70.82262559069648, 31.07300055524805], [70.82094917397878, 31.07302424380511], [70.82095605112744, 31.073384985794664], [70.8205369450578, 31.073390904615458], [70.82055069656501, 31.07411238869756], [70.81929336812924, 31.074130137497118], [70.81930023932613, 31.074490879757278], [70.8176237933573, 31.07451452610439], [70.81763065835459, 31.07487526867798], [70.816373317838, 31.07489298939865], [70.8163801782163, 31.075253732201716], [70.81596106288293, 31.075259636470154]]]}, "properties": {"direction": "decrease", "areaHa": 5.12, "before": -12.893285751342773, "after": -18.234031677246094, "change": -5.3407440185546875, "clearObservationsBefore": 3.0, "clearObservationsAfter": 2.0, "centroid": [70.81979274360816, 31.07352544544246]}}, {"type": "Feature", "id": 155, "geometry": {"type": "Polygon", "coordinates": [[[70.8414061139318, 30.85045453246779], [70.84138543419527, 30.849372281474256], [70.84054918567918, 30.849384173203795], [70.84053540606155, 30.8486626720955], [70.84011728474326, 30.848668615767718], [70.84007595824836, 30.84650411141933], [70.84049407018915, 30.846498168254502], [70.84050095919075, 30.846858918948435], [70.8409190725702, 30.846852974350227], [70.84092596325885, 30.847213724938072], [70.84134407807696, 30.847207778906455], [70.841364755577, 30.84829003028712], [70.84178287495965, 30.84828408265281], [70.8417966637069, 30.849005583296478], [70.84221478609126, 30.84899963414398], [70.84222168221433, 30.849360384348913], [70.84263980603743, 30.84935443376283], [70.84266049984178, 30.850436683994566], [70.8414061139318, 30.85045453246779]]]}, "properties": {"direction": "decrease", "areaHa": 5.12, "before": -16.121232986450195, "after": -20.839975357055664, "change": -4.718742847442627, "clearObservationsBefore": 3.0, "clearObservationsAfter": 2.0, "centroid": [70.8412148641537, 30.848653018529067]}}, {"type": "Feature", "id": 156, "geometry": {"type": "Polygon", "coordinates": [[[70.82824083958558, 30.795791776403338], [70.82821352313414, 30.794348752194203], [70.8277956341738, 30.794354646760898], [70.8277819798045, 30.793633134359627], [70.82736409383863, 30.793639027412404], [70.82733679281213, 30.792196002016574], [70.82691891295796, 30.792201893387666], [70.82690526630041, 30.791480380393157], [70.82648738944042, 30.791486270250513], [70.82648056785479, 30.79112551363716], [70.82606269243037, 30.79113140206474], [70.8260558725263, 30.79077064534606], [70.82647374639215, 30.79076475700236], [70.82646010383594, 30.79004324366837], [70.82604223308708, 30.79004913184433], [70.82602859413979, 30.789327618256756], [70.82644646177175, 30.78932173024855], [70.82645328274235, 30.789682486969195], [70.82687115180974, 30.789676597531294], [70.8268779744618, 30.790037354146584], [70.82729584496461, 30.79003146327898], [70.82730266929819, 30.790392219788888], [70.82772054123643, 30.790386327491518], [70.82776149917389, 30.79255086559676], [70.82817938034053, 30.792544971449825], [70.82821352313414, 30.794348752194203], [70.82863141197133, 30.79434285628145], [70.82865873465822, 30.79578588015468], [70.82824083958558, 30.795791776403338]]]}, "properties": {"direction": "decrease", "areaHa": 5.12, "before": -12.403560638427734, "after": -18.919017791748047, "change": -6.515456676483154, "clearObservationsBefore": 3.0, "clearObservationsAfter": 2.0, "centroid": [70.82738627513237, 30.79204873327775]}}, {"type": "Feature", "id": 157, "geometry": {"type": "Polygon", "coordinates": [[[70.74147181054074, 31.22026356320236], [70.74145858025062, 31.219542064427824], [70.74103881257199, 31.219547748714348], [70.7410321991979, 31.219186999214482], [70.74061243299286, 31.219192682051737], [70.7406190447744, 31.219553431631905], [70.73977950882256, 31.219564793360025], [70.73975968338966, 31.21848254407339], [70.73933992001301, 31.21848822264326], [70.7393333133655, 31.218127472757786], [70.73849378944068, 31.218138825630305], [70.73852020400354, 31.21958182568482], [70.73810043549298, 31.219587500388432], [70.73809383326669, 31.219226750326893], [70.73767406622993, 31.21923242358135], [70.73764766488189, 31.21778942279942], [70.73806742554873, 31.217783749865603], [70.73806082391606, 31.217422999696506], [70.73932010042692, 31.21740597292227], [70.7393267068368, 31.217766722850783], [70.74016622710155, 31.217755364663095], [70.74017944664749, 31.218476864134587], [70.74101897280653, 31.2184655001502], [70.74102558594275, 31.21882624969309], [70.74144535043636, 31.218820565567196], [70.74145196528403, 31.219181315008264], [70.74187173125118, 31.21917562943309], [70.74189158128557, 31.220257877386164], [70.74147181054074, 31.22026356320236]]]}, "properties": {"direction": "decrease", "areaHa": 4.96, "before": -9.5684175491333, "after": -17.46576499938965, "change": -7.897348880767822, "clearObservationsBefore": 3.0, "clearObservationsAfter": 2.0, "centroid": [70.73955268747017, 31.21864248170127]}}, {"type": "Feature", "id": 158, "geometry": {"type": "Polygon", "coordinates": [[[70.79881598547989, 31.05529286981122], [70.79880919676486, 31.054932122388394], [70.79755210548754, 31.054949649533665], [70.79754532163267, 31.0545889018409], [70.79628823399423, 31.054606416497702], [70.79628145499937, 31.054245668535177], [70.79544339912214, 31.054257338007588], [70.79543662340784, 31.05389658985814], [70.79501759686552, 31.053902422471683], [70.79500404896132, 31.053180925942893], [70.79458502545553, 31.05318675703117], [70.79457148119742, 31.052465260250983], [70.79415246072809, 31.05247108981407], [70.79413214999255, 31.051388844234463], [70.79455116572458, 31.05138301491925], [70.79457148119742, 31.052465260250983], [70.79499050154486, 31.052459429327982], [70.79500404896132, 31.053180925942893], [70.79542307234517, 31.053175093494676], [70.79542984781553, 31.053535841687168], [70.79584887265662, 31.05353000779632], [70.7958556498282, 31.053890755884616], [70.79627467612653, 31.05388492055112], [70.79626789737573, 31.053524172545536], [70.79668692197279, 31.053518335934786], [70.79669370230285, 31.053879083857645], [70.79878883135298, 31.05384987999071], [70.79879561970141, 31.05421062747813], [70.7992146467242, 31.054204782542005], [70.7992214367741, 31.054565529925057], [70.80005949361156, 31.054553835807116], [70.80006628694233, 31.054914583002898], [70.79922822694625, 31.05492627728658], [70.79923501724063, 31.055287024626562], [70.79881598547989, 31.05529286981122]]]}, "properties": {"direction": "decrease", "areaHa": 4.96, "before": -10.765053749084473, "after": -17.679542541503906, "change": -6.914485931396484, "clearObservationsBefore": 3.0, "clearObservationsAfter": 2.0, "centroid": [70.79704004829775, 31.05396155447123]}}, {"type": "Feature", "id": 159, "geometry": {"type": "Polygon", "coordinates": [[[70.80832779634733, 30.937524648614232], [70.80832100340795, 30.93716389650179], [70.80748397621792, 30.937175604505697], [70.80747718654096, 30.936814852205472], [70.8070586743325, 30.936820704093734], [70.8070450984855, 30.936099199262525], [70.80788211650018, 30.93608749446484], [70.80787532562022, 30.935726742183267], [70.80871234000567, 30.935715032137292], [70.80872592816773, 30.93643653634626], [70.80998145824755, 30.936418960625755], [70.80997465939542, 30.936058208781667], [70.81039316760713, 30.936052347584084], [70.81040676857381, 30.93677385108425], [70.81124379090956, 30.93676212429501], [70.81125739864642, 30.937483627376047], [70.80832779634733, 30.937524648614232]]]}, "properties": {"direction": "decrease", "areaHa": 4.96, "before": -12.869388580322266, "after": -19.90046501159668, "change": -7.031077861785889, "clearObservationsBefore": 3.0, "clearObservationsAfter": 2.0, "centroid": [70.80906315371973, 30.936775197800063]}}, {"type": "Feature", "id": 160, "geometry": {"type": "Polygon", "coordinates": [[[70.70984957640232, 30.861280443338323], [70.7098303654167, 30.860198116836674], [70.71024856633508, 30.860192591970776], [70.7102293516954, 30.859110265513003], [70.71064754780542, 30.859104739533098], [70.71065395413413, 30.859465514961737], [70.71107215169295, 30.859459987553393], [70.71105933602249, 30.858738436832066], [70.71147753033728, 30.8587329082312], [70.7114711211111, 30.8583721329172], [70.71230750626563, 30.85836107182353], [70.71232033109042, 30.859082622115483], [70.711483939679, 30.859093683523874], [70.71149675870903, 30.859815234045257], [70.71233315637758, 30.859804172322125], [70.71235880833905, 30.86124727247951], [70.70984957640232, 30.861280443338323]], [[70.71109778441996, 30.860903088740145], [70.71151598812062, 30.860897559667364], [70.71150316839736, 30.86017600927395], [70.71108496782544, 30.86018153818941], [70.71109778441996, 30.860903088740145]]]}, "properties": {"direction": "decrease", "areaHa": 4.96, "before": -11.238696098327637, "after": -18.103105545043945, "change": -6.864409446716309, "clearObservationsBefore": 3.0, "clearObservationsAfter": 2.0, "centroid": [70.71118479880049, 30.8601045563197]}}, {"type": "Feature", "id": 161, "geometry": {"type": "Polygon", "coordinates": [[[70.74382484995891, 31.21121069895874], [70.74381160651343, 31.210489200072818], [70.7433918793534, 31.210494890562607], [70.74339849942477, 31.21085564009674], [70.74171958322705, 31.210878388692404], [70.74171296952305, 31.210517638836794], [70.74297215207433, 31.210500579683885], [70.74295891547234, 31.209779080390284], [70.74044056840093, 31.20981318541563], [70.74042735137596, 31.209091685072], [70.74252595831543, 31.209063268441884], [70.74253257472714, 31.209424018222865], [70.74295229734989, 31.209418330711202], [70.74294567934645, 31.209057581010605], [70.74336540025847, 31.209051892210898], [70.74337863956784, 31.20977339142979], [70.745057534759, 31.209750621903286], [70.74507078727886, 31.21047212039252], [70.74465106047619, 31.210477814987776], [70.74466431028905, 31.211199313551905], [70.74382484995891, 31.21121069895874]], [[70.74381160651343, 31.210489200072818], [70.74423133355437, 31.210483508214548], [70.74422471041844, 31.21012275881975], [70.7438049849693, 31.210128450597587], [70.74381160651343, 31.210489200072818]]]}, "properties": {"direction": "decrease", "areaHa": 4.8, "before": -9.740398406982422, "after": -17.35165786743164, "change": -7.611259460449219, "clearObservationsBefore": 3.0, "clearObservationsAfter": 2.0, "centroid": [70.74290693185499, 31.209996283916627]}}, {"type": "Feature", "id": 162, "geometry": {"type": "Polygon", "coordinates": [[[70.76280809229696, 31.14816588861147], [70.76280141503877, 31.147805139315402], [70.76238196856868, 31.147810881427507], [70.76236194227508, 31.146728633166447], [70.76362026704427, 31.146711403466224], [70.7636002275516, 31.145629155742814], [70.76234191706234, 31.145646384711732], [70.76233524223161, 31.145285635183804], [70.76443241784659, 31.14525691381716], [70.76445246649845, 31.146339161117282], [70.76487190602073, 31.146333412505104], [70.76487859073184, 31.146694161480777], [70.76445914962288, 31.146699910174274], [70.76447251623246, 31.147421408223707], [70.76489196051486, 31.14741565936754], [70.76490533077896, 31.14813715716821], [70.76448588332299, 31.148142906187058], [70.7644791997176, 31.147782157216138], [70.76322086138875, 31.147799395838213], [70.76322754023374, 31.148160145053023], [70.76280809229696, 31.14816588861147]]]}, "properties": {"direction": "decrease", "areaHa": 4.8, "before": -9.745440483093262, "after": -17.69740867614746, "change": -7.951967239379883, "clearObservationsBefore": 3.0, "clearObservationsAfter": 2.0, "centroid": [70.76364934235944, 31.146771148520862]}}, {"type": "Feature", "id": 163, "geometry": {"type": "Polygon", "coordinates": [[[70.8607390731664, 30.941832522853606], [70.86071810071256, 30.940750298997322], [70.8611366174441, 30.940744272734918], [70.86112962530791, 30.940383531491932], [70.86154814034337, 30.940377503961383], [70.86152715998033, 30.939295280359776], [70.86110864965505, 30.939301307633496], [70.86108767513575, 30.93821908358089], [70.86234319160384, 30.938200998469288], [70.86235718391052, 30.938922480678848], [70.86277569228777, 30.938916449429726], [70.86278269020016, 30.939277190416483], [70.86320120002136, 30.93927115772803], [70.86322219922509, 30.940353380301765], [70.86280368469374, 30.94035941324728], [70.86281068311041, 30.94072015414772], [70.8619736505293, 30.940732216148852], [70.86198064593174, 30.94109295719902], [70.861562127882, 30.94109898625457], [70.86156912184029, 30.941459727368805], [70.8611506020944, 30.941465755156184], [70.86115759460847, 30.941826496334443], [70.8607390731664, 30.941832522853606]], [[70.86152715998033, 30.939295280359776], [70.86236418025291, 30.939283221751268], [70.86235718391052, 30.938922480678848], [70.86152016677794, 30.93893453911609], [70.86152715998033, 30.939295280359776]]]}, "properties": {"direction": "decrease", "areaHa": 4.8, "before": -13.185013771057129, "after": -17.96641731262207, "change": -4.781404495239258, "clearObservationsBefore": 3.0, "clearObservationsAfter": 2.0, "centroid": [70.86192942436654, 30.93989089557493]}}, {"type": "Feature", "id": 164, "geometry": {"type": "Polygon", "coordinates": [[[70.78498841948543, 30.762474167156398], [70.78495512578202, 30.760670334461174], [70.78579063221152, 30.76065883147948], [70.7857839707185, 30.760298065040214], [70.78620172219671, 30.760292311614805], [70.78619505926757, 30.759931545236174], [70.78744830831215, 30.759914277139945], [70.7874616436284, 30.76063580938361], [70.78829714861536, 30.760624290269455], [70.78831049063808, 30.761345822099223], [70.78872824606377, 30.761340060361345], [70.78874159168062, 30.762061591941304], [70.78832383314212, 30.7620673538434], [70.78831716182992, 30.76170658798199], [70.78706389016183, 30.761723865375384], [70.78705055723671, 30.76100233309594], [70.78537953911366, 30.761025350142383], [70.7853861992906, 30.761386116620837], [70.78580395555801, 30.761380364293846], [70.78582394147895, 30.762462663354967], [70.78498841948543, 30.762474167156398]]]}, "properties": {"direction": "decrease", "areaHa": 4.8, "before": -10.310315132141113, "after": -17.3374080657959, "change": -7.027091979980469, "clearObservationsBefore": 3.0, "clearObservationsAfter": 2.0, "centroid": [70.7866902779574, 30.761103525103415]}}, {"type": "Feature", "id": 165, "geometry": {"type": "Polygon", "coordinates": [[[70.77481717269958, 31.207178357986585], [70.77481043433659, 31.206817614343393], [70.77439073038998, 31.20682340536127], [70.77438399373956, 31.206462661614676], [70.77396429126323, 31.206468451182516], [70.77395755632534, 31.20610770733254], [70.77353785531926, 31.206113495450374], [70.77352438898956, 31.20539200752213], [70.7722652947929, 31.205409363175974], [70.77225856658359, 31.20504861893422], [70.77267826317888, 31.20504283516616], [70.77266480394074, 31.204321346781487], [70.77392388345277, 31.204303987759243], [70.77393061778504, 31.204664731717017], [70.77435031230478, 31.20465894255828], [70.77436378451524, 31.205380430245523], [70.77520317955636, 31.20536884749635], [70.77521665861677, 31.20609033476994], [70.7756363591382, 31.206084541179386], [70.7756565834121, 31.20716677168243], [70.77481717269958, 31.207178357986585]]]}, "properties": {"direction": "decrease", "areaHa": 4.64, "before": -12.792654037475586, "after": -19.90961265563965, "change": -7.116959095001221, "clearObservationsBefore": 3.0, "clearObservationsAfter": 2.0, "centroid": [70.77414446651576, 31.20565097469257]}}, {"type": "Feature", "id": 166, "geometry": {"type": "Polygon", "coordinates": [[[70.77781875378348, 31.165640601031424], [70.77779853794904, 31.16455836481236], [70.77695950411575, 31.16456995092644], [70.77695276892281, 31.164209205313117], [70.77653325341247, 31.164214996239334], [70.77651978656607, 31.163493504784235], [70.77693929890039, 31.16348771402184], [70.77693256407092, 31.16312696834388], [70.77777158520014, 31.163115382885284], [70.77775810955298, 31.162393891792462], [70.77817761675993, 31.162388097178297], [70.77817087753029, 31.162027351681523], [70.77859038302816, 31.162021555783493], [70.77862408832844, 31.163825282641955], [70.7790436016447, 31.16381948496813], [70.77905034465657, 31.16418023019317], [70.77946985943953, 31.164174431071427], [70.77947660416075, 31.164535176192896], [70.77821805468386, 31.164552569706405], [70.77823827528262, 31.165634805679566], [70.77781875378348, 31.165640601031424]]]}, "properties": {"direction": "decrease", "areaHa": 4.64, "before": -13.466410636901855, "after": -19.009824752807617, "change": -5.543413162231445, "clearObservationsBefore": 3.0, "clearObservationsAfter": 2.0, "centroid": [70.77793637272305, 31.163803680857633]}}, {"type": "Feature", "id": 167, "geometry": {"type": "Polygon", "coordinates": [[[70.73935176069223, 31.150289117896058], [70.73932540545528, 31.148846102933373], [70.74058377372097, 31.14882909726564], [70.74057718044729, 31.14846834371185], [70.7414160888575, 31.148456999934545], [70.74140949252863, 31.148096246519767], [70.74182894496884, 31.14809057266363], [70.74183554288462, 31.14845132599813], [70.74225499679302, 31.148445650696544], [70.74226159641442, 31.14880640392927], [70.74268105179101, 31.148800727182206], [70.7426876531181, 31.1491614803131], [70.74226819615455, 31.149167157140493], [70.74227479601342, 31.149527910330228], [70.74185533734415, 31.149533585872703], [70.74186193573475, 31.149894339121246], [70.7406035542538, 31.14991135779808], [70.74061014800198, 31.150272111265913], [70.73935176069223, 31.150289117896058]]]}, "properties": {"direction": "decrease", "areaHa": 4.64, "before": -12.222982406616211, "after": -18.23756217956543, "change": -6.0145769119262695, "clearObservationsBefore": 3.0, "clearObservationsAfter": 2.0, "centroid": [70.74084518868872, 31.149279725922344]}}, {"type": "Feature", "id": 168, "geometry": {"type": "Polygon", "coordinates": [[[70.82668792393426, 30.8903564111701], [70.82666737701017, 30.889274157916496], [70.82750397841531, 30.889262342144203], [70.82749712655503, 30.888901591184652], [70.82833372433386, 30.888889770175982], [70.8283268694647, 30.88852901936299], [70.83000005727506, 30.888505361468983], [70.83002064104748, 30.889587612834386], [70.8291840379923, 30.88959944498817], [70.82919089636457, 30.889960195568506], [70.82877259308532, 30.889966109702787], [70.82877945001489, 30.890326860345713], [70.82668792393426, 30.8903564111701]]]}, "properties": {"direction": "decrease", "areaHa": 4.64, "before": -14.535500526428223, "after": -19.755937576293945, "change": -5.220437526702881, "clearObservationsBefore": 3.0, "clearObservationsAfter": 2.0, "centroid": [70.82835168740783, 30.889455671412104]}}, {"type": "Feature", "id": 169, "geometry": {"type": "Polygon", "coordinates": [[[70.85496737665663, 30.772678395488455], [70.85496045390379, 30.77231764361224], [70.85454266647659, 30.77232362055868], [70.85453574540558, 30.77196286857583], [70.85495353127583, 30.771956891714552], [70.85494660877269, 30.771596139795346], [70.85411104002132, 30.77160809200279], [70.85409028260241, 30.770525835605323], [70.85367250271024, 30.77053180943652], [70.85366558537703, 30.77017105717592], [70.85283002833212, 30.770183000633935], [70.85281620026721, 30.7694614957079], [70.85323397573839, 30.769455524821417], [70.85322706033621, 30.769094772411233], [70.85406260779085, 30.76908282677448], [70.85406952630657, 30.769443579014446], [70.85490507637564, 30.7694316278288], [70.85491892000863, 30.770153131903626], [70.8553366979695, 30.770147154123457], [70.85538516551601, 30.772672417112], [70.85496737665663, 30.772678395488455]]]}, "properties": {"direction": "decrease", "areaHa": 4.64, "before": -16.299732208251953, "after": -20.214460372924805, "change": -3.914731025695801, "clearObservationsBefore": 3.0, "clearObservationsAfter": 2.0, "centroid": [70.8543718082444, 30.770552923052627]}}, {"type": "Feature", "id": 170, "geometry": {"type": "Polygon", "coordinates": [[[70.72788941848887, 30.770825699090434], [70.72788297031829, 30.77046492199333], [70.72746516181142, 30.77047048925837], [70.72745226893367, 30.769748934841555], [70.72703446342507, 30.769754500602915], [70.72702157412681, 30.769032945942232], [70.72660377161637, 30.769038510199998], [70.72659732869876, 30.768677732758412], [70.72701512965203, 30.768672168579936], [70.72700868529351, 30.768311391196313], [70.72742648457343, 30.768305825752204], [70.72742003877401, 30.76794504842659], [70.72867343124474, 30.767928344262742], [70.72867988171545, 30.768289121350307], [70.72909768053015, 30.7682835505265], [70.72911058493489, 30.769005104478904], [70.72869278300593, 30.769010675461494], [70.72871858698308, 30.770453783428135], [70.72830077870886, 30.77045935338326], [70.72830722843673, 30.770820130401017], [70.72788941848887, 30.770825699090434]]]}, "properties": {"direction": "decrease", "areaHa": 4.64, "before": -10.166765213012695, "after": -18.098899841308594, "change": -7.9321370124816895, "clearObservationsBefore": 3.0, "clearObservationsAfter": 2.0, "centroid": [70.72796801053043, 30.769175884507565]}}, {"type": "Feature", "id": 171, "geometry": {"type": "Polygon", "coordinates": [[[70.76698483213863, 31.169759021888375], [70.76697813337265, 31.1693982746161], [70.7665585927271, 31.169404033899895], [70.76654519873354, 31.168682539127822], [70.76612566114443, 31.16868829688254], [70.76611896591676, 31.16832754938276], [70.76653850191747, 31.16832179170948], [70.76653180522186, 31.16796104426961], [70.76611227080954, 31.16796680186146], [70.76608549158499, 31.166523811560943], [70.76650501964404, 31.166518054294816], [70.76649162757788, 31.165796559178215], [70.76691115234003, 31.16579080070889], [70.7669379433072, 31.16723379053016], [70.76735747430187, 31.167228030368943], [70.76737757355744, 31.168310272264403], [70.76779710919665, 31.168304510492614], [70.76778370639569, 31.16758301608015], [70.76820323873763, 31.167577253105208], [70.76819653592965, 31.167216505948172], [70.76903559707513, 31.167204976062955], [70.76904230305973, 31.16756572305691], [70.76820323873763, 31.167577253105208], [70.76821664471531, 31.16829874735464], [70.76779710919665, 31.168304510492614], [70.76781051247981, 31.16902600481894], [70.76739097366375, 31.16903176675372], [70.76740437425217, 31.169753261156877], [70.76698483213863, 31.169759021888375]]]}, "properties": {"direction": "decrease", "areaHa": 4.48, "before": -12.588589668273926, "after": -19.440210342407227, "change": -6.851621150970459, "clearObservationsBefore": 3.0, "clearObservationsAfter": 2.0, "centroid": [70.76705502867851, 31.167889432621084]}}, {"type": "Feature", "id": 172, "geometry": {"type": "Polygon", "coordinates": [[[70.71819342505353, 31.000460283790297], [70.71816754366287, 30.999017219137826], [70.71900515085565, 30.999006069441446], [70.71899867764893, 30.998645303383046], [70.71983628122504, 30.99863414841599], [70.71984275758214, 30.998994914316118], [70.72026156077045, 30.998989334717603], [70.72025508283818, 30.99862856889664], [70.72109268571444, 30.998617405786298], [70.72110564799641, 30.99933893709006], [70.72152445240984, 30.99933335334063], [70.72154390143396, 31.000415649898123], [70.72112509229474, 31.000421233885234], [70.72111861074525, 31.00006046830825], [70.72028099526725, 31.000071632052148], [70.72027451698499, 30.999710866295352], [70.71943690419084, 30.999722024451767], [70.71944337932258, 31.00008279036688], [70.71902457117532, 31.000088367488303], [70.71903104484836, 31.000449133461117], [70.71819342505353, 31.000460283790297]]]}, "properties": {"direction": "decrease", "areaHa": 4.48, "before": -10.078394889831543, "after": -17.57048797607422, "change": -7.492092132568359, "clearObservationsBefore": 3.0, "clearObservationsAfter": 2.0, "centroid": [70.71979194740695, 30.99949820454659]}}, {"type": "Feature", "id": 173, "geometry": {"type": "Polygon", "coordinates": [[[70.81766586126541, 31.164723206095232], [70.81765208244374, 31.16400173100682], [70.81807158753276, 31.163995806142566], [70.81806469671994, 31.163635068649754], [70.81848420009715, 31.1636291425035], [70.81847730782046, 31.163268405072905], [70.81889680948585, 31.16326247764471], [70.81888991574533, 31.162901740276332], [70.81930941569891, 31.162895811566226], [70.81929562541441, 31.162174336932363], [70.81971512206843, 31.162168407024257], [70.81972201873641, 31.162529144268117], [70.8201415168541, 31.16252321291041], [70.82013461859839, 31.162162475750442], [70.82055411500426, 31.162156543110918], [70.82053341621858, 31.161074331753085], [70.8209529077373, 31.161068397999653], [70.8209805127172, 31.162511346097823], [70.82056101484771, 31.162517280186975], [70.8205679148153, 31.162878017241432], [70.82014841523392, 31.162883950048776], [70.82016221236583, 31.163605424260673], [70.81974270948474, 31.163611355870056], [70.81974960664897, 31.163972093027485], [70.81933010205596, 31.163978023354964], [70.8193369977564, 31.164338760574665], [70.81891749145143, 31.16434468962019], [70.818924385688, 31.164705426902135], [70.81766586126541, 31.164723206095232]]]}, "properties": {"direction": "decrease", "areaHa": 4.32, "before": -13.791787147521973, "after": -19.073850631713867, "change": -5.282063007354736, "clearObservationsBefore": 3.0, "clearObservationsAfter": 2.0, "centroid": [70.8193710593791, 31.163275826668375]}}, {"type": "Feature", "id": 174, "geometry": {"type": "Polygon", "coordinates": [[[70.79904908776972, 31.089930373903066], [70.79902869151606, 31.088848137524806], [70.79860951250748, 31.088853987692687], [70.79858912210092, 31.08777175087193], [70.79984664452186, 31.087754197028676], [70.79985344594752, 31.088114942408517], [70.80027262142498, 31.088109088320948], [70.80027942455501, 31.088469833596324], [70.80153695499851, 31.088452262914043], [70.80155057111784, 31.089173752902397], [70.80113139126185, 31.089179611324248], [70.80113819792328, 31.089540356369078], [70.80071901636275, 31.089546213512033], [70.80071221128335, 31.089185468384255], [70.80029303118239, 31.089191324082424], [70.80030663829953, 31.089912814482304], [70.79904908776972, 31.089930373903066]]]}, "properties": {"direction": "decrease", "areaHa": 4.32, "before": -14.127974510192871, "after": -19.077926635742188, "change": -4.949953556060791, "clearObservationsBefore": 3.0, "clearObservationsAfter": 2.0, "centroid": [70.79987468736826, 31.088829644139334]}}, {"type": "Feature", "id": 175, "geometry": {"type": "Polygon", "coordinates": [[[70.7891498520096, 31.23259903509212], [70.7891430524543, 31.232238295693246], [70.78872323946318, 31.232244137719185], [70.78870964390615, 31.23152265869159], [70.78912945371054, 31.231516816830688], [70.78911585545582, 31.230795337881773], [70.78869604883802, 31.230801179577632], [70.7886892514873, 31.230440439988268], [70.78826944634056, 31.23044628023215], [70.78826265070529, 31.23008554053869], [70.7891022576901, 31.2300738588465], [70.78909545899063, 31.22971311929647], [70.78951526070647, 31.22970727647877], [70.78952206099915, 31.23006801594626], [70.7899418641859, 31.230062171676597], [70.78994866619409, 31.230422911039927], [70.79036847085177, 31.23041706531826], [70.79040929502949, 31.232581500549347], [70.7891498520096, 31.23259903509212]]]}, "properties": {"direction": "decrease", "areaHa": 4.16, "before": -13.51851749420166, "after": -19.33871841430664, "change": -5.820199966430664, "clearObservationsBefore": 3.0, "clearObservationsAfter": 2.0, "centroid": [70.78954429578731, 31.23124736086397]}}, {"type": "Feature", "id": 176, "geometry": {"type": "Polygon", "coordinates": [[[70.81307181994256, 31.20989226470988], [70.81306493565263, 31.209531528789846], [70.81264522852841, 31.209537445062146], [70.81263834595377, 31.2091767090369], [70.81221864029726, 31.209182623857348], [70.81221175943786, 31.208821887726888], [70.81137235093657, 31.20883371309594], [70.81136547338379, 31.20847297677674], [70.81052606757065, 31.208484796505843], [70.81051919332437, 31.20812405999799], [70.81009949182376, 31.20812996772673], [70.81009261929252, 31.20776923111379], [70.80967291925968, 31.207775137390872], [70.80966604844339, 31.207414400672846], [70.80882665118983, 31.207426208955578], [70.80881978367977, 31.207065472049056], [70.80840008645905, 31.207071374054777], [70.80839322066379, 31.206710637043237], [70.80923261179909, 31.206698831830494], [70.80923948077698, 31.2070595686752], [70.81007887460078, 31.207047757823062], [70.81008574688485, 31.207408494479232], [70.81050544520271, 31.207402586917468], [70.8104985713273, 31.20704185034477], [70.81091826793022, 31.20703594149837], [70.81092514339696, 31.207396677987553], [70.81050544520271, 31.207402586917468], [70.81051231920172, 31.207763323468544], [70.81135171864928, 31.20775150407351], [70.81135859595469, 31.208112240435927], [70.8121979980903, 31.208100415401102], [70.8122048787022, 31.2084611515748], [70.81262458117581, 31.20845523692152], [70.81263146350291, 31.208815972990017], [70.8130511674442, 31.20881005688493], [70.81305805148652, 31.209170792848198], [70.81347775689545, 31.20916487529125], [70.81347087126167, 31.20880413941161], [70.81389057495532, 31.208798220570053], [70.81391123700263, 31.209880427893204], [70.81307181994256, 31.20989226470988]]]}, "properties": {"direction": "decrease", "areaHa": 4.16, "before": -11.972681045532227, "after": -17.553865432739258, "change": -5.581186294555664, "clearObservationsBefore": 3.0, "clearObservationsAfter": 2.0, "centroid": [70.81139407856628, 31.20827827587517]}}, {"type": "Feature", "id": 177, "geometry": {"type": "Polygon", "coordinates": [[[70.73837455803364, 31.142724613067728], [70.73836797470847, 31.14236385874783], [70.73669026198962, 31.14238649717068], [70.73668368512861, 31.14202574250897], [70.73584483123197, 31.142037053371187], [70.7358382576621, 31.14167629852794], [70.73541883212276, 31.141681951831792], [70.73541226025755, 31.141321196887084], [70.73457341199693, 31.141332499240374], [70.73456684342267, 31.140971744114246], [70.73498626602574, 31.14096609369997], [70.73497969598333, 31.14060533863232], [70.73623795832415, 31.140588379440725], [70.73624453312553, 31.14094913426838], [70.73666395525557, 31.140943478394956], [70.73667053176159, 31.141304233121105], [70.73708995535966, 31.14129857580284], [70.73709653357038, 31.141659330427462], [70.73793538358417, 31.14164801153636], [70.73792880220071, 31.14128725707191], [70.73834822544363, 31.14128159565924], [70.73835480841346, 31.141642350043586], [70.73877423312432, 31.141636687185997], [70.73879398750375, 31.142718949969744], [70.73837455803364, 31.142724613067728]]]}, "properties": {"direction": "decrease", "areaHa": 4.16, "before": -10.46639347076416, "after": -17.619352340698242, "change": -7.152958393096924, "clearObservationsBefore": 3.0, "clearObservationsAfter": 2.0, "centroid": [70.73678902562546, 31.141607960182384]}}, {"type": "Feature", "id": 178, "geometry": {"type": "Polygon", "coordinates": [[[70.82879473265251, 31.066778939250444], [70.82877401819341, 31.065696716842286], [70.82919308859421, 31.065690772571642], [70.82917927641614, 31.064969291026763], [70.82834114181044, 31.06498117787066], [70.82832733644955, 31.064259695902575], [70.8291654647353, 31.064247809395546], [70.82917237051356, 31.064608550221944], [70.82959143604997, 31.064602604843518], [70.82959834353255, 31.06496334556409], [70.83085554413563, 31.064945501013224], [70.83086245648262, 31.065306241459343], [70.83128152468153, 31.065300290470446], [70.83129535290888, 31.066021771129304], [70.83045721006638, 31.066033672083872], [70.83046412120653, 31.066394412549563], [70.82962597470622, 31.06640630823055], [70.82963288281049, 31.066767048843204], [70.82879473265251, 31.066778939250444]]]}, "properties": {"direction": "decrease", "areaHa": 4.16, "before": -10.533124923706055, "after": -17.308137893676758, "change": -6.7750139236450195, "clearObservationsBefore": 3.0, "clearObservationsAfter": 2.0, "centroid": [70.82972259575983, 31.065558355323073]}}, {"type": "Feature", "id": 179, "geometry": {"type": "Polygon", "coordinates": [[[70.85481673983129, 30.960320599397146], [70.8548027923684, 30.959599116484952], [70.8543841919385, 30.959605125522472], [70.85437024812127, 30.958883642353342], [70.85395165070898, 30.958889649865498], [70.85393074063958, 30.957807424694117], [70.85434933333725, 30.95780141743785], [70.85434236199373, 30.9574406757562], [70.85476095299434, 30.957434667230554], [70.85478187211616, 30.958516891954822], [70.8552004677057, 30.95851088181852], [70.85520744256908, 30.958871623264805], [70.85646323329847, 30.95885358447141], [70.8564911528679, 30.960296549016288], [70.85481673983129, 30.960320599397146]]]}, "properties": {"direction": "decrease", "areaHa": 4.16, "before": -11.926046371459961, "after": -19.6806583404541, "change": -7.754612445831299, "clearObservationsBefore": 3.0, "clearObservationsAfter": 2.0, "centroid": [70.85519698233207, 30.959163224336535]}}, {"type": "Feature", "id": 180, "geometry": {"type": "Polygon", "coordinates": [[[70.79983495351584, 31.15378784191694], [70.79982813454127, 31.15342710021246], [70.7994086717751, 31.153432963856794], [70.7994018545103, 31.15307222204779], [70.79898239320856, 31.15307808424389], [70.79897557765347, 31.15271734233039], [70.79855611781619, 31.152723203078313], [70.79854930397074, 31.152362461060328], [70.79771038710255, 31.152374178294632], [70.79770357655372, 31.152013436089312], [70.79728411952283, 31.152019292575755], [70.79725688490045, 31.15057632320736], [70.79767633558356, 31.150570467052315], [70.79768314564232, 31.150931209343938], [70.79810259778982, 31.150925351740877], [70.79810940955802, 31.15128609392805], [70.7985288631699, 31.151280234876936], [70.79853567664759, 31.151640976959634], [70.79895513172386, 31.151635116460447], [70.7989619469111, 31.15199585843867], [70.79980085986972, 31.15198413317883], [70.79981449696017, 31.152705616738793], [70.80023395642952, 31.152699751895106], [70.80024077674581, 31.153060493559764], [70.80066023767954, 31.15305462726785], [70.80066705970559, 31.153415368827943], [70.80024759718478, 31.153421235202845], [70.80025441774647, 31.153781976824348], [70.79983495351584, 31.15378784191694]]]}, "properties": {"direction": "decrease", "areaHa": 4.0, "before": -10.988603591918945, "after": -18.3408260345459, "change": -7.352222442626953, "clearObservationsBefore": 3.0, "clearObservationsAfter": 2.0, "centroid": [70.79877296125343, 31.152207786394353]}}, {"type": "Feature", "id": 181, "geometry": {"type": "Polygon", "coordinates": [[[70.75249245050226, 30.97473976578857], [70.75248585755315, 30.974379004786915], [70.75164848035644, 30.97439036354177], [70.75164189067236, 30.97402960235745], [70.7524792647228, 30.97401824376383], [70.75247267201118, 30.973657482719307], [70.75372872747685, 30.97364043490222], [70.75372213016476, 30.973279674078256], [70.75414081350928, 30.973273988841676], [70.75413421474298, 30.972913228076983], [70.75455289639561, 30.97290754156534], [70.75454629617512, 30.972546780859933], [70.75496497613587, 30.972541093073268], [70.75495837446128, 30.97218033242717], [70.75537705273014, 30.972174643365538], [70.75539686282966, 30.97325692499726], [70.75497817984177, 30.97326261430117], [70.75498478187309, 30.973623374882973], [70.7545660971932, 30.973629062911847], [70.75457929846635, 30.97435058417262], [70.7541606105214, 30.974356271007142], [70.75416720976312, 30.974717031686104], [70.75249245050226, 30.97473976578857]]]}, "properties": {"direction": "decrease", "areaHa": 4.0, "before": -11.855816841125488, "after": -18.37491798400879, "change": -6.519102573394775, "clearObservationsBefore": 3.0, "clearObservationsAfter": 2.0, "centroid": [70.75380632465378, 30.973762070564813]}}, {"type": "Feature", "id": 182, "geometry": {"type": "Polygon", "coordinates": [[[70.8670633801564, 30.814724058388883], [70.86705640065523, 30.814363311337335], [70.86622046772692, 30.81437535656014], [70.86619256346204, 30.81293236745269], [70.86661052374838, 30.81292634585773], [70.8666035464365, 30.81256559861278], [70.86827538008319, 30.81254149910666], [70.86826839665679, 30.812180752183295], [70.86868635319368, 30.81217472402529], [70.86871429389517, 30.81361771124624], [70.86746040518541, 30.813635792709263], [70.86748134799205, 30.81471803367118], [70.8670633801564, 30.814724058388883]]]}, "properties": {"direction": "decrease", "areaHa": 4.0, "before": -8.89410400390625, "after": -18.8447322845459, "change": -9.950626373291016, "clearObservationsBefore": 3.0, "clearObservationsAfter": 2.0, "centroid": [70.86737972312433, 30.813355495114248]}}, {"type": "Feature", "id": 183, "geometry": {"type": "Polygon", "coordinates": [[[70.82977482350636, 30.81056505162612], [70.82976114557275, 30.809843541829004], [70.83017910109474, 30.809837638264124], [70.83015858043923, 30.808755373659572], [70.830576531158, 30.808749469000052], [70.83056284821787, 30.80802795932447], [70.83098079569349, 30.808022053486315], [70.8309671101271, 30.80730054389302], [70.83138505435967, 30.80729463687633], [70.83135767846845, 30.80585161776851], [70.83177561633862, 30.805845709741586], [70.83178246168603, 30.806206464466637], [70.83220040099248, 30.806200555008914], [70.83220724802304, 30.80656130962832], [70.83178930715687, 30.8065672191702], [70.83183038257401, 30.808731746940587], [70.83141243222542, 30.808737655640556], [70.83141927700039, 30.809098410277937], [70.83100132496844, 30.8091043177152], [70.83101501176868, 30.809825827093743], [70.8305970564934, 30.809831733352368], [70.83060389851859, 30.81019248809352], [70.8301859415599, 30.81019839308935], [70.83019278214843, 30.810559147893116], [70.82977482350636, 30.81056505162612]]]}, "properties": {"direction": "decrease", "areaHa": 4.0, "before": -12.712240219116211, "after": -19.3570499420166, "change": -6.644809722900391, "clearObservationsBefore": 3.0, "clearObservationsAfter": 2.0, "centroid": [70.83104545578927, 30.808345919537743]}}, {"type": "Feature", "id": 184, "geometry": {"type": "Polygon", "coordinates": [[[70.7486012547225, 31.21980597013309], [70.74858797052428, 31.21908447405218], [70.7490077344648, 31.21907876520482], [70.74899444755945, 31.218357269199135], [70.75067348938691, 31.218334420766], [70.75065354081634, 31.21725217756454], [70.75149305145845, 31.217240745619204], [70.75150635675536, 31.217962240785305], [70.75108659830937, 31.21796795760395], [70.75109990090002, 31.21868945284547], [70.7506801391496, 31.218695168456765], [70.75070008915517, 31.219777411399857], [70.7486012547225, 31.21980597013309]]]}, "properties": {"direction": "decrease", "areaHa": 3.84, "before": -9.293593406677246, "after": -17.335092544555664, "change": -8.04150104522705, "clearObservationsBefore": 3.0, "clearObservationsAfter": 2.0, "centroid": [70.75005215120734, 31.218793927148624]}}, {"type": "Feature", "id": 185, "geometry": {"type": "Polygon", "coordinates": [[[70.73915222253049, 31.185293471949144], [70.73914562521571, 31.184932720165182], [70.73746716290086, 31.184955396403776], [70.73746057206394, 31.184594644277716], [70.73704095777858, 31.184600309839418], [70.73702777963989, 31.183878805362585], [70.73786700173302, 31.18386747319251], [70.7378735939226, 31.18422822528147], [70.73913243094215, 31.184211216532777], [70.7391390280196, 31.184571968359727], [70.73997825528556, 31.184560622198035], [70.73995845487077, 31.183478367133926], [70.73911923714321, 31.18348971281435], [70.73911264042175, 31.183128960922886], [70.740371462066, 31.18311194059232], [70.74037806355649, 31.18347269224312], [70.74079767212348, 31.183467015985272], [70.74081748207665, 31.184549270567903], [70.74123709529404, 31.184543592702173], [70.7412437004391, 31.184904344106428], [70.74082408563193, 31.184910022052435], [70.74081748207665, 31.184549270567903], [70.73997825528556, 31.184560622198035], [70.73998485566126, 31.18492137384307], [70.73956524049784, 31.18492704768769], [70.73957183940243, 31.185287799391443], [70.73915222253049, 31.185293471949144]]]}, "properties": {"direction": "decrease", "areaHa": 3.84, "before": -10.985369682312012, "after": -17.822620391845703, "change": -6.837249755859375, "clearObservationsBefore": 3.0, "clearObservationsAfter": 2.0, "centroid": [70.73915101012184, 31.184271102287596]}}, {"type": "Feature", "id": 186, "geometry": {"type": "Polygon", "coordinates": [[[70.71725381437123, 31.181257488430013], [70.71724730113577, 31.180896732244552], [70.71556889061237, 31.180919120312588], [70.71554286427416, 31.17947609408986], [70.71722124936542, 31.17945370728808], [70.71721473671572, 31.179092950995287], [70.7180539253797, 31.17908174955142], [70.71806044120827, 31.179442505685817], [70.71848003695389, 31.179436902834347], [70.7184930721416, 31.180158414880275], [70.71765387417526, 31.180169619533192], [70.71764735970176, 31.179808863362535], [70.71722776213228, 31.179814463559403], [70.71724730113577, 31.180896732244552], [70.7176669034738, 31.180891131810117], [70.71767341829883, 31.18125188791639], [70.71725381437123, 31.181257488430013]]]}, "properties": {"direction": "decrease", "areaHa": 3.84, "before": -11.893467903137207, "after": -17.54404067993164, "change": -5.650572299957275, "clearObservationsBefore": 3.0, "clearObservationsAfter": 2.0, "centroid": [70.71686495198854, 31.18005986571408]}}, {"type": "Feature", "id": 187, "geometry": {"type": "Polygon", "coordinates": [[[70.86532178061135, 30.81114066887603], [70.86531480860835, 30.810779921266295], [70.86489685730501, 30.810785938306374], [70.86487594672997, 30.809703695091017], [70.86571183985143, 30.809691660178103], [70.86571881303722, 30.81005240776673], [70.86655470877552, 30.810040367295294], [70.86654773246998, 30.8096796198781], [70.86696567859057, 30.809673597707935], [70.86695870085096, 30.80931285035497], [70.86779458959504, 30.809300802145895], [70.86782251378752, 30.810743790742386], [70.86740456323884, 30.81074981586344], [70.86741154304168, 30.811110563044537], [70.8665756384469, 30.811122609417673], [70.86656866176398, 30.810761862065064], [70.86573275978597, 30.810773902879376], [70.86573973334895, 30.811134650403424], [70.86532178061135, 30.81114066887603]]]}, "properties": {"direction": "decrease", "areaHa": 3.84, "before": -8.798262596130371, "after": -18.746023178100586, "change": -9.947759628295898, "clearObservationsBefore": 3.0, "clearObservationsAfter": 2.0, "centroid": [70.8664722848995, 30.81028211867405]}}, {"type": "Feature", "id": 188, "geometry": {"type": "Polygon", "coordinates": [[[70.87209661718926, 30.772432179306957], [70.87208264413789, 30.77171068254949], [70.87250042474028, 30.771704649208022], [70.87247247392219, 30.770261655778683], [70.87289024817123, 30.770255621436426], [70.8728972372435, 30.77061636974006], [70.87331501292329, 30.770610333967138], [70.87332200367844, 30.770971082163236], [70.87415755777337, 30.7709590064113], [70.87416455176827, 30.77131975441381], [70.87458233018339, 30.771313714434744], [70.87460331759561, 30.77239595805496], [70.87209661718926, 30.772432179306957]]]}, "properties": {"direction": "decrease", "areaHa": 3.84, "before": -10.245736122131348, "after": -18.47319221496582, "change": -8.227457046508789, "clearObservationsBefore": 3.0, "clearObservationsAfter": 2.0, "centroid": [70.87331712239099, 30.771617672947578]}}, {"type": "Feature", "id": 189, "geometry": {"type": "Polygon", "coordinates": [[[70.75082959098359, 30.768352787250212], [70.75082305787129, 30.767992014417995], [70.75040526514532, 30.767997655175943], [70.75039873370785, 30.767636882241987], [70.74956315101657, 30.76764815956263], [70.74955662281086, 30.76728738644663], [70.74788546224346, 30.76730992462864], [70.74787241864082, 30.766588377690248], [70.74912577990128, 30.76657147655269], [70.74913230631455, 30.7669322497917], [70.7499678830135, 30.766920975482083], [70.74996135348637, 30.766560202403742], [70.75037914010227, 30.766554563312113], [70.75038567118634, 30.76691533631008], [70.75080345924137, 30.766909695793288], [70.75080999200017, 30.767270468689528], [70.75122778149431, 30.767264826747528], [70.75122124717856, 30.76690405393169], [70.75163903499791, 30.766898410725297], [70.75163249924309, 30.76653763796853], [70.75205028538763, 30.766531993497793], [70.75206989767656, 30.767614311462737], [70.75165210686119, 30.767619956174798], [70.75165864296967, 30.767980728867535], [70.7512408504794, 30.767986372315185], [70.75124738514874, 30.768347145067004], [70.75082959098359, 30.768352787250212]]]}, "properties": {"direction": "decrease", "areaHa": 3.84, "before": -10.837597846984863, "after": -17.334476470947266, "change": -6.496877193450928, "clearObservationsBefore": 3.0, "clearObservationsAfter": 2.0, "centroid": [70.75021758247136, 30.76724839007153]}}, {"type": "Feature", "id": 190, "geometry": {"type": "Polygon", "coordinates": [[[70.82151438454258, 31.21229878935537], [70.8215005506858, 31.211577321148894], [70.82108083649375, 31.211583265290173], [70.82106700631773, 31.210861796829185], [70.82064729518454, 31.210867739434146], [70.82063346868904, 31.210146270718692], [70.82021376061464, 31.210152211787427], [70.82019993779943, 31.20943074281753], [70.81978023278373, 31.209436682350123], [70.81977332315401, 31.2090759477488], [70.81935361960552, 31.209081885829246], [70.8193467116915, 31.208721151122376], [70.81976641364857, 31.208715213125853], [70.81975950426737, 31.20835447848127], [70.8205989046259, 31.208342598551525], [70.82061964269083, 31.209424801916718], [70.82145905210066, 31.209412916010347], [70.82147288446485, 31.210134384476397], [70.82189259216621, 31.21012843930283], [70.82189951012641, 31.210489173419386], [70.82147980083353, 31.21049511867697], [70.821493633944, 31.211216587013215], [70.82191334642005, 31.21121064158761], [70.82193410179359, 31.21229284367771], [70.82151438454258, 31.21229878935537]]]}, "properties": {"direction": "decrease", "areaHa": 3.68, "before": -9.300512313842773, "after": -17.587047576904297, "change": -8.28653621673584, "clearObservationsBefore": 3.0, "clearObservationsAfter": 2.0, "centroid": [70.82084137966208, 31.210041361063066]}}, {"type": "Feature", "id": 191, "geometry": {"type": "Polygon", "coordinates": [[[70.72782252222554, 31.185446114218625], [70.72781596783663, 31.185085360276503], [70.7273963492427, 31.185090994473754], [70.72738324399825, 31.184369486365778], [70.72780285941253, 31.184363852327856], [70.72778975145998, 31.18364234429325], [70.72862897557576, 31.183631072434775], [70.72862241859684, 31.183270318544622], [70.72904202888812, 31.18326468064446], [70.72906170494791, 31.184346942011313], [70.73032054942153, 31.18433001939061], [70.7303271131135, 31.184690772897316], [70.72990749681718, 31.184696415217783], [70.72991405903737, 31.185057168782777], [70.72907482291099, 31.185068449481765], [70.7290813820695, 31.18542920318478], [70.72782252222554, 31.185446114218625]]]}, "properties": {"direction": "decrease", "areaHa": 3.68, "before": -11.342719078063965, "after": -17.811023712158203, "change": -6.468307018280029, "clearObservationsBefore": 3.0, "clearObservationsAfter": 2.0, "centroid": [70.7286362463955, 31.184533079854837]}}, {"type": "Feature", "id": 192, "geometry": {"type": "Polygon", "coordinates": [[[70.73353181088463, 31.15325435756012], [70.73351210809895, 31.152172093524253], [70.73393158024692, 31.152166444727232], [70.7339250113008, 31.151805690085567], [70.73434448174336, 31.151800040003103], [70.73433791132823, 31.151439285419873], [70.73559631718504, 31.151422327220168], [70.73558974212665, 31.151061572855397], [70.7360092089219, 31.151055917471467], [70.73601578556743, 31.151416671756238], [70.73643525383152, 31.15141101492697], [70.73644183218256, 31.151771769110223], [70.73602236233131, 31.15177742601953], [70.73603551621402, 31.152498934481635], [70.73519656980768, 31.152510244524176], [70.73520314375199, 31.15287099888302], [70.73436419369806, 31.15288230362386], [70.73437076458603, 31.153243058121145], [70.73353181088463, 31.15325435756012]]]}, "properties": {"direction": "decrease", "areaHa": 3.68, "before": -9.786282539367676, "after": -18.76424789428711, "change": -8.977965354919434, "clearObservationsBefore": 3.0, "clearObservationsAfter": 2.0, "centroid": [70.73485301815127, 31.152177564744235]}}, {"type": "Feature", "id": 193, "geometry": {"type": "Polygon", "coordinates": [[[70.80751729013276, 31.07213073423718], [70.80750363810756, 31.071409244716477], [70.80792273851627, 31.071403368585443], [70.80791591110737, 31.07104262387602], [70.80833500981264, 31.071036746467374], [70.80832818094608, 31.070676001819667], [70.80874727794786, 31.07067012313346], [70.8087404476237, 31.07030937854748], [70.80915954292202, 31.070303498583748], [70.8091527111403, 31.06994275405955], [70.81040999155587, 31.069925106253482], [70.81041682807906, 31.07028585052764], [70.81083592288532, 31.070279965120633], [70.81084276111207, 31.070640709289858], [70.81126185737577, 31.070634822438638], [70.81127553735962, 31.071356310545593], [70.81085643793482, 31.071362197563626], [70.81086327653084, 31.071722941668177], [70.81044417540235, 31.071728827408737], [70.81043050149458, 31.0710073390113], [70.80875410839498, 31.071030867697868], [70.80876093896502, 31.07139161224074], [70.80834183880212, 31.07139749109353], [70.8083486679145, 31.071758235698134], [70.80792956604806, 31.07176411327332], [70.80793639370273, 31.07212485793964], [70.80751729013276, 31.07213073423718]]]}, "properties": {"direction": "decrease", "areaHa": 3.68, "before": -13.18064022064209, "after": -19.169448852539062, "change": -5.9888081550598145, "clearObservationsBefore": 3.0, "clearObservationsAfter": 2.0, "centroid": [70.80954392326483, 31.070870740447866]}}, {"type": "Feature", "id": 194, "geometry": {"type": "Polygon", "coordinates": [[[70.8071155207847, 30.895322350664934], [70.8071087437171, 30.894961595955465], [70.80669041356248, 30.894967439557114], [70.8066836381837, 30.894606684743092], [70.80710196677158, 30.89460084122451], [70.80706808387589, 30.892797067247635], [70.80748640450847, 30.892791222793043], [70.80747962672913, 30.89243046801633], [70.80831626449474, 30.892418775219333], [70.80832304540718, 30.892779529829816], [70.80748640450847, 30.892791222793043], [70.80750673857938, 30.893873486994348], [70.80792506378963, 30.893867640939085], [70.80793184362422, 30.894228395546776], [70.80835017027896, 30.89422254805699], [70.80834338887772, 30.89386179353242], [70.80918003868724, 30.893850094664877], [70.80920039265773, 30.894932357675234], [70.80836373344808, 30.89494405704171], [70.80837051521594, 30.89530481150185], [70.8071155207847, 30.895322350664934]]]}, "properties": {"direction": "decrease", "areaHa": 3.68, "before": -13.27445125579834, "after": -17.382226943969727, "change": -4.107773303985596, "clearObservationsBefore": 3.0, "clearObservationsAfter": 2.0, "centroid": [70.80790470992353, 30.89423662283383]}}, {"type": "Feature", "id": 195, "geometry": {"type": "Polygon", "coordinates": [[[70.85353707402695, 30.872293057765237], [70.85352318461642, 30.871571564504656], [70.85394140215763, 30.871565573565228], [70.85390667299824, 30.8697618404629], [70.8543248825909, 30.86975584859946], [70.85429709525846, 30.86831286207084], [70.85471529846772, 30.86830686919834], [70.85468750688074, 30.86686388266609], [70.8551057037071, 30.866857888784693], [70.85509180553623, 30.866136395559845], [70.85550999910863, 30.86613040049912], [70.85552390040817, 30.86685189355342], [70.8551057037071, 30.866857888784693], [70.85514740122566, 30.869022367942325], [70.85472919501258, 30.869028362335253], [70.85477088765276, 30.871192841229124], [70.85435267192668, 30.871198834783513], [70.85435961957366, 30.871559581275687], [70.85394140215763, 30.871565573565228], [70.8539552946977, 30.8722870666554], [70.85353707402695, 30.872293057765237]]]}, "properties": {"direction": "decrease", "areaHa": 3.68, "before": -13.495948791503906, "after": -19.27659797668457, "change": -5.780648708343506, "clearObservationsBefore": 3.0, "clearObservationsAfter": 2.0, "centroid": [70.85454505951625, 30.869384029308307]}}, {"type": "Feature", "id": 196, "geometry": {"type": "Polygon", "coordinates": [[[70.92603861934671, 30.857883204890616], [70.92599534809666, 30.855718810727858], [70.92557721674909, 30.85572503158376], [70.92557000689226, 30.85536429905906], [70.92598813667661, 30.85535807829167], [70.92598092538651, 30.854997345833844], [70.92556279716537, 30.855003566512735], [70.92555558756843, 30.854642833944776], [70.92430120681496, 30.854661487621993], [70.92430841172235, 30.855022220455325], [70.92389028298159, 30.855028435738127], [70.923875876423, 30.854306969873], [70.92471212752199, 30.854294538312057], [70.92470492131119, 30.853933805523894], [70.92554116876438, 30.853921368743933], [70.92553395955727, 30.85356063611105], [70.9259520815259, 30.85355441578611], [70.9259592922961, 30.853915148330504], [70.92637741569783, 30.853908926568106], [70.92645675994429, 30.857876982154572], [70.92603861934671, 30.857883204890616]]]}, "properties": {"direction": "decrease", "areaHa": 3.68, "before": -9.750287055969238, "after": -18.030637741088867, "change": -8.280350685119629, "clearObservationsBefore": 3.0, "clearObservationsAfter": 2.0, "centroid": [70.92566577114195, 30.855151088169542]}}, {"type": "Feature", "id": 197, "geometry": {"type": "Polygon", "coordinates": [[[70.73148395025105, 30.784851377293652], [70.73147748507616, 30.78449060166333], [70.73022387973457, 30.7845073410034], [70.73021095908464, 30.78378578920185], [70.72979309352107, 30.783791366131407], [70.72977371809485, 30.782709038030827], [70.73060943975585, 30.782697883302735], [70.73061590123126, 30.78305865919865], [70.73103376344523, 30.783053079736593], [70.73104668986224, 30.783774631305498], [70.73230028515432, 30.783757884367937], [70.73229381721265, 30.783397108832727], [70.73271168051845, 30.7833915239083], [70.73270521113517, 30.783030748431344], [70.73312307276602, 30.783025162240783], [70.73313601476585, 30.783746713014214], [70.73271815001841, 30.78375229936394], [70.73272461963506, 30.78411307479826], [70.73230675321265, 30.784118659881827], [70.73231322138763, 30.78447943537439], [70.7318953532902, 30.784485019191745], [70.73190182002345, 30.784845794742537], [70.73148395025105, 30.784851377293652]]]}, "properties": {"direction": "decrease", "areaHa": 3.68, "before": -10.701150894165039, "after": -18.1256103515625, "change": -7.4244585037231445, "clearObservationsBefore": 3.0, "clearObservationsAfter": 2.0, "centroid": [70.73121914772251, 30.783764481889605]}}, {"type": "Feature", "id": 198, "geometry": {"type": "Polygon", "coordinates": [[[70.83663696636529, 31.234455164859103], [70.83662998588913, 31.23409443506163], [70.83579036546939, 31.234106428428845], [70.83578338830544, 31.233745698440288], [70.83536357950074, 31.23375169298495], [70.83534265354155, 31.232669502635332], [70.8361822614657, 31.23265751268462], [70.83618923984655, 31.233018242653465], [70.83828826542694, 31.232988243387698], [70.83830223849819, 31.233709702412874], [70.83788243044663, 31.233715705174525], [70.83788941557734, 31.234076434739404], [70.83704979591074, 31.234088436323738], [70.8370567779803, 31.234449166036473], [70.83663696636529, 31.234455164859103]]]}, "properties": {"direction": "decrease", "areaHa": 3.52, "before": -7.687809467315674, "after": -17.698211669921875, "change": -10.010400772094727, "clearObservationsBefore": 3.0, "clearObservationsAfter": 2.0, "centroid": [70.83673274059348, 31.23348611507023]}}, {"type": "Feature", "id": 199, "geometry": {"type": "Polygon", "coordinates": [[[70.81165443711515, 31.22362388357031], [70.81164755448972, 31.223263148137463], [70.81080801813137, 31.223274974716087], [70.81078050160758, 31.221832032100185], [70.81120026347843, 31.221826119829515], [70.81119338306426, 31.221465384205022], [70.81161314321893, 31.22145947064897], [70.81162002522557, 31.221820206189907], [70.81245954834854, 31.221808374803928], [70.81247331910313, 31.222529845486633], [70.81289308366394, 31.222523927573043], [70.81291374550221, 31.223606133184095], [70.81165443711515, 31.22362388357031]]]}, "properties": {"direction": "decrease", "areaHa": 3.52, "before": -14.205626487731934, "after": -20.675230026245117, "change": -6.469605922698975, "clearObservationsBefore": 3.0, "clearObservationsAfter": 2.0, "centroid": [70.81180770352385, 31.222654037902338]}}, {"type": "Feature", "id": 200, "geometry": {"type": "Polygon", "coordinates": [[[70.80193360212185, 31.19814127697395], [70.801926763272, 31.197780538173625], [70.80150710544468, 31.197786416128487], [70.80150026830843, 31.19742567722349], [70.80108061194875, 31.19743155372762], [70.80106694122624, 31.196710075686706], [70.80064728792476, 31.196715950657108], [70.80064045433842, 31.19635521152122], [70.80147975763742, 31.19634346037891], [70.801472920993, 31.195982721387526], [70.80189257086761, 31.19597684384807], [70.8018994091025, 31.196337582756367], [70.80273871166366, 31.19632582340855], [70.80275239486451, 31.19704730082792], [70.8031720491416, 31.197041418936358], [70.80319257963751, 31.198123634654014], [70.80193360212185, 31.19814127697395]]]}, "properties": {"direction": "decrease", "areaHa": 3.52, "before": -10.965237617492676, "after": -19.5041561126709, "change": -8.538921356201172, "clearObservationsBefore": 3.0, "clearObservationsAfter": 2.0, "centroid": [70.80206693378399, 31.19712251240966]}}], "totalRegions": 495, "truncated": true, "earthpulse": {"id": "EP-2026-INDUSATLAYYAH-A6624", "softwareVersion": "0.1.1", "valueKind": "DERIVED", "provenance": {"provider": {"id": "planetary-computer", "name": "Microsoft Planetary Computer", "observed": true}, "dataset": {"id": "sentinel1", "name": "Sentinel-1 Radiometrically Terrain Corrected", "provider": "ESA / Copernicus; terrain correction by Catalyst for Microsoft", "processing_level": "GRD, radiometrically terrain corrected gamma-nought (linear power)", "resolution_m": 10, "temporal_coverage": "2014 to present", "license": "CC BY 4.0", "attribution": "Contains modified Copernicus Sentinel data, processed by Catalyst", "reference_url": "https://planetarycomputer.microsoft.com/dataset/sentinel-1-rtc", "first_year": 2014, "bands": ["vv", "vh"], "access_date": "2026-10-06"}, "method": "VV backscatter from one relative orbit: the median of the passes before (and after), and the lowest value of the passes in the flood window, which maps the largest extent seen. A pixel is flooded when VV during the flood period is below -17.0 dB, VV before was not, and VV fell by at least 3 dB. Pixels below the threshold before the flood are reported as pre-existing water.", "polarisation": "VV", "relativeOrbit": 5, "orbitState": "descending", "orbitCoverage": {"5": 0.995, "71": 0.992, "173": 0.054}, "threshold": {"valueDb": -17.0, "source": "fallback", "separability": 0.751, "otsuValueDb": -12.46}, "speckleFilter": "none: the working grid already averages many looks", "crs": "EPSG:32642", "nativeResolutionM": 10, "workingResolutionM": 40.0, "gridSize": [980, 1403], "scenes": {"before": [{"id": "S1A_IW_GRDH_1SDV_20220521T011612_20220521T011637_043302_052BCB_rtc", "datetime": "2022-05-21T01:16:25.198760Z", "platform": "SENTINEL-1A", "cloudCover": null, "footprint": "orbit 5", "relativeOrbit": 5, "orbitState": "descending"}, {"id": "S1A_IW_GRDH_1SDV_20220521T011637_20220521T011702_043302_052BCB_rtc", "datetime": "2022-05-21T01:16:50.198967Z", "platform": "SENTINEL-1A", "cloudCover": null, "footprint": "orbit 5", "relativeOrbit": 5, "orbitState": "descending"}, {"id": "S1A_IW_GRDH_1SDV_20220602T011613_20220602T011638_043477_0530F7_rtc", "datetime": "2022-06-02T01:16:26.300580Z", "platform": "SENTINEL-1A", "cloudCover": null, "footprint": "orbit 5", "relativeOrbit": 5, "orbitState": "descending"}, {"id": "S1A_IW_GRDH_1SDV_20220602T011638_20220602T011703_043477_0530F7_rtc", "datetime": "2022-06-02T01:16:51.300786Z", "platform": "SENTINEL-1A", "cloudCover": null, "footprint": "orbit 5", "relativeOrbit": 5, "orbitState": "descending"}, {"id": "S1A_IW_GRDH_1SDV_20220614T011614_20220614T011639_043652_05362B_rtc", "datetime": "2022-06-14T01:16:26.989624Z", "platform": "SENTINEL-1A", "cloudCover": null, "footprint": "orbit 5", "relativeOrbit": 5, "orbitState": "descending"}, {"id": "S1A_IW_GRDH_1SDV_20220614T011639_20220614T011704_043652_05362B_rtc", "datetime": "2022-06-14T01:16:51.989839Z", "platform": "SENTINEL-1A", "cloudCover": null, "footprint": "orbit 5", "relativeOrbit": 5, "orbitState": "descending"}], "flood": [{"id": "S1A_IW_GRDH_1SDV_20220825T011618_20220825T011643_044702_055646_rtc", "datetime": "2022-08-25T01:16:31.147509Z", "platform": "SENTINEL-1A", "cloudCover": null, "footprint": "orbit 5", "relativeOrbit": 5, "orbitState": "descending"}, {"id": "S1A_IW_GRDH_1SDV_20220825T011643_20220825T011708_044702_055646_rtc", "datetime": "2022-08-25T01:16:56.147726Z", "platform": "SENTINEL-1A", "cloudCover": null, "footprint": "orbit 5", "relativeOrbit": 5, "orbitState": "descending"}, {"id": "S1A_IW_GRDH_1SDV_20220906T011619_20220906T011644_044877_055C32_rtc", "datetime": "2022-09-06T01:16:32.160355Z", "platform": "SENTINEL-1A", "cloudCover": null, "footprint": "orbit 5", "relativeOrbit": 5, "orbitState": "descending"}, {"id": "S1A_IW_GRDH_1SDV_20220906T011644_20220906T011709_044877_055C32_rtc", "datetime": "2022-09-06T01:16:57.159751Z", "platform": "SENTINEL-1A", "cloudCover": null, "footprint": "orbit 5", "relativeOrbit": 5, "orbitState": "descending"}], "after": [{"id": "S1A_IW_GRDH_1SDV_20221105T011619_20221105T011644_045752_0578E5_rtc", "datetime": "2022-11-05T01:16:32.232518Z", "platform": "SENTINEL-1A", "cloudCover": null, "footprint": "orbit 5", "relativeOrbit": 5, "orbitState": "descending"}, {"id": "S1A_IW_GRDH_1SDV_20221105T011644_20221105T011709_045752_0578E5_rtc", "datetime": "2022-11-05T01:16:57.232205Z", "platform": "SENTINEL-1A", "cloudCover": null, "footprint": "orbit 5", "relativeOrbit": 5, "orbitState": "descending"}, {"id": "S1A_IW_GRDH_1SDV_20221117T011619_20221117T011644_045927_057ED1_rtc", "datetime": "2022-11-17T01:16:31.943721Z", "platform": "SENTINEL-1A", "cloudCover": null, "footprint": "orbit 5", "relativeOrbit": 5, "orbitState": "descending"}, {"id": "S1A_IW_GRDH_1SDV_20221117T011644_20221117T011709_045927_057ED1_rtc", "datetime": "2022-11-17T01:16:56.944199Z", "platform": "SENTINEL-1A", "cloudCover": null, "footprint": "orbit 5", "relativeOrbit": 5, "orbitState": "descending"}, {"id": "S1A_IW_GRDH_1SDV_20221129T011619_20221129T011644_046102_0584BD_rtc", "datetime": "2022-11-29T01:16:31.797457Z", "platform": "SENTINEL-1A", "cloudCover": null, "footprint": "orbit 5", "relativeOrbit": 5, "orbitState": "descending"}, {"id": "S1A_IW_GRDH_1SDV_20221129T011644_20221129T011709_046102_0584BD_rtc", "datetime": "2022-11-29T01:16:56.797151Z", "platform": "SENTINEL-1A", "cloudCover": null, "footprint": "orbit 5", "relativeOrbit": 5, "orbitState": "descending"}]}, "landCover": {"name": "ESA WorldCover 2021 v200", "provider": "ESA / VITO", "resolution_m": 10, "license": "CC BY 4.0", "reference_url": "https://esa-worldcover.org/", "attribution": "\u00a9 ESA WorldCover project 2021 / Contains modified Copernicus Sentinel data"}, "uncertainty": "No accuracy assessment has been made against ground or optical reference data. Known error sources: wind-roughened water is missed; smooth dry surfaces and radar shadow can be mistaken for water; water under vegetation or between buildings is not detected, so flooding in dense crops and built-up areas is underestimated. thresholdSensitivity shows the effect of a 1 dB threshold error."}, "summary": {"aoiAreaHa": 211769.63391148072, "analysedAreaHa": 211771.2, "validFraction": 1.0, "floodedAreaHa": 4734.24, "floodedPercent": 2.23554477662685, "preExistingWaterHa": 8474.56, "waterExtentDuringFloodHa": 12062.72, "thresholdDb": -17.0, "minDropDb": 3.0, "thresholdSensitivity": [{"thresholdDb": -18.0, "floodedAreaHa": 3624.64}, {"thresholdDb": -16.0, "floodedAreaHa": 6312.8}], "passes": {"before": 3, "flood": 2, "after": 3}, "recession": {"stillWaterHa": 1875.68, "recededHa": 2858.56, "notObservedHa": 0.0}}, "warnings": ["The backscatter histogram did not separate water from land clearly (Otsu separability 0.751), so a fixed threshold of -17 dB was used. This usually means water covers only a small share of the area. Check the result against the radar images.", "The flooded area changes by more than half when the threshold moves by 1 dB either way. Treat the total as approximate."]}}